http://www.armiarma.eus/emailuok	ASTEAZKENA:1 OSORIK:6 LITERATURA:7 ANTZERKIA:2 ARMIARMA:2 LIBURU:2 BERTSO:1 ETA:47 TEATRO:1 ZALDI:1 ERO:1 EUSKAL:2 ASTEROKO:1 AGENDA:2 IRAILA:25 ABUZTUA:25 UZTAILA:25 EKAINA:25 MAIATZA:25 APIRILA:25 MARTXOA:25 OTSAILA:25 URTARRILA:25 ABENDUA:24 AZAROA:24 URRIA:24 IRA:5 POEMA:20 AMAIERA:2 GARAI:3 OSO:1 DIRA:4 EDO:3 MAILA:1 IZAN:9 ARI:1 DOINU:1 DARIO:1 BIHAR:1 DANTZA:1 BAINA:1 JOERA:1 ERE:11 BAI:1 JAIO:8 ZEN:29 IDAZLE:7 BAT:12 LANA:1 LAN:4 EGIN:2 ZUEN:20 BETI:3 LEHEN:6 GAIN:2 BESTE:6 HIRU:2 EKARRI:4 ZIZKION:2 REN:8 POETA:8 BERE:14 HERRIKO:1 BIHURTU:1 KOMUNISTA:2 UTZI:3 AGERTU:1 BEDERATZI:1 ZITUEN:10 ERRUSIAR:1 AHOTS:2 ENA:1 GAUR:2 URTE:9 GORA:1 ALDIZKARI:1 DAITEZKE:3 EUSKARAZ:7 MAIATZ:2 ESTATU:1 GIZONA:1 HIL:16 LOTU:1 ZITZAION:2 BORROKA:1 INDEPENDENTZIA:1 LORTU:1 HAUTATU:1 ZUTEN:2 LEHENDAKARI:1 LEHENDABIZI:1 LINTERNA:1 BEGO:1 ZITUZTEN:1 HEMEN:4 DITUZU:1 FALTA:1 ABIATU:1 ITZULI:4 LANDA:2 HAREN:7 BIKAINA:1 ABU:10 DUELA:4 BURUAZ:1 BIZITZA:1 BIZI:2 GERRA:2 BANAKETA:1 SEMEAREN:1 AURRE:1 ZEUKAN:1 NON:1 ASKATASUN:1 AMETS:1 BERAREN:1 ELEBERRI:1 DAITEKE:2 ENE:1 ANAIA:1 IGELA:1 ITZULTZAILE:2 BEREZIKI:3 BUKAERAREN:1 ZEIN:1 LUZE:1 EDERRA:3 RENE:2 BETE:2 HEGO:1 MUGIMENDU:1 EROS:1 TREN:1 BATEAN:2 URREZKO:1 IZEN:4 HANDIEN:1 ARTEAN:1 IDATZI:2 IDAZLEAK:2 ZEKARREN:1 ZIOTEN:1 IKER:1 ELKAR:1 IPUIN:1 ORAIN:1 POLITIKARI:1 KAZETARI:1 JARDUN:1 ZUZENDARI:1 REKIN:1 BATERA:2 HAMAIKA:1 BERRI:1 BATEZ:1 DIZKIZUEGU:1 GIBEL:1 HANDI:2 ARTE:1 BILDU:3 DITUGU:1 ZAZPI:2 SARRERA:1 ZITUZKEEN:1 BELTZAREN:1 SEMEA:1 ALDARRIKATU:1 GORDIN:1 BATI:1 ERAKUTSI:1 ZAION:1 SURREALISTA:1 LITEKE:1 IZUGARRI:1 HASI:1 ASKO:1 NEW:1 LUIS:1 BAITA:1 DITUZTE:1 EGUN:1 NOBEL:2 JASO:2 ALKOHOLA:1 BERRIZ:2 ORRIALDE:1 GENITUEN:1 HOGEI:1 IDAZLEA:2 EUREN:1 KULTUR:1 HIZKUNTZA:2 BEREN:1 KULTURA:2 ALDARRI:1 MAY:2 HAMASEI:1 AMA:1 ALEMANIAR:1 AITA:1 ALABA:1 HORIXE:1 GAI:1 HORI:2 DUTE:1 DION:1 DATOZEN:1 GUZTIAK:1 HERIOTZA:1 BISITA:1 HADI:1 RIBA:1 DEATH:1 THE:1 AFTERNOON:1 ZURE:1 ARNASA:1 BALDA:1 JON:1 BAZEN:1 MAITE:1 LAS:1 ETXE:1 ARROTZ:1 HAU:1 GATAZKA:1 GAUZA:1 BERA:1 LAURA:1
http://www.armiarma.eus/emailuok/?p=4450	BIZI:3 NAIZ:3 ASTEAZKENA:1 OSORIK:2 LITERATURA:3 ANTZERKIA:1 ARMIARMA:1 LIBURU:1 BERTSO:1 ETA:5 TEATRO:1 ZALDI:1 ERO:1 EUSKAL:1 ASTEROKO:1 AGENDA:3 IRAILA:25 ABUZTUA:25 UZTAILA:25 EKAINA:25 MAIATZA:25 APIRILA:25 MARTXOA:25 OTSAILA:25 URTARRILA:25 ABENDUA:24 AZAROA:24 URRIA:24 EGINGO:1 OSTEGUNA:1 KULTUR:1 ETXEAN:1 DATOZEN:1 GUZTIAK:1 BERE:1 HERIOTZA:1 BISITA:1 HADI:1 JAIO:7 ZEN:16 HIL:8 RIBA:1 REN:1 DEATH:1 THE:1 AFTERNOON:1 ZURE:1 ARNASA:1 BALDA:1 JON:1 BAZEN:1 MAITE:1 LAS:1 HEMEN:1 ETXE:1 ARROTZ:1 HAU:1 GATAZKA:1 DIRA:1 GAUZA:1 BERA:1 LAURA:1
https://zientzia.eus/argazki-galeriak/mirarizko-irudiak-mikroskopioaren-argira/	ZIENTZIA:1 BIZITZA:5 BIOLOGIA:2 JOAN:5 KLIMA:2 LURRA:2 URA:3 ENERGIA:2 TEKNOLOGIA:4 INGENIARITZA:2 ZIENTZIAK:2 HEZKUNTZA:4 FISIKA:2 KIMIKA:2 MATEMATIKA:2 ASTRONOMIA:2 GAI:2 JARRAITU:2 ZURE:3 ETXEAN:1 JASO:2 NAHI:1 DUZU:1 GURI:1 BURUZ:1 NOR:3 GARA:2 POLITIKA:2 VOUS:1 CONTENT:1 YOU:1 WANT:1 CONTINUE:1 YES:1 ITZULPEN:1 FRANCAIS:1 ARGAZKI:3 ENTZUN:1 SAGU:2 BATEN:4 ZELULA:3 ETA:12 WORLD:1 LEHENENGO:1 IRABAZI:2 DUTE:2 GARBI:1 IKUSTEN:1 DIRA:3 ZUZEN:1 ERE:3 ARI:2 GAIXOTASUN:1 NOLA:1 BEREZIKI:1 SARE:2 GISA:1 FROGATU:1 FUNTSEZKO:1 DUELA:1 HORREN:1 JOURNAL:1 ZUTEN:1 HIRU:2 HILABETE:1 INGURU:1 BEHAR:1 IZAN:1 ZITUZTEN:1 EGITURA:1 GUZTIAK:1 ONDO:1 IKUS:1 ZITEZEN:1 GERO:1 BOST:1 UTZI:1 ONDOREN:1 EGON:1 ZIREN:2 BEGIRA:1 GUNE:1 UNE:1 ARTE:1 IRUDI:1 HONEK:1 BAINA:1 BESTE:1 NABARMENDU:1 DITU:1 INTSEKTU:1 URREZKO:1 ERREPUBLIKA:1 EULI:1 BEGI:1 ARMIARMA:1 GOROLDIO:1 BAT:1 OLAGARRO:1 OCTOPUS:1 GURE:1 ASTEROKO:1 SARRERA:1 HONETATIK:1 BALIABIDE:1 BAITA:1 DAUDE:1 COPYRIGHT:1
https://zientzia.eus/argazki-galeriak/bizia-argazkitan/	ZIENTZIA:1 BIZITZA:5 BIOLOGIA:2 JOAN:5 KLIMA:2 LURRA:2 URA:3 ENERGIA:3 TEKNOLOGIA:4 INGENIARITZA:2 ZIENTZIAK:2 HEZKUNTZA:4 FISIKA:2 KIMIKA:2 MATEMATIKA:2 ASTRONOMIA:2 GAI:2 JARRAITU:2 ZURE:3 ETXEAN:1 JASO:3 NAHI:1 DUZU:1 GURI:1 BURUZ:1 NOR:3 GARA:2 POLITIKA:2 VOUS:1 CONTENT:1 YOU:1 WANT:1 CONTINUE:1 YES:1 ITZULPEN:1 FRANCAIS:1 ARGAZKI:6 ENTZUN:1 AZPIAN:1 ZAPABURU:1 SALDO:1 BAT:4 DABIL:1 IGERIAN:1 IHESI:1 AZALEKO:1 IRITSI:1 HAN:1 ARGAZKILARI:1 ZITUEN:1 LAKE:1 ARTEAN:1 HORREK:2 ASKO:1 HORRELA:1 LORTU:1 ZUEN:7 EDER:1 HAU:2 ETA:11 IRABAZI:1 THE:8 YEAR:6 NABARMENDU:2 DITU:2 HONEN:1 BIKAIN:1 AZPIMARRATU:1 DUTE:3 DUELA:1 ERE:5 BESTE:2 BATZUK:3 IZAN:1 ZAIN:1 WATCH:1 FAMILIA:2 ATZEAN:1 HAIZE:1 NOLA:1 EDO:1 HALA:1 ASTEBETE:1 EMAN:1 HONI:1 BASO:1 BARRENA:1 OINATZ:1 NON:1 ZEUDEN:1 ERAKUTSI:1 ZIOTEN:1 ARTE:1 EUTSI:1 ZION:1 EGINGO:1 BORROKA:1 OREIN:1 URETAN:1 FORMA:1 ARRARO:1 BEGIRATU:1 EZAGUTU:1 ANAKONDA:1 HORI:1 BATEN:3 ARI:2 ZIREN:1 BAITA:2 HAZI:1 AHALA:1 EUREN:1 AUKERA:1 DIRA:2 INURRI:1 KAKALARDO:1 NOLAKO:1 ZATITU:1 ZUTEN:2 DESEGIN:1 MINUTU:1 EGON:1 ONDOREN:1 BUKATU:1 BERAK:1 PLASTIKO:1 DIETA:1 HEGAZTI:1 EGIN:1 LANA:1 TALDE:1 MUNDU:1 OSOKO:1 IKUSI:1 HIRU:1 LIFE:1 GURE:1 ASTEROKO:1 SARRERA:1 HONETATIK:1 BALIABIDE:1 DAUDE:1 COPYRIGHT:1
https://zientzia.eus/argazki-galeriak/garunaren-milimetro-kubikoa/	BAT:11 ZIENTZIA:1 BIZITZA:5 BIOLOGIA:2 JOAN:6 KLIMA:2 LURRA:2 URA:3 ENERGIA:2 TEKNOLOGIA:4 INGENIARITZA:2 ZIENTZIAK:2 HEZKUNTZA:4 FISIKA:2 KIMIKA:2 MATEMATIKA:2 ASTRONOMIA:2 GAI:2 JARRAITU:2 ZURE:3 ETXEAN:1 JASO:2 NAHI:1 DUZU:1 GURI:1 BURUZ:1 NOR:3 GARA:2 POLITIKA:2 VOUS:1 CONTENT:1 YOU:1 WANT:1 CONTINUE:1 YES:1 ITZULPEN:1 FRANCAIS:1 ARGAZKI:2 ENTZUN:1 BATEN:2 EDO:4 MAPA:1 ZUTEN:2 ETA:31 BAINO:1 BAINA:1 INOIZ:2 EGIN:1 MAPARIK:1 IZAN:2 ERE:2 XEHETASUNEZ:1 DITU:2 GARUN:1 ZELULA:4 GUZTIAK:4 HAIEN:1 MODUKO:1 GUZTIRA:1 ADIMEN:1 LORTU:1 ORAIN:1 ARTE:1 IKUSI:2 EGITURAK:1 AURKITU:1 ZITUZTEN:1 HALA:1 NOLA:1 ZUEN:1 GAIXO:1 ZEN:1 DAUDE:3 EGITURA:2 GABE:1 ISPILU:2 BESTE:3 TALDE:1 EGITEN:1 DUTE:2 IRUDI:3 HONETAN:3 BIKOTE:1 BEREZIKI:1 IKUSTEN:2 BERGER:7 HONETAKO:1 DIRA:7 HARI:2 OSO:1 ZIREN:1 BATZUETAN:1 ZEUDEN:1 HONEK:1 MAILA:1 DITUZTE:2 ARABERA:3 BAKAR:4 DAUDEN:1 GURE:1 ASTEROKO:1 SARRERA:1 HONETATIK:1 BALIABIDE:1 BAITA:1 COPYRIGHT:1
https://zientzia.eus/argazki-galeriak/mikrobegiradak/	ZIENTZIA:1 BIZITZA:5 BIOLOGIA:2 JOAN:5 KLIMA:2 LURRA:2 URA:3 ENERGIA:2 TEKNOLOGIA:4 INGENIARITZA:2 ZIENTZIAK:2 HEZKUNTZA:4 FISIKA:2 KIMIKA:2 MATEMATIKA:2 ASTRONOMIA:2 GAI:2 JARRAITU:2 ZURE:3 ETXEAN:1 JASO:2 NAHI:1 DUZU:1 GURI:1 BURUZ:1 NOR:3 GARA:2 POLITIKA:2 VOUS:1 CONTENT:1 YOU:1 WANT:1 CONTINUE:1 YES:1 ITZULPEN:1 FRANCAIS:1 ARGAZKI:2 ENTZUN:1 IRUDI:2 HONEK:1 IRABAZI:1 ZUEN:2 WORLD:7 BATEN:4 BURUA:2 ETA:10 ODOL:2 DIRA:2 GAIN:2 ZUZEN:1 ERE:4 HORIXE:1 DUTE:1 EYE:1 BOST:1 BATEK:1 IZATEN:1 HORI:1 AZUKRE:1 MAILA:1 KALTE:1 EGITEN:1 DIE:1 ALDEKO:1 HORREK:1 IKUSMEN:2 EDO:1 ERAGIN:2 DEZAKE:2 OSO:1 IZAN:1 AZALDU:1 HARTU:1 NUEN:1 HONETAN:1 BESTE:1 NABARMENDU:1 DITU:1 BATZUK:1 EKARRI:1 DITUGU:1 PERRETXIKO:1 LANDARE:1 ANGEL:1 GURE:1 ASTEROKO:1 SARRERA:1 HONETATIK:1 BALIABIDE:1 BAITA:1 DAUDE:1 COPYRIGHT:1
https://zientzia.eus/argazki-galeriak/basabizitza-urre-kolorez/	URRE:4 ZIENTZIA:1 BIZITZA:5 BIOLOGIA:2 JOAN:5 KLIMA:2 LURRA:2 URA:3 ENERGIA:2 TEKNOLOGIA:4 INGENIARITZA:2 ZIENTZIAK:2 HEZKUNTZA:4 FISIKA:2 KIMIKA:2 MATEMATIKA:2 ASTRONOMIA:2 GAI:2 JARRAITU:2 ZURE:3 ETXEAN:1 JASO:2 NAHI:1 DUZU:1 GURI:1 BURUZ:1 NOR:3 GARA:3 POLITIKA:2 VOUS:1 CONTENT:1 YOU:1 WANT:1 CONTINUE:1 YES:1 ITZULPEN:1 FRANCAIS:1 ARGAZKI:6 ENTZUN:1 KARRAMARRO:1 BAT:7 DABIL:1 HAREN:3 DOA:1 ARRAIN:1 BAINA:2 ORAIN:1 DITU:4 BESTE:2 BAI:2 ETA:12 ODOL:1 OSO:2 HAN:1 ATERA:1 ZUEN:2 HAU:2 BALLESTA:2 BIOLOGO:1 IZAN:4 THE:9 YEAR:6 ESAN:1 BERE:2 BIZI:1 MODU:1 ESPEZIE:1 IKUSTEN:1 ARI:3 BAITA:2 ERE:4 DAUDE:3 UTZI:1 DIZKIGUN:1 EDER:1 BATZUK:2 TRENA:1 LITEKE:2 HELBURU:1 GOBERNUAK:1 DIZKIO:1 HEGO:1 GUNE:1 HERRI:1 DIE:1 EGITEN:2 IBILI:1 ZEN:1 HORRELA:1 LORTU:1 DIRA:3 SORTU:1 TXAKURRA:1 SNAKE:1 SHOW:1 HEGAZTI:1 HAUEK:1 ADI:2 BEGIRA:1 HIRU:1 GORA:1 OTORDU:1 ARGI:1 BASO:1 BILDU:1 ZITUEN:1 HASTEN:1 BAINO:1 HANDITU:1 AHALA:1 DITUZTE:1 BATEN:1 URREZKO:1 GOLDEN:1 GURE:1 ASTEROKO:1 SARRERA:1 HONETATIK:1 BALIABIDE:1 COPYRIGHT:1
https://zientzia.eus/argazki-galeriak/airetik-ikusmiran/	ZIENTZIA:1 BIZITZA:5 BIOLOGIA:2 JOAN:5 KLIMA:2 LURRA:2 URA:3 ENERGIA:2 TEKNOLOGIA:4 INGENIARITZA:2 ZIENTZIAK:2 HEZKUNTZA:4 FISIKA:2 KIMIKA:2 MATEMATIKA:2 ASTRONOMIA:2 GAI:2 JARRAITU:2 ZURE:3 ETXEAN:1 JASO:2 NAHI:1 DUZU:1 GURI:1 BURUZ:1 NOR:3 GARA:2 POLITIKA:2 VOUS:1 CONTENT:1 YOU:1 WANT:1 CONTINUE:1 YES:1 ITZULPEN:1 FRANCAIS:1 ARGAZKI:3 ENTZUN:1 DESBERDIN:1 IKUSTEN:1 GAUZA:1 ASKO:1 ALDATZEN:1 DIRA:4 BAT:3 HORIXE:1 EGITEN:2 DUTE:2 ZUZEN:1 ERE:2 ARTE:1 ETA:9 EDOZEIN:1 EDO:2 LITEKE:1 IZAN:1 BATZUK:1 EKARRI:1 DITUGU:1 GOLD:2 PINGUINO:1 PUTZU:1 BATEN:3 DAUDE:2 ARI:1 EZIN:1 URETAN:1 SARTU:1 EUREN:1 BITARTEAN:2 AHAL:1 DOA:1 THE:2 SHOW:1 MARRUBI:1 EGUN:1 HANDI:1 GORTINA:1 BEZALA:1 HURBIL:1 GUY:1 ZULO:1 DITUZTE:1 HAIZE:1 HERRIA:1 IRAILA:1 URRIA:1 LORE:1 OSOA:1 HERRI:1 FORMA:1 HARTZ:1 ARRE:1 BUFALO:1 TALDE:1 EGUERDI:1 EGUZKITSU:1 BATEAN:2 URMAEL:1 GURE:1 ASTEROKO:1 SARRERA:1 HONETATIK:1 BALIABIDE:1 BAITA:1 COPYRIGHT:1
https://zientzia.eus/argazki-galeriak/balearen-begia/	BALEAREN:6 ZIENTZIA:1 BIZITZA:5 BIOLOGIA:3 JOAN:5 KLIMA:2 LURRA:2 URA:3 ENERGIA:2 TEKNOLOGIA:4 INGENIARITZA:2 ZIENTZIAK:2 HEZKUNTZA:4 FISIKA:2 KIMIKA:2 MATEMATIKA:2 ASTRONOMIA:2 GAI:2 JARRAITU:3 ZURE:3 ETXEAN:1 JASO:2 NAHI:3 DUZU:1 GURI:1 BURUZ:1 NOR:3 GARA:2 POLITIKA:2 VOUS:1 CONTENT:1 YOU:1 WANT:1 CONTINUE:1 YES:1 ITZULPEN:1 FRANCAIS:1 ARGAZKI:2 ENTZUN:1 EKARRI:2 ZUEN:3 METRO:1 ETA:32 BAT:11 AGERTU:1 ZEN:3 JAKIN:2 BESTE:5 BALEA:4 HAREN:1 REN:1 DARAMATZATE:1 ANIMALIA:1 BAINA:2 LEHENENGO:2 ALDIA:1 BATEN:2 AUKERA:4 HIL:1 BERRIA:1 OSO:6 GERTU:1 BEGI:3 ZITZAION:1 EGOERA:2 ZEGOEN:2 ZEUDEN:1 ARTEAN:2 ZUTEN:9 SARTU:1 LORTU:2 BAINO:4 IKUSI:4 NAHIKO:1 BERAZ:1 XEHETASUN:2 IKUSIKO:2 IKUSTEN:1 ZURI:1 DUTE:6 ONGI:2 NOIZ:2 GAUA:1 EGUNA:1 ZELULA:2 BALEEN:3 DIRA:8 LITEZKE:1 NOLA:1 IZAN:1 BATERA:1 JARRI:2 BATEK:2 BIGARREN:1 HARTAN:1 ERE:8 GUZTIA:1 GAIN:1 ZITUZTEN:1 AHAL:2 ZEIN:1 EDERRAK:1 ZIREN:1 ERAKUSKETA:3 ERABAKI:1 GARRANTZI:1 EMAN:1 DIOTE:1 IKUSMEN:1 BEHAR:5 BEZALA:2 DEZATEN:1 ASKO:2 ONDO:1 DITUZTE:6 UKITU:1 AZALPEN:1 IDATZI:1 IRUDI:2 BAKOITZA:1 BADAGO:1 BARRENA:1 BAI:1 ARI:1 EGITEN:3 HIRU:1 SORTU:1 ORRI:1 HAUETAN:1 BATZUK:2 IKUS:1 DITZAKEZUE:1 BERA:1 ARTE:1 GORPUTZ:6 DAGO:4 PUNTU:1 LIKIDO:2 HORREK:2 DITU:1 EDO:2 HANDITU:1 ERAGIN:1 DEZAKE:1 HORIXE:1 ZUZEN:1 MOTA:1 EHUN:1 SARE:1 ITSASO:1 HUSTU:1 ATZERA:1 HURA:1 BALEAK:1 BERRIZ:1 FUN:1 EGITURA:1 INFORMAZIO:1 OXIGENO:1 ODOL:1 GURE:1 ASTEROKO:1 SARRERA:1 HONETATIK:1 BALIABIDE:1 BAITA:1 DAUDE:1 COPYRIGHT:1
https://zientzia.eus/argazki-galeriak/mikroskopiopekoak-partekatzen/	ZIENTZIA:1 BIZITZA:5 BIOLOGIA:2 JOAN:5 KLIMA:2 LURRA:2 URA:3 ENERGIA:2 TEKNOLOGIA:4 INGENIARITZA:2 ZIENTZIAK:2 HEZKUNTZA:4 FISIKA:2 KIMIKA:2 MATEMATIKA:2 ASTRONOMIA:2 GAI:2 JARRAITU:2 ZURE:3 ETXEAN:1 JASO:2 NAHI:1 DUZU:1 GURI:1 BURUZ:1 NOR:3 GARA:2 POLITIKA:2 VOUS:1 CONTENT:1 YOU:1 WANT:1 CONTINUE:1 YES:1 ITZULPEN:1 FRANCAIS:1 ARGAZKI:2 ENTZUN:1 ESKU:1 HAU:2 BATEN:3 HORI:2 DIO:2 EGUN:1 BEHAR:1 IZAN:1 ZITUEN:1 EGIN:1 ZUEN:1 LAN:1 ETA:7 WORLD:2 IRABAZI:1 ZUTEN:1 IRUDI:3 ZIAN:1 KOLORE:1 ODOL:1 EDERRA:1 BAI:1 IKUSPEGI:1 OROKOR:1 GISA:1 BAITA:3 JAKIN:1 BAT:2 ERE:4 EGITURAK:1 MAILA:2 NOLA:1 DAUDEN:1 AUKERA:1 BIKAINA:1 ZEIN:1 BAKARRIK:1 ZIENTIFIKO:1 GAIN:1 BESTE:1 NABARMENDU:1 DITU:1 BATZUK:1 EKARRI:1 DITUGU:1 EULI:1 KAKALARDO:1 TIGRE:1 ZELULA:1 BATEAN:1 GURE:1 ASTEROKO:1 SARRERA:1 HONETATIK:1 DIRA:1 BALIABIDE:1 DAUDE:1 COPYRIGHT:1
https://zientzia.eus/argazki-galeriak/australiako-koral-hesia/	KORAL:9 ZIENTZIA:1 BIZITZA:4 BIOLOGIA:1 JOAN:5 KLIMA:1 LURRA:1 URA:1 ENERGIA:1 TEKNOLOGIA:3 INGENIARITZA:1 ZIENTZIAK:2 HEZKUNTZA:3 FISIKA:1 KIMIKA:1 MATEMATIKA:1 ASTRONOMIA:1 GAI:2 JARRAITU:2 ZURE:5 ETXEAN:1 JASO:3 NAHI:1 DUZU:1 GURI:1 BURUZ:1 NOR:3 GARA:2 POLITIKA:2 VOUS:1 CONTENT:1 YOU:1 WANT:1 CONTINUE:1 YES:1 ITZULPEN:1 FRANCAIS:1 ENTZUN:2 DAGO:1 IPAR:1 ETA:11 DAGOEN:2 HONEN:1 LILURAGARRIA:1 DIRUDI:1 SAKONERA:1 ESKER:2 ERRAZ:1 ZAIO:1 JAIO:1 BIZI:1 DUTE:1 IZAKI:1 ANIMALIA:1 BAT:2 BAINA:1 HARTU:1 BERE:2 HORRI:1 DITU:2 ITXURA:1 EGITURA:2 HAREN:1 EGITURAK:1 IRAUN:1 EGITEN:1 BESTE:1 DITUZTE:1 PROZESU:1 HORREN:1 DIRA:3 LUZE:1 ARRAIN:1 ESPEZIE:1 EDERRA:1 DUELA:1 ARTE:1 IZAN:1 GUNE:1 DAGOENEKO:1 ORAIN:1 BERRIZ:1 ETSAI:1 NAGUSI:1 OSO:1 HERIOTZA:1 BATEN:1 ASTEROKO:2 SARRERA:2 EUSKAL:1 HORRELA:1 KOROA:2 AZKEN:1 EGUZKI:1 IKUSI:1 PROGRAMA:1 GUZTIAK:1 IRA:1 MAR:1 ABE:1 HONETATIK:1 BALIABIDE:1 ARGAZKI:1 BAITA:1 ERE:1 DAUDE:1 COPYRIGHT:1
https://zientzia.eus/argazki-galeriak/las-medulas-urrearen-indarra/	LAS:4 URREAREN:2 ZIENTZIA:1 BIZITZA:4 BIOLOGIA:1 JOAN:5 KLIMA:1 LURRA:3 URA:2 ENERGIA:1 TEKNOLOGIA:3 INGENIARITZA:1 ZIENTZIAK:2 HEZKUNTZA:3 FISIKA:1 KIMIKA:1 MATEMATIKA:1 ASTRONOMIA:1 GAI:2 JARRAITU:2 ZURE:5 ETXEAN:1 JASO:3 NAHI:1 DUZU:1 GURI:1 BURUZ:1 NOR:3 GARA:2 POLITIKA:2 VOUS:1 CONTENT:1 YOU:1 WANT:1 CONTINUE:1 YES:1 ITZULPEN:1 FRANCAIS:1 ENTZUN:2 LEON:1 URRE:2 IZAN:1 ZEN:2 HORRI:1 ZOR:1 DIO:2 ITXURA:1 ERABILI:1 ZUTEN:4 URREA:2 MENDIETATIK:1 SARE:1 ZABAL:1 BATEN:1 HURA:1 BAT:2 BATEAN:1 ETA:13 MENDIA:1 IZAKI:1 EGITEN:1 AIREAREN:1 HALA:1 GARBITU:1 HARK:1 URTE:1 IRAUN:1 ZUEN:2 ERE:4 BUKATU:1 EGIN:1 GAUR:2 EGUN:2 TONTOR:2 DIRA:2 GAIN:1 ZILARRA:1 BURDINA:1 BESTE:1 GORRI:1 SORTU:2 ONDOREN:1 BAINA:1 TOKI:1 IBAI:1 HANDI:1 BATEK:1 FORMA:1 XARMA:1 DIOTE:1 BEHARBADA:1 IZENDATU:1 ASTEROKO:2 SARRERA:2 EUSKAL:1 HORRELA:1 KOROA:2 AZKEN:1 EGUZKI:1 IKUSI:1 PROGRAMA:1 GUZTIAK:1 IRA:1 MAR:1 ABE:1 HONETATIK:1 BALIABIDE:1 ARGAZKI:1 BAITA:1 DAUDE:1 COPYRIGHT:1
https://zientzia.eus/argazki-galeriak/mississippi-bihurria/	ZIENTZIA:1 BIZITZA:4 BIOLOGIA:1 JOAN:5 KLIMA:1 LURRA:1 URA:1 ENERGIA:1 TEKNOLOGIA:3 INGENIARITZA:1 ZIENTZIAK:2 HEZKUNTZA:3 FISIKA:1 KIMIKA:1 MATEMATIKA:1 ASTRONOMIA:1 GAI:2 JARRAITU:2 ZURE:5 ETXEAN:1 JASO:3 NAHI:1 DUZU:1 GURI:1 BURUZ:1 NOR:3 GARA:2 POLITIKA:2 VOUS:1 CONTENT:1 YOU:1 WANT:1 CONTINUE:1 YES:1 ITZULPEN:1 FRANCAIS:1 ENTZUN:2 NASA:1 ETA:9 ARGAZKI:2 HONEK:1 DIGU:1 ABIATU:1 MUGAN:1 ASTEROKO:2 SARRERA:2 EUSKAL:1 HORRELA:1 KOROA:2 AZKEN:1 BAT:1 EGUZKI:1 IKUSI:1 PROGRAMA:1 GUZTIAK:1 IRA:1 MAR:1 ABE:1 HONETATIK:1 DIRA:1 BALIABIDE:1 BAITA:1 ERE:1 DAUDE:1 COPYRIGHT:1
https://zientzia.eus/argazki-galeriak/irudien-ikusmiran2/	ZIENTZIA:4 BIZITZA:5 BIOLOGIA:2 JOAN:5 KLIMA:2 LURRA:2 URA:3 ENERGIA:2 TEKNOLOGIA:4 INGENIARITZA:2 ZIENTZIAK:2 HEZKUNTZA:4 FISIKA:2 KIMIKA:2 MATEMATIKA:2 ASTRONOMIA:2 GAI:3 JARRAITU:2 ZURE:3 ETXEAN:1 JASO:2 NAHI:2 DUZU:1 GURI:1 BURUZ:1 NOR:3 GARA:2 POLITIKA:2 VOUS:1 CONTENT:1 YOU:1 WANT:1 CONTINUE:1 YES:1 ITZULPEN:1 FRANCAIS:1 ARGAZKI:6 ENTZUN:1 DUELA:1 URTE:2 HASI:3 GINEN:1 HAMAIKA:1 IRUDI:4 BILDU:1 DITUGU:2 HAUETAN:2 SOILIK:1 BAITA:2 MODU:1 BAT:10 ERE:4 ETA:20 BESTE:2 HAU:4 IZAN:4 ZEN:6 EKARRI:1 BATZUK:1 ESPORA:1 ONDDO:1 BERRI:2 BATEN:4 HASTEN:1 ZULATU:1 EHUN:1 HAN:2 HAMAR:1 BURUAN:1 SUMENDI:1 GISAN:1 BERA:1 DAUDEN:1 ZALDIA:1 ZEBILEN:1 ORAIN:1 ADAR:1 BATI:4 GERO:3 ALGA:2 BAINA:3 ARTIFIZIAL:1 ZIREN:3 PLASTIKO:2 BATEZ:1 ASKATU:1 HELDU:1 ZION:3 ZOTZ:1 ZUEN:3 THE:6 YEAR:6 ELKARRI:1 ERRAZ:1 DOA:1 PIKONDO:1 GORA:2 UTZI:1 METRO:1 EGIN:3 BEHAR:1 DITU:1 AURKITUKO:1 BIOLOGO:1 HIRU:1 EGUN:1 PASATU:1 ZITUEN:1 IGO:1 ZER:2 DAGO:1 UME:2 SEI:1 BATEK:3 JARRI:2 ONDOREN:1 ATERA:2 ZUTEN:2 LERA:1 ZIRKULU:1 DIRA:2 URARI:1 ESKER:1 AZKEN:1 BETE:1 DAKI:1 ZENBAT:1 DAGOEN:1 NASA:1 PARK:1 GERTU:1 ARGAZKIA:1 GAZTE:1 HONI:2 BATEAN:1 KENDU:1 PUTZU:1 ALDE:1 ZEGOEN:1 ASTRONOMO:1 INOIZ:1 LANA:1 HIZTEGI:1 ELKARTU:1 GENUEN:1 BONBA:1 IZENA:1 GENION:1 ARMIARMAK:3 IHESI:1 ZIOTEN:1 IHES:1 OSOAREN:1 BOSTEN:1 LEKU:1 BATZUETAN:1 DENBORA:1 IRAUN:1 URAK:1 ZEUDEN:1 BAINO:1 ELTXO:1 EGON:1 HALA:1 MALARIA:1 ARMIARMEK:1 NAZIOARTEKO:1 SOJA:1 GURE:1 ASTEROKO:1 SARRERA:1 HONETATIK:1 BALIABIDE:1 DAUDE:1 COPYRIGHT:1
https://zientzia.eus/argazki-galeriak/zientzia-irudi-libreaki/	ZIENTZIA:3 IRUDI:2 BIZITZA:5 BIOLOGIA:2 JOAN:5 KLIMA:2 LURRA:2 URA:3 ENERGIA:2 TEKNOLOGIA:4 INGENIARITZA:2 ZIENTZIAK:2 HEZKUNTZA:4 FISIKA:2 KIMIKA:2 MATEMATIKA:2 ASTRONOMIA:2 GAI:2 JARRAITU:2 ZURE:3 ETXEAN:1 JASO:3 NAHI:1 DUZU:1 GURI:1 BURUZ:1 NOR:3 GARA:2 POLITIKA:2 VOUS:1 CONTENT:1 YOU:1 WANT:1 CONTINUE:1 YES:1 ITZULPEN:1 FRANCAIS:1 ARGAZKI:3 ENTZUN:1 HONDAR:2 EGITEN:1 DITUZTE:2 ETA:9 KARRAMARRO:1 INGURU:1 BATEN:2 BAT:4 DER:1 HONETAN:1 ARGI:1 IKUSTEN:1 SCIENCE:1 NAZIOARTEKO:1 SORTU:1 ERA:1 IGO:1 BEHAR:1 LIBRE:1 ZIENTZIAREN:1 BEREZIKI:1 ZUTEN:1 LEHEN:1 HAU:2 ARI:1 DAGO:1 ZEIN:1 BAINA:1 IRITSI:1 BATZUK:1 DITUGU:1 GURE:1 ASTEROKO:1 SARRERA:1 HONETATIK:1 DIRA:1 BALIABIDE:1 BAITA:1 ERE:1 DAUDE:1 COPYRIGHT:1
https://zientzia.eus/argazki-galeriak/urpetik-argitara/	ZIENTZIA:1 BIZITZA:6 BIOLOGIA:2 JOAN:6 KLIMA:2 LURRA:2 URA:3 ENERGIA:2 TEKNOLOGIA:4 INGENIARITZA:2 ZIENTZIAK:2 HEZKUNTZA:4 FISIKA:2 KIMIKA:2 MATEMATIKA:2 ASTRONOMIA:2 GAI:2 JARRAITU:2 ZURE:3 ETXEAN:1 JASO:2 NAHI:1 DUZU:1 GURI:1 BURUZ:1 NOR:3 GARA:2 POLITIKA:2 VOUS:1 CONTENT:1 YOU:1 WANT:1 CONTINUE:1 YES:1 ITZULPEN:1 FRANCAIS:1 ARGAZKI:4 ENTZUN:1 BIG:1 ITSASONTZI:1 DIRA:4 ARRAIN:2 BAINA:2 TXIKI:2 DIO:4 ONGI:1 ZER:1 NOLAKO:1 ETA:13 ERAGIN:1 OREKA:1 EHIZA:2 URETAN:2 ARI:2 ZEN:4 NIRE:2 DORTOKA:2 BERDE:1 HAU:3 ZUEN:1 KONTUZ:1 NINTZEN:2 ZEDIN:1 HIRU:1 ATERA:1 NIZKION:1 BAINO:1 LEHEN:1 EGIN:1 BERA:1 BESTE:1 HAMAR:1 PROBABILITATE:1 AURKA:1 ALL:1 JAIOBERRI:1 HONEK:1 AUKERA:1 DITU:1 AIREAN:1 IHES:1 BAT:3 ANIMALIA:1 HAUEK:1 IZKIRA:1 EZIN:1 HOBEKI:1 ELKAR:1 EZAGUTU:1 OTE:1 DUTE:1 RED:1 GONA:1 GORRI:1 BATEN:1 IKUSI:2 NUEN:2 ARTEAN:1 INOIZ:1 INGURU:1 HONETAN:1 ARGAZKIA:1 BATEAN:1 AGERTU:1 OSO:1 GURE:3 GAUEKO:1 THE:2 NIGHT:1 BOST:2 MARRAZO:1 BALEA:1 YEAR:1 IZAN:3 JADA:1 IRITSI:1 ZIREN:1 GERO:1 HAMAIKA:1 GENITUEN:1 GAU:1 HARTAN:1 GAUZA:1 ERE:2 BEHAR:1 OZEANO:1 ERRALDOI:1 HAUEN:1 AZALDU:1 HORI:1 ARGI:1 ZAINDU:1 ASTEROKO:1 SARRERA:1 HONETATIK:1 BALIABIDE:1 BAITA:1 DAUDE:1 COPYRIGHT:1
https://zientzia.eus/argazki-galeriak/infernutik-dator-edertasuna/	DATOR:2 ZIENTZIA:9 BIZITZA:6 BIOLOGIA:3 JOAN:5 KLIMA:3 LURRA:3 URA:3 ENERGIA:2 TEKNOLOGIA:4 INGENIARITZA:2 ZIENTZIAK:2 HEZKUNTZA:4 FISIKA:2 KIMIKA:2 MATEMATIKA:2 ASTRONOMIA:2 GAI:2 JARRAITU:2 ZURE:3 ETXEAN:1 JASO:2 NAHI:1 DUZU:1 GURI:1 BURUZ:1 NOR:3 GARA:3 POLITIKA:2 VOUS:1 CONTENT:1 YOU:1 WANT:1 CONTINUE:1 YES:1 ITZULPEN:1 FRANCAIS:1 ARGAZKI:2 ENTZUN:1 EUSKAL:3 HASI:3 ZIREN:3 LEHEN:2 ESPEZIE:4 BERRI:1 AZALDU:1 DIRA:7 AZKEN:1 DAGOEN:2 HORI:2 DATOZKION:1 EGUZKI:1 DEZATEN:1 TIGRE:4 HEGO:4 EDER:2 DAUDE:3 ESKER:1 HOBETO:2 BEGI:1 BATZUETAN:2 DUTE:8 AIRERA:1 BIZI:2 ALDATUKO:1 ETA:31 AIREAREN:2 MUGAN:1 ALABAINA:2 SORTU:3 EDO:1 GORPUTZ:3 SOR:1 GAUEZ:1 DIO:3 BETI:1 EGUN:4 DITU:2 IZAN:7 ERE:5 GERTU:1 IZANGO:2 NOIZ:1 AURRERA:1 LORTU:2 ARTE:1 ALDE:1 AZAL:1 AZTARNA:1 ARRA:6 MILA:1 KOLORE:3 AIREAN:1 BERA:1 IZATEN:1 DITUZTE:4 AURREAN:1 GAZTETAN:1 ANDERE:1 ORRATZ:4 MAITASUN:1 SORGIN:4 BURUTIK:1 BAINA:1 ERNE:1 DAITEKE:1 BESTE:2 BAT:4 BEZALA:2 BURUA:1 BALU:2 LUKE:1 BIGARREN:1 AUKERA:1 BATEK:1 ESPERMA:1 DAITEZKE:1 ARMIARMA:2 ZAIN:1 ARMIARMAK:1 ZER:1 BIHURTU:1 ASKE:1 EHIZTARI:1 HARTU:1 LIEKE:1 HORREN:1 LIZTORRAK:1 AHOAN:1 BIDAIA:1 DOAN:1 HASTEN:1 AURRE:1 EGIN:2 BATEN:1 EDERRA:2 MINUTU:1 DITZAKE:1 AZPIAN:1 ARTEAN:3 ISATS:2 EGITEN:3 BURRUNBA:1 DANTZA:1 BALIRA:1 MUGIMENDU:1 FIN:1 OSO:1 SARRI:1 GORRI:1 BERDE:1 URDIN:1 MORE:1 PIXKA:1 HARGATIK:2 BEGIRA:1 MUNDU:1 SEKRETU:1 BEHAR:1 INTSEKTU:2 DUELA:1 URTE:1 EGUNGO:1 BAINO:1 HORREK:1 DIE:1 KENDU:1 GAUR:2 EZAGUTZEN:1 LANDARE:1 LEUN:1 IBILI:2 ZEN:1 ANIMALIA:1 TXIKI:1 JADA:1 LANA:1 HALA:1 IKUSTEN:2 HAMALAU:1 URRIA:1 HAU:1 ZUEN:3 ARGI:1 ARGAZKIA:1 HERRIKO:1 DIOTE:1 GUZTIA:1 GAUEAN:1 AGIAN:1 LEKU:1 ZAIE:1 DADILA:1 ANIMALIAK:1 BITARTEAN:1 ONGI:1 GURE:1 ASTEROKO:1 SARRERA:1 HONETATIK:1 BALIABIDE:1 BAITA:1 COPYRIGHT:1
https://zientzia.eus/argazki-galeriak/mikroskopioa-artearen-sorleku/	ZIENTZIA:1 BIZITZA:6 BIOLOGIA:2 JOAN:5 KLIMA:2 LURRA:2 URA:4 ENERGIA:2 TEKNOLOGIA:5 INGENIARITZA:2 ZIENTZIAK:2 HEZKUNTZA:4 FISIKA:2 KIMIKA:2 MATEMATIKA:2 ASTRONOMIA:2 GAI:2 JARRAITU:2 ZURE:3 ETXEAN:1 JASO:2 NAHI:1 DUZU:1 GURI:1 BURUZ:1 NOR:3 GARA:2 POLITIKA:2 VOUS:1 CONTENT:1 YOU:1 WANT:1 CONTINUE:1 YES:1 ITZULPEN:1 FRANCAIS:1 ARGAZKI:4 ENTZUN:1 HEZUR:1 SAGU:1 BATEN:5 DANKE:1 ARKAKUSO:1 BAT:2 BERE:1 ETA:16 ARI:2 JAN:1 ZIZARE:1 YEN:1 BERRIA:1 ZIRKULU:1 TIPULA:1 GISAN:1 BULARREKO:1 ESNE:1 HORI:1 ZELULA:1 ERREPUBLIKA:1 BURUA:1 EGITURA:4 IKUSTEN:2 HARITZ:3 IRABAZI:1 DUTE:1 WORLD:2 ZUZEN:1 EGITEN:2 HIRU:1 OINARRIZKO:1 DIRA:2 IREKI:1 DATORREN:1 ZEHAR:1 ARGAZKIA:1 GORA:1 DARAMATZA:1 LAN:1 GAUR:1 EGUN:1 BIZI:1 IRUDI:2 EMAN:1 ZITUEN:1 TARTE:1 ONDOREN:1 LORTU:1 ZUEN:1 AZKENEAN:1 HAU:1 BIKAIN:1 ADIERAZI:1 BAINA:1 ZIENTZIALARI:1 NABARMENDU:1 BESTE:1 BATZUK:1 ERE:2 EKARRI:1 DITUGU:1 IKUS:1 DAITEZKE:1 GURE:1 ASTEROKO:1 SARRERA:1 HONETATIK:1 BALIABIDE:1 BAITA:1 DAUDE:1 COPYRIGHT:1
https://zientzia.eus/argazki-galeriak/hamaika-begi-marten/	HAMAIKA:2 BEGI:3 ZIENTZIA:1 BIZITZA:5 BIOLOGIA:2 JOAN:5 KLIMA:2 LURRA:2 URA:4 ENERGIA:2 TEKNOLOGIA:4 INGENIARITZA:2 ZIENTZIAK:2 HEZKUNTZA:4 FISIKA:2 KIMIKA:2 MATEMATIKA:2 ASTRONOMIA:2 GAI:2 JARRAITU:3 ZURE:3 ETXEAN:1 JASO:2 NAHI:1 DUZU:1 GURI:1 BURUZ:1 NOR:3 GARA:2 POLITIKA:2 VOUS:1 CONTENT:1 YOU:1 WANT:1 CONTINUE:1 YES:1 ITZULPEN:1 FRANCAIS:1 ARGAZKI:3 ENTZUN:1 DUELA:1 NASA:5 SHARP:2 ARGAZKIA:1 BAT:4 IKUSTEN:2 ATZEAN:1 BUZTIN:1 ABERATSA:1 ETA:13 MUINO:1 GUZTIAK:1 INOIZ:1 EGON:1 BEHAR:1 IZAN:1 ZUEN:5 HOR:1 ESPAZIO:1 MARS:2 HAU:1 ATERA:2 ZION:1 IPAR:2 GERTU:1 DAGO:2 LAUROGEI:1 GORA:1 DITU:1 ALDEAREKIN:2 IRUDI:2 HAUEK:1 HARTU:3 ZITUEN:1 HAUTS:1 EKAITZ:1 BATEK:1 PLANETA:2 OSOA:1 ESTALI:1 TERRA:2 DUNA:1 DIRA:5 IRITSI:2 AURTEN:1 ZIREN:2 BESTE:3 BOST:1 BEGIRA:1 HIRU:1 IBILGAILU:1 ERE:2 LUR:2 ASKATU:1 ZERAMAN:1 HAN:1 ZEUDEN:1 BATERA:1 EDO:1 BATZUK:2 ONGI:3 BEGIRATU:1 EMAN:1 BEREN:1 ZIOTEN:1 LANA:1 EGIN:2 ONDOREN:1 ZITUZTEN:1 DITUZTE:1 ARTEAN:1 EDER:1 ASKO:1 UTZI:1 DIZKIGUTE:1 HEMEN:1 BILDU:1 DITUGU:1 ZULO:1 IKUS:1 DAITEKE:1 GURE:1 ASTEROKO:1 SARRERA:1 HONETATIK:1 BALIABIDE:1 BAITA:1 DAUDE:1 COPYRIGHT:1
https://zientzia.eus/argazki-galeriak/urpeko-munduak/	ZIENTZIA:1 BIZITZA:5 BIOLOGIA:2 JOAN:5 KLIMA:2 LURRA:2 URA:4 ENERGIA:2 TEKNOLOGIA:4 INGENIARITZA:2 ZIENTZIAK:2 HEZKUNTZA:4 FISIKA:2 KIMIKA:2 MATEMATIKA:2 ASTRONOMIA:2 GAI:2 JARRAITU:2 ZURE:3 ETXEAN:1 JASO:2 NAHI:1 DUZU:1 GURI:1 BURUZ:1 NOR:3 GARA:2 POLITIKA:2 VOUS:1 CONTENT:1 YOU:1 WANT:1 CONTINUE:1 YES:1 ITZULPEN:1 FRANCAIS:1 ARGAZKI:4 ENTZUN:1 DAGO:1 IBAI:1 DAUDE:2 KATEDRAL:1 NIRE:2 ZEN:5 ETA:14 MILK:1 EGUNA:1 BEREKIN:1 UTZI:1 ZIDAN:1 FAMILIA:1 BATEK:1 DIO:4 AMA:1 BAT:4 HASI:1 METRO:1 ERE:3 EGIN:1 GABE:1 NINTZEN:2 IZAN:4 UNE:2 IKUSI:1 AHAL:1 HAU:3 OSO:1 LOTSATI:1 ZEGOEN:1 DENBORA:1 ITXARON:1 BEHAR:1 NUEN:2 BURUA:1 ATERA:2 ZEZAN:1 ABIADA:1 DIRA:5 ARRAIN:2 TXIKIEN:1 ZUEN:1 AURRE:1 FACE:2 HAUEK:2 BEREN:1 DUTE:1 IZATEN:1 BESTE:2 BAINA:2 ALDATU:1 EGITEN:2 BORROKA:1 ARI:1 HIRU:1 LORTU:1 MARRAZOEN:1 SABAI:1 DITU:1 MARRAZOAK:2 DUT:1 MARRAZOEI:1 ARGAZKILARI:1 AZKENEAN:1 BARE:2 EDERRA:1 BAITA:2 SARI:2 HARK:1 EKARRI:1 THE:1 YEAR:1 IRABAZI:2 HORI:1 LEHEN:1 ARGAZKIA:2 AUKERATU:1 ARTEAN:1 AUKERA:1 BIZITZAZ:1 BAI:2 AZALDU:1 NON:1 MARRAZOEK:1 BATEZ:1 GURE:1 ASTEROKO:1 SARRERA:1 HONETATIK:1 BALIABIDE:1 COPYRIGHT:1
https://zientzia.eus/argazki-galeriak/aurkikuntza-txiki-handiak/	TXIKI:2 ZIENTZIA:1 BIZITZA:5 BIOLOGIA:2 JOAN:5 KLIMA:2 LURRA:2 URA:3 ENERGIA:2 TEKNOLOGIA:4 INGENIARITZA:2 ZIENTZIAK:2 HEZKUNTZA:4 FISIKA:2 KIMIKA:2 MATEMATIKA:2 ASTRONOMIA:2 GAI:2 JARRAITU:2 ZURE:3 ETXEAN:1 JASO:2 NAHI:1 DUZU:1 GURI:1 BURUZ:1 NOR:3 GARA:2 POLITIKA:2 VOUS:1 CONTENT:1 YOU:1 WANT:1 CONTINUE:1 YES:1 ITZULPEN:1 FRANCAIS:1 ARGAZKI:4 ENTZUN:1 SAGUZAR:2 BATEN:6 HEZURDURA:2 ARRAIN:3 ZEBRA:4 ETA:11 WORLD:1 IRUDI:3 EDER:1 BAT:1 SOILIK:1 GARRANTZITSU:1 ERE:5 BURUA:1 DITU:2 IKUSTEN:1 DIRA:3 LARANJA:1 DAGO:1 IZAN:4 BALIO:1 ZUEN:2 HONEK:1 LORTU:1 HAU:1 EDERRA:1 OSO:1 GISA:1 DIO:1 ORAIN:2 ARTE:1 GENUEN:1 MOTA:1 HORI:1 UGAZTUNEK:1 BAKARRIK:1 ERRAZAGO:1 EGIN:1 AHAL:1 IZANGO:1 DITUZTE:1 HALA:1 NOLA:1 UGAZTUNAK:1 BAINO:1 GAIN:1 BESTE:1 NABARMENDU:1 BATZUK:1 EKARRI:1 DITUGU:1 GUZTIAK:1 IKUS:1 DAITEZKE:1 GURE:1 ASTEROKO:1 SARRERA:1 HONETATIK:1 BALIABIDE:1 BAITA:1 DAUDE:1 COPYRIGHT:1
https://zientzia.eus/argazki-galeriak/gordintasunez-basati/	BASATI:2 ZIENTZIA:1 BIZITZA:5 BIOLOGIA:2 JOAN:5 KLIMA:2 LURRA:2 URA:3 ENERGIA:2 TEKNOLOGIA:4 INGENIARITZA:2 ZIENTZIAK:2 HEZKUNTZA:4 FISIKA:2 KIMIKA:2 MATEMATIKA:2 ASTRONOMIA:2 GAI:2 JARRAITU:2 ZURE:3 ETXEAN:1 JASO:4 NAHI:1 DUZU:1 GURI:1 BURUZ:1 NOR:3 GARA:2 POLITIKA:2 VOUS:1 CONTENT:1 YOU:1 WANT:1 CONTINUE:1 YES:1 ITZULPEN:1 FRANCAIS:1 ARGAZKI:3 ENTZUN:2 TXALUPA:2 STRIKE:1 FRANCIS:2 BATEN:4 MOZTU:1 HONEK:1 EZIN:1 IZAN:2 ZUEN:6 IGERI:1 EGIN:3 MARRAZOEK:1 ERASO:2 ZIOTEN:1 MIN:1 ZITUEN:1 ETA:14 ZUTEN:2 NIRE:1 ZEN:3 DIO:1 GEHIEGIZKO:1 ABIADURA:1 DIRA:5 THE:10 YEAR:8 EGUNSENTI:1 LUIS:2 HANDIEN:1 FAMILIA:1 ARRAINA:1 AHORA:1 BESTE:2 LASTER:1 UTZI:1 DUTE:5 ETXEKO:1 BEGIRATU:1 ZION:2 ARRAIN:2 ZEGOEN:1 BILA:1 SNAKE:1 EAGLE:1 METRO:1 HEGO:1 ARRATOI:1 PENTSATU:1 SEGUNDO:1 BORROKA:1 EUTSI:1 BERE:2 BALIABIDE:2 JANARI:1 ITURRI:1 ATZAPAR:1 SUGE:2 JAN:1 EGITEN:1 DITU:3 BAINA:2 ERE:3 EHIZTARI:2 NIGHT:1 HUNTER:1 HONTZ:1 GRIS:1 HANDI:1 HAU:1 ALTXATU:1 SAGUA:1 ZIHOAN:1 ILARGI:1 GAU:1 BATEAN:2 BEGI:1 ARGI:1 DIOTE:1 AURKITZEN:2 HEGAZTI:1 BAINO:1 ENTZUMEN:1 SOILIK:1 ANIMALIAK:2 AURKITU:2 DITZAKE:1 BLUE:1 BAKARRIK:1 LANDARE:1 HAUEK:1 HOTZ:1 ALTITUDE:1 URTE:2 OSOAN:1 TXURI:1 ESKER:1 GABE:1 BESARKADA:1 FUNTSEZKO:1 DITUZTE:1 BEHAR:1 BEREN:1 IRUDITU:1 ZAIO:1 EPAI:1 IZENDATU:1 ARGAZKILARIA:1 HERRI:1 IRABAZI:1 EDERRAK:1 BATZUK:1 GURE:1 ASTEROKO:1 SARRERA:1 HONETATIK:1 BAITA:1 DAUDE:1 COPYRIGHT:1
https://zientzia.eus/argazki-galeriak/goitik-begira-lurrari/	BEGIRA:3 ZIENTZIA:1 BIZITZA:5 BIOLOGIA:2 JOAN:5 KLIMA:3 LURRA:2 URA:3 ENERGIA:2 TEKNOLOGIA:5 INGENIARITZA:2 ZIENTZIAK:2 HEZKUNTZA:4 FISIKA:2 KIMIKA:2 MATEMATIKA:2 ASTRONOMIA:2 GAI:2 JARRAITU:2 ZURE:3 ETXEAN:1 JASO:3 NAHI:1 DUZU:1 GURI:1 BURUZ:1 NOR:3 GARA:2 POLITIKA:2 VOUS:1 CONTENT:1 YOU:1 WANT:1 CONTINUE:1 YES:1 ITZULPEN:1 FRANCAIS:1 ARGAZKI:2 ENTZUN:1 ETA:26 MUGA:4 OTSAILA:2 URTARRILA:1 ABUZTUA:1 GREEN:2 RIVER:2 MARTXOA:1 AQUA:1 DELTA:2 IKUSPEGI:1 UTZI:1 NINDUEN:1 ORAIN:1 BAT:5 URTE:1 DIO:2 HONEK:2 NABIL:1 BALIO:2 INFORMAZIO:3 AZTERTU:1 ZITUEN:1 ZEN:1 EGUN:1 DIHARDU:1 EDOZEIN:3 AZKEN:1 ESKER:1 INOIZ:1 BAINO:1 BEGI:1 DITUGU:1 ZEIN:1 EKARPEN:1 EGITEN:1 DUTE:1 GIZARTE:1 GISA:1 HALA:1 NOLA:1 ABAR:1 GAIN:1 IRUDI:2 OSO:1 DIRA:3 EDERTASUN:2 HORREK:1 NAU:1 HARTU:1 FORMA:1 EMAN:1 HORI:2 NAIZ:1 BESTE:2 BATZUETAN:1 MEZU:1 ERE:4 IZATEN:1 NIRE:1 ZUTEN:1 PROGRAMA:1 HORREN:1 MODU:1 DITU:2 ADIBIDEZ:1 AURREAN:1 TXIKI:1 BAINA:1 BATEZ:1 AUKERA:1 BEHAR:1 DIGU:1 GURE:1 ASTEROKO:1 SARRERA:1 HONETATIK:1 BALIABIDE:1 BAITA:1 DAUDE:1 COPYRIGHT:1
https://zientzia.eus/argazki-galeriak/lurpeko-edertasuna-argitara/	ZIENTZIA:1 BIZITZA:6 BIOLOGIA:2 JOAN:5 KLIMA:3 LURRA:2 URA:3 ENERGIA:2 TEKNOLOGIA:4 INGENIARITZA:2 ZIENTZIAK:2 HEZKUNTZA:4 FISIKA:2 KIMIKA:2 MATEMATIKA:2 ASTRONOMIA:2 GAI:2 JARRAITU:2 ZURE:3 ETXEAN:1 JASO:2 NAHI:2 DUZU:1 GURI:1 BURUZ:1 NOR:3 GARA:5 POLITIKA:2 VOUS:1 CONTENT:1 YOU:1 WANT:1 CONTINUE:1 YES:1 ITZULPEN:1 FRANCAIS:1 ARGAZKI:2 ENTZUN:1 ART:10 DAGOEN:1 OSO:2 BAINA:3 MAITE:2 BEREZIKI:2 DATOZKIT:1 BURURA:1 EZAGUTU:1 NUEN:1 LEHENENGO:1 IZAN:2 GINEN:1 ETA:23 HIRU:2 PISU:3 DITU:2 AKTIBO:1 BAT:1 FOSIL:1 EDERRA:1 GAIN:1 ERE:3 ARMIARMA:2 META:1 AURKITZEN:4 DITUZTE:3 ANIMALIAK:1 ADIBIDEZ:1 DUELA:1 URTE:1 ZIREN:2 ALDATU:1 ZEN:1 ANIMALIA:1 HAUEK:1 SARTU:2 HAN:4 ZITUEN:1 DIRA:4 OSOA:1 DUTE:3 AZKENEAN:1 GALDU:1 BEHAR:3 DEL:2 LUIS:3 LORE:1 ORE:1 EGITURAK:2 MEATZE:2 URAK:2 AURRE:1 EGITEN:3 DIOTE:2 AURKITU:1 DITUGU:3 EDERRAK:1 DIO:2 AINTZIRA:2 BARRENA:1 LUR:1 AZPIAN:1 ZAZPI:1 ARGAZKILARI:1 BESTE:1 EGOERA:1 IGO:1 EGON:1 IZATEN:2 ZAIGUN:1 JAITSI:1 HASTEN:2 GORA:1 EGIN:1 DEZAKE:1 HAIEK:1 BALDINTZA:1 DUGU:1 LAN:1 IRITSI:1 ARGI:3 INGURU:1 LEKU:1 ALDEKO:1 ONDO:1 BAKARRIK:1 BELTZEN:1 ELKARRIZKETA:1 HORI:1 IZAERA:1 GURE:1 ASTEROKO:1 SARRERA:1 HONETATIK:1 BALIABIDE:1 BAITA:1 DAUDE:1 COPYRIGHT:1
https://zientzia.eus/argazki-galeriak/mikroskopioaren-argitan/	ZIENTZIA:1 BIZITZA:5 BIOLOGIA:2 JOAN:5 KLIMA:2 LURRA:2 URA:3 ENERGIA:2 TEKNOLOGIA:4 INGENIARITZA:2 ZIENTZIAK:2 HEZKUNTZA:4 FISIKA:2 KIMIKA:2 MATEMATIKA:2 ASTRONOMIA:2 GAI:2 JARRAITU:2 ZURE:3 ETXEAN:1 JASO:2 NAHI:1 DUZU:1 GURI:1 BURUZ:1 NOR:3 GARA:2 POLITIKA:2 VOUS:1 CONTENT:1 YOU:1 WANT:1 CONTINUE:1 YES:1 ITZULPEN:1 FRANCAIS:1 ARGAZKI:2 ENTZUN:1 SAGU:2 LANDARE:1 HAMAHIRU:1 BAT:5 ARKAKUSO:1 HIRU:1 DORTOKA:3 ESKER:1 IZAKI:1 ETA:12 GURE:2 MUNDUA:1 GAITEZKE:1 OHARKABEAN:1 GAUZA:1 BEHA:1 DIO:1 IKUSTEN:1 IRUDI:5 EGITEN:1 GAITUZTE:1 HORI:1 LAGUN:1 OINARRI:1 SORTU:1 ZUTEN:2 BATEN:1 HAU:2 ERABILI:1 ZITUZTEN:1 TAMAINA:1 PARE:1 IZAN:2 ZEN:1 OSO:1 TXIKI:1 AZKEN:1 WORLD:1 BESTE:1 ERE:2 NABARMENDU:1 ZITUEN:1 BATZUK:1 DITUZUE:1 ASTEROKO:1 SARRERA:1 HONETATIK:1 DIRA:1 BALIABIDE:1 BAITA:1 DAUDE:1 COPYRIGHT:1
https://zientzia.eus/argazki-galeriak/basabizitza-eder-eta-gordin/	EDER:3 ETA:16 GORDIN:2 ZIENTZIA:1 BIZITZA:5 BIOLOGIA:2 JOAN:5 KLIMA:2 LURRA:2 URA:3 ENERGIA:2 TEKNOLOGIA:4 INGENIARITZA:2 ZIENTZIAK:2 HEZKUNTZA:4 FISIKA:2 KIMIKA:2 MATEMATIKA:2 ASTRONOMIA:2 GAI:2 JARRAITU:2 ZURE:3 ETXEAN:1 JASO:2 NAHI:1 DUZU:1 GURI:1 BURUZ:1 NOR:3 GARA:2 POLITIKA:2 VOUS:1 CONTENT:1 YOU:1 WANT:1 CONTINUE:1 YES:1 ITZULPEN:1 FRANCAIS:1 ARGAZKI:4 ENTZUN:1 ELUR:1 SNOW:1 FAN:2 ANTILOPE:1 TALDE:1 BAT:4 GORA:3 BIZI:2 AHAL:1 ILE:1 AZPIAN:1 BESTE:2 ARIN:1 BERO:1 DUTE:3 HORI:1 HAIEN:1 IZUGARRI:1 ZEN:3 EGIN:3 DIRA:4 THE:9 YEAR:8 UNE:1 BORROKA:1 BASATI:1 BATEN:3 BEHAR:1 IZAN:2 ZUTEN:2 AHARI:1 HAUEK:1 ELKARREN:1 ADAR:2 EKAITZ:1 BERROGEI:1 ZERO:1 GIRO:1 ERE:2 ZEGOEN:2 DRINK:1 ESTATU:1 GOIZ:1 HOTZ:1 BATEAN:2 SALDO:1 IKUSI:1 ZUEN:2 ZINTZILIK:1 IZOTZ:2 KANDELA:1 ZIRUDIEN:1 BATA:1 ZIREN:3 ERLE:1 ILARA:1 BEE:1 MENDIETAN:1 BELAR:1 HASI:1 GOGOR:2 HELDU:1 HASTEN:1 JAITSI:1 ARTE:1 DAGO:1 KATU:1 SOUTH:1 HAU:1 AURKITU:1 BEGI:1 ANTENA:1 HIRU:1 ZITZAIZKION:1 ONDDO:2 LANDARE:1 DIETE:1 NAHIKOA:1 IGO:1 INTSEKTU:1 DITU:1 LIFE:1 PINGUINO:1 SARRI:1 BEGIRATZEN:1 DIOTE:1 ELKARRI:1 ESTUA:1 AURRERA:1 EGINGO:1 MARMOTA:1 HONEK:1 UTZI:2 BERRI:1 ZION:1 AZERI:1 TOPO:1 AZKAR:1 IBILI:1 BIEN:1 UGAZTUNEN:1 ARTEAN:1 DAUDE:3 SEI:1 HILABETE:1 DITUZTE:1 EGITEN:1 AUKERA:1 DIZKIGUN:1 BATZUK:1 GURE:1 ASTEROKO:1 SARRERA:1 HONETATIK:1 BALIABIDE:1 BAITA:1 COPYRIGHT:1
https://zientzia.eus/argazki-galeriak/astrofisikari-bat-itsaspean/	ASTROFISIKARI:2 BAT:2 ZIENTZIA:1 BIZITZA:5 BIOLOGIA:2 JOAN:6 KLIMA:2 LURRA:2 URA:3 ENERGIA:2 TEKNOLOGIA:4 INGENIARITZA:2 ZIENTZIAK:2 HEZKUNTZA:4 FISIKA:2 KIMIKA:2 MATEMATIKA:2 ASTRONOMIA:2 GAI:2 JARRAITU:2 ZURE:4 ETXEAN:1 JASO:2 NAHI:1 DUZU:1 GURI:1 BURUZ:1 NOR:3 GARA:2 POLITIKA:2 VOUS:1 CONTENT:1 YOU:1 WANT:1 CONTINUE:1 YES:1 ITZULPEN:1 FRANCAIS:1 ARGAZKI:3 ENTZUN:1 ETA:18 INSTITUTU:1 ABAR:1 DITU:4 DAGOEN:1 TELESKOPIO:1 GERTU:2 BEGIRA:1 LAN:1 EGITEN:1 BERRIZ:1 MAITE:1 GUZTIAK:1 AHAZTEN:1 ZAIZKIO:1 PISURIK:1 GABE:1 AURREAN:1 EDERTASUN:1 DIO:1 MILA:1 GALAXIA:1 INGURU:1 AURKITU:1 BESTE:1 HAMAZAZPI:1 URTE:1 DARAMATZA:1 UNIBERTSO:1 HORI:1 HASI:1 ZEN:2 ELKARTE:1 BATEAN:3 EROSI:1 ZUEN:1 ZUZEN:1 ERE:4 KAMERA:1 HALA:1 BERE:1 BURUA:1 KORAL:1 ETXETIK:1 ASTEBURU:1 OSO:2 DIRA:3 KORRONTE:2 ESPEZIE:2 ASKO:1 IDENTIFIKATU:1 DITUGU:1 HAIEN:1 BANAKETA:1 NEURTU:1 IZURDEAK:1 ZAIZKIZU:1 DITZAZUN:1 MARRAZOAK:1 ZER:1 HORREN:1 ANIMALIA:2 LEKU:1 IKUSTEN:1 IKUSI:2 ANIMALIEN:1 ZERRENDA:1 DUELA:1 BALEAK:1 DIT:1 BILERA:2 BURMUIN:1 DORTOKA:2 LEHOIAK:2 ESPIRITU:1 MARRAZOA:1 GURE:1 ASTEROKO:1 SARRERA:1 HONETATIK:1 BALIABIDE:1 BAITA:1 DAUDE:1 COPYRIGHT:1
https://zientzia.eus/argazki-galeriak/eguzkigrafiak/	ZIENTZIA:1 BIZITZA:5 BIOLOGIA:2 JOAN:6 KLIMA:2 LURRA:2 URA:3 ENERGIA:2 TEKNOLOGIA:4 INGENIARITZA:2 ZIENTZIAK:2 HEZKUNTZA:4 FISIKA:2 KIMIKA:2 MATEMATIKA:2 ASTRONOMIA:2 GAI:2 JARRAITU:2 ZURE:3 ETXEAN:1 JASO:2 NAHI:2 DUZU:1 GURI:1 BURUZ:1 NOR:3 GARA:2 POLITIKA:2 VOUS:1 CONTENT:1 YOU:1 WANT:1 CONTINUE:1 YES:1 ITZULPEN:1 FRANCAIS:1 ARGAZKI:4 ENTZUN:1 BAINO:1 ZEN:2 BATEAN:2 PENTSATU:2 ZUEN:3 ONA:1 IZAN:3 TRESNA:1 BAT:4 HORI:1 HORRELA:2 EGIN:1 TOPO:1 ARGAZKILARITZA:1 ETA:12 MUNDU:1 ARI:1 EZAGUTU:1 ZITUEN:2 ARGAZKILARI:1 BATERA:1 EGITEN:2 DATZA:1 DEITU:1 DIE:1 OSO:1 KAMERA:2 ILUN:1 DIO:3 DITU:4 ALDERANTZ:1 BEGIRA:1 GURE:2 MUGITU:1 AHALA:1 ERREZ:1 DOA:1 ETXEAK:1 EDO:3 AURREAN:1 ERE:3 SEI:2 UDAN:1 ALDERANTZIZ:1 ARABERA:1 DIRA:2 EUSKAL:1 ATERA:2 GUZTIAK:1 ONGI:1 BEHAR:1 IZATEN:1 NON:1 JARRI:1 UKITU:2 DEZAN:1 GERTATU:1 ZAIT:2 GAILU:1 SUSMO:1 SOR:1 DITZAKE:1 GARAI:1 ZUBI:1 URAK:2 SORTU:2 DIOTE:1 ISLA:1 OTE:1 NUEN:1 EDERRA:1 IRUDI:1 LAUSO:1 ASTEROKO:1 SARRERA:1 HONETATIK:1 BALIABIDE:1 BAITA:1 DAUDE:1 COPYRIGHT:1
https://zientzia.eus/argazki-galeriak/mikromunduak/	ZIENTZIA:1 BIZITZA:5 BIOLOGIA:2 JOAN:5 KLIMA:2 LURRA:2 URA:3 ENERGIA:2 TEKNOLOGIA:4 INGENIARITZA:2 ZIENTZIAK:2 HEZKUNTZA:4 FISIKA:2 KIMIKA:2 MATEMATIKA:2 ASTRONOMIA:2 GAI:2 JARRAITU:2 ZURE:3 ETXEAN:1 JASO:2 NAHI:1 DUZU:1 GURI:1 BURUZ:1 NOR:3 GARA:2 POLITIKA:2 VOUS:1 CONTENT:1 YOU:1 WANT:1 CONTINUE:1 YES:1 ITZULPEN:1 FRANCAIS:1 ARGAZKI:4 ENTZUN:1 LIZTOR:1 ETA:11 PIERRE:1 TXIMELETA:1 BATEN:2 ESTATU:2 MUNDU:4 BERRI:1 EDER:1 BAT:3 AURKI:1 DEZAKEGU:1 LEHENAGO:1 IKUSI:1 DIO:1 AZPIAN:1 ZER:1 DAGOEN:1 BEZALA:1 HAIEN:1 HORRI:1 DIRA:2 IZATEN:1 DITU:1 HAREN:1 BEGI:1 ZUEN:2 ARGAZKIA:1 WORLD:1 IRABAZI:1 GAIN:1 BESTE:1 ERE:2 UTZI:1 ZITUEN:1 AUKERAKETA:1 DUZUE:1 GURE:1 ASTEROKO:1 SARRERA:1 HONETATIK:1 BALIABIDE:1 BAITA:1 DAUDE:1 COPYRIGHT:1
https://zientzia.eus/argazki-galeriak/basabizitzaren-urrea-agerian/	URREA:2 ZIENTZIA:1 BIZITZA:5 BIOLOGIA:2 JOAN:6 KLIMA:2 LURRA:2 URA:3 ENERGIA:2 TEKNOLOGIA:4 INGENIARITZA:2 ZIENTZIAK:2 HEZKUNTZA:4 FISIKA:2 KIMIKA:2 MATEMATIKA:2 ASTRONOMIA:2 GAI:2 JARRAITU:2 ZURE:3 ETXEAN:1 JASO:2 NAHI:2 DUZU:1 GURI:1 BURUZ:1 NOR:3 GARA:2 POLITIKA:2 VOUS:1 CONTENT:1 YOU:1 WANT:1 CONTINUE:1 YES:1 ITZULPEN:1 FRANCAIS:1 ARGAZKI:5 ENTZUN:1 ZEN:9 BAINA:2 ZEBILTZAN:1 ZIREN:2 ETA:21 GOGOR:1 ARI:3 HABIA:2 ETZAN:1 ARGAZKILARIA:1 LIZTORRAK:1 THE:9 YEAR:8 AITAREKIN:1 BAT:4 IKUSI:2 ZUEN:7 UREN:1 ZAHAR:1 BATEAN:1 AITAK:1 ASKO:1 ZION:2 ATZERA:1 EGIN:1 ZUTEN:2 BURUA:2 AITARI:1 KAMERA:1 ESKATU:1 JARRI:1 HAMAR:1 URTE:3 SOILIK:2 IZAN:2 SEI:1 ATERA:2 BERRIZ:1 HAREN:1 HER:1 BABY:1 BASO:1 GORILA:1 EME:2 BERE:2 ZIOTEN:1 EGURALDI:1 ERDITU:1 HIL:1 ERAMAN:1 ZIZKION:1 AMEK:1 BEZALA:1 DIRA:4 LANDARE:1 HOSTO:1 BAINO:2 DITUZTE:1 MOTEL:1 GABE:1 HAZI:1 AHALA:1 ZORTZI:1 GORA:1 DAITEZKE:1 EGUN:1 OSOAN:1 IBILI:1 OSTEAN:1 AURKITU:1 FORMA:1 KOLORE:1 ZITUEN:2 METRO:1 ALE:1 HAU:1 HASI:1 ARGAZKIA:1 KATU:1 CAT:1 SOUTH:1 ANTZEMAN:1 LEKU:2 HAN:1 AGERTU:1 LEHOI:1 BELAR:1 DOTORE:1 DAR:1 GATZ:1 KORRIKA:1 DOA:1 TXITA:1 HANKA:2 JAIO:1 DUTE:1 LUZE:1 ESKER:1 DIETE:2 IHES:1 EGITEN:1 DARIO:1 URREZKO:1 GOLDEN:1 URRE:1 TXIMINO:2 ESERI:1 BATU:1 ZAIO:1 GAZTE:1 ADI:1 BEGIRA:1 DAUDE:2 BESTE:2 MENDIETAN:1 MENDI:1 BIZI:1 HAUEK:1 HAIEI:1 ONDO:1 DAKI:1 HORI:3 EGOTEN:1 ARGI:1 EDER:2 AURPEGI:1 URDIN:1 NOLA:1 EDO:1 HALA:1 BURUAN:1 LORTU:1 UNE:1 EZIN:1 BAITA:2 ZEHAR:1 ERE:2 UTZI:1 DIZKIGUN:1 BATZUK:1 GURE:1 ASTEROKO:1 SARRERA:1 HONETATIK:1 BALIABIDE:1 COPYRIGHT:1
https://zientzia.eus/argazki-galeriak/perretxikoak-arte/	ARTE:2 ZIENTZIA:1 BIZITZA:5 BIOLOGIA:2 JOAN:6 KLIMA:2 LURRA:2 URA:3 ENERGIA:2 TEKNOLOGIA:4 INGENIARITZA:2 ZIENTZIAK:2 HEZKUNTZA:4 FISIKA:2 KIMIKA:2 MATEMATIKA:2 ASTRONOMIA:2 GAI:2 JARRAITU:2 ZURE:3 ETXEAN:1 JASO:2 NAHI:2 DUZU:1 GURI:1 BURUZ:1 NOR:3 GARA:2 POLITIKA:2 VOUS:1 CONTENT:1 YOU:1 WANT:1 CONTINUE:1 YES:1 ITZULPEN:1 FRANCAIS:1 ARGAZKI:4 ENTZUN:1 DATOR:1 IZAN:1 BETI:1 ETA:15 ERE:2 BEGIRATZEN:1 DIE:1 DAGO:1 HARK:2 DUELA:6 PERRETXIKO:3 BAT:3 ESANGO:1 HAU:1 BERE:1 ARTEAN:1 BIZI:2 ETXETIK:1 GERTU:1 NAHIKOA:1 DIRA:2 DAGOELA:1 SEGURU:1 LEKU:2 BATEAN:1 EDO:1 OTE:1 ZEN:1 MAITE:1 BEHAR:1 ZAIZKIO:1 GAIN:1 KAMERA:1 ONGI:1 DAGOEN:1 BERAZ:1 ASKO:1 ESKU:1 HORREK:2 ESAN:1 BERAK:1 ATERA:1 NORBAIT:1 EGINGO:1 IRUDI:1 HORI:1 IKUSI:1 GURE:1 ASTEROKO:1 SARRERA:1 HONETATIK:1 BALIABIDE:1 BAITA:1 DAUDE:1 COPYRIGHT:1
https://zientzia.eus/argazki-galeriak/intsektuak-gertutik/	ZIENTZIA:1 BIZITZA:5 BIOLOGIA:2 JOAN:5 KLIMA:2 LURRA:2 URA:3 ENERGIA:2 TEKNOLOGIA:4 INGENIARITZA:2 ZIENTZIAK:2 HEZKUNTZA:4 FISIKA:2 KIMIKA:2 MATEMATIKA:2 ASTRONOMIA:2 GAI:2 JARRAITU:2 ZURE:3 ETXEAN:3 JASO:2 NAHI:3 DUZU:1 GURI:1 BURUZ:1 NOR:3 GARA:2 POLITIKA:2 VOUS:1 CONTENT:1 YOU:1 WANT:1 CONTINUE:1 YES:1 ITZULPEN:1 FRANCAIS:1 ARGAZKI:6 ENTZUN:1 IKUSI:2 ZIEN:1 ZAIZKIO:1 GIDA:1 BAT:5 OPARITU:1 ZIOTEN:1 ETA:10 ZITUEN:2 AMONA:1 AITONEN:1 IKUSTEN:2 EGIN:1 LEHEN:2 URTE:1 BURUAN:1 BATEN:2 ERANTSI:1 EGITEN:2 BUKATU:1 ZUEN:1 ARGAZKIGINTZA:1 ZAIO:2 BETI:1 LORTU:1 IZAN:5 BAINO:1 OSO:1 BAITA:2 ERE:5 BEREZIKI:1 MAITE:1 ONDO:1 ATERA:1 ZITZAION:1 ARGAZKIA:3 BAINA:1 ZEN:2 EULI:1 ONDOREN:1 AZKENEAN:1 NIZKION:1 INTSEKTU:3 AURKITZEN:2 EDO:1 DABILELA:1 DITU:2 EGON:1 BEHAR:2 DUTE:1 IRUDI:1 AZKEN:2 TXIKI:2 BAKARRIK:1 GARBI:1 XEHETASUN:1 DIRA:2 ZUZEN:1 DAUKA:1 KOSTATU:1 ORDU:1 LIBRE:1 ZORTZI:1 BESTE:1 BATI:1 DIZKIO:1 ORAIN:1 LITZAIOKE:1 HALA:1 AGIAN:2 ARMIARMA:1 GURE:1 ASTEROKO:1 SARRERA:1 HONETATIK:1 BALIABIDE:1 DAUDE:1 COPYRIGHT:1
https://zientzia.eus/argazki-galeriak/mira-txikitik/	ZIENTZIA:1 BIZITZA:5 BIOLOGIA:2 JOAN:5 KLIMA:2 LURRA:2 URA:3 ENERGIA:2 TEKNOLOGIA:5 INGENIARITZA:2 ZIENTZIAK:2 HEZKUNTZA:4 FISIKA:2 KIMIKA:2 MATEMATIKA:2 ASTRONOMIA:2 GAI:2 JARRAITU:2 ZURE:3 ETXEAN:1 JASO:2 NAHI:1 DUZU:1 GURI:1 BURUZ:1 NOR:3 GARA:2 POLITIKA:2 VOUS:1 CONTENT:1 YOU:1 WANT:1 CONTINUE:1 YES:1 ITZULPEN:1 FRANCAIS:1 ARGAZKI:4 ENTZUN:1 MUNDU:1 EDERRA:1 GAIN:1 BALIO:1 ZIENTIFIKO:1 IZATEN:2 HORIXE:1 WORLD:1 AZKEN:1 IRABAZI:2 ZUEN:1 ETA:14 LARRUAZAL:3 DUTE:1 DITUZTE:2 HORRELA:1 ATERA:2 ZIOTEN:1 ARGAZKIA:1 ZELULA:3 BATI:1 ZUTEN:1 AZALEKO:2 BESTE:3 DITU:1 ADIBIDEZ:1 DIRA:2 HORI:1 ASKO:1 GISA:1 NOLA:1 ALDATZEN:1 HOBETO:1 DEZAKEGU:1 GAIXOTASUN:1 GORA:1 ARTEAN:1 GARAILE:1 ERE:2 NABARMENDU:1 AUKERAKETA:1 DUZUE:1 ARMIARMA:1 DEAN:1 FOX:1 BAT:1 GURE:1 ASTEROKO:1 SARRERA:1 HONETATIK:1 BALIABIDE:1 BAITA:1 DAUDE:1 COPYRIGHT:1
https://zientzia.eus/argazki-galeriak/basabizitza-ikusmiran-2017/	ZIENTZIA:1 BIZITZA:6 BIOLOGIA:2 JOAN:5 KLIMA:2 LURRA:2 URA:4 ENERGIA:2 TEKNOLOGIA:4 INGENIARITZA:2 ZIENTZIAK:2 HEZKUNTZA:4 FISIKA:2 KIMIKA:2 MATEMATIKA:2 ASTRONOMIA:2 GAI:4 JARRAITU:2 ZURE:3 ETXEAN:1 JASO:2 NAHI:1 DUZU:1 GURI:1 BURUZ:1 NOR:3 GARA:2 POLITIKA:2 VOUS:1 CONTENT:1 YOU:1 WANT:1 CONTINUE:1 YES:1 ITZULPEN:1 FRANCAIS:1 ARGAZKI:6 ENTZUN:1 HIL:1 ZUTEN:2 ERRINOZERO:5 BELTZ:1 HAU:1 ADARRAK:2 OSO:2 DIRA:10 MERKATU:1 GARAI:1 BATEAN:1 ZIREN:5 DAUDE:2 ORAIN:2 BATEZ:2 ERE:5 SOILIK:1 ETA:23 GORA:1 IKUSI:2 DITU:2 GORDIN:1 EDER:2 HONETAN:1 BAT:6 DIRUDI:1 BIHURTU:1 IZAN:2 THE:7 YEAR:7 UTZI:1 DIZKIGUN:1 BESTE:1 BATZUK:2 ERRALDOI:1 ZAHAR:1 HAMABI:1 DEZAKETE:1 URTE:1 BAINO:1 DITUZTE:2 BAINA:2 DUTE:4 EGITEN:4 GISAKO:1 BATEN:2 UREZ:1 APURTU:1 OSOA:1 DARAMA:1 INGURU:1 ONGI:3 EZAGUTZEN:1 HARTU:1 ZEBILEN:1 ZALDI:1 TXIKI:1 HONI:1 BEGIRA:1 ARI:1 ZIRUDIEN:1 ADAR:2 BATI:5 GERO:4 ALGA:2 HASI:2 ARTIFIZIAL:1 PLASTIKO:2 UREN:1 ZEN:3 ASKATU:1 HELDU:1 ZION:2 ZOTZ:1 ZUEN:5 AHOAN:1 DUELA:1 HURA:1 LEKU:1 BILA:1 DOA:1 EKAINA:1 ELUR:2 ANTZARAK:1 DAGOEN:1 HAN:1 GOGOR:1 ARRAUTZA:2 GORDE:1 HOZKAILU:1 UDA:1 ALDE:1 ARTE:1 ETORRIKO:1 ZAIZKIE:1 BANAKETA:1 EMAN:2 ZITUEN:1 BIKOTE:1 ZEUDEN:1 ZORTZIGARREN:1 ORDU:1 ZERAMATZATEN:1 AGERTU:1 GABE:1 ZEGOEN:2 AZKENEAN:1 ARRA:1 IRITSI:1 BASA:1 ERAKUTSI:1 ATZERA:1 EGIN:4 BATERA:1 SEGUNDO:1 BATEK:1 SALTO:2 BAI:1 AITAK:1 GAUZA:1 BIGARREN:1 BALLESTA:3 ERRAZ:2 ZEBILTZAN:1 AMA:1 UGAZTUNAK:1 TXAKURRAK:1 ASTE:1 EDO:1 HASTEN:1 IGERI:1 SEIEHUN:1 LAUROGEI:1 URETAN:1 IKUSTEN:1 ZITZAIEN:1 NEURE:1 BURUA:1 DIO:1 GURE:1 ASTEROKO:1 SARRERA:1 HONETATIK:1 BALIABIDE:1 BAITA:1 COPYRIGHT:1
https://zientzia.eus/argazki-galeriak/ehuko-argazki-zientifikoen-lehiaketa/	ARGAZKI:6 ZIENTZIA:3 BIZITZA:5 BIOLOGIA:2 JOAN:5 KLIMA:2 LURRA:2 URA:3 ENERGIA:2 TEKNOLOGIA:4 INGENIARITZA:3 ZIENTZIAK:2 HEZKUNTZA:4 FISIKA:2 KIMIKA:2 MATEMATIKA:2 ASTRONOMIA:2 GAI:2 JARRAITU:2 ZURE:3 ETXEAN:1 JASO:2 NAHI:1 DUZU:1 GURI:1 BURUZ:1 NOR:3 GARA:2 POLITIKA:2 VOUS:1 CONTENT:1 YOU:1 WANT:1 CONTINUE:1 YES:1 ITZULPEN:1 FRANCAIS:1 ENTZUN:1 ZAZPIGARREN:1 EUSKAL:1 HERRIKO:1 ZERBITZU:1 ETA:13 DITUZTE:1 ZIENTZIEN:2 IZAN:2 ARGAZKIA:1 BERRI:1 BATEN:4 LORTU:1 HIRU:1 BAT:1 HAZKUNTZA:1 ABERATSA:1 DIRA:4 BERAZ:1 BERRIZ:1 ADIERAZPEN:1 OINARRI:1 BATEAN:1 FIN:1 IKUS:1 DAITEKE:1 AUKERA:1 EGIN:2 ZEN:1 HONETAN:1 MINTZ:2 ZAIO:1 HORRI:1 ELEKTRONIKA:1 ERABILI:1 AHAL:1 IZANGO:1 KOBRE:1 GUZTIAK:1 DAUDE:2 MAR:1 GURE:1 ASTEROKO:1 SARRERA:1 HONETATIK:1 BALIABIDE:1 BAITA:1 ERE:1 COPYRIGHT:1
https://zientzia.eus/argazki-galeriak/beste-eskala-batean-murgilduta/	BESTE:2 BATEAN:3 ZIENTZIA:1 BIZITZA:5 BIOLOGIA:3 JOAN:5 KLIMA:2 LURRA:2 URA:3 ENERGIA:2 TEKNOLOGIA:4 INGENIARITZA:2 ZIENTZIAK:2 HEZKUNTZA:4 FISIKA:2 KIMIKA:2 MATEMATIKA:2 ASTRONOMIA:2 GAI:2 JARRAITU:2 ZURE:3 ETXEAN:1 JASO:2 NAHI:1 DUZU:1 GURI:1 BURUZ:1 NOR:3 GARA:2 POLITIKA:2 VOUS:1 CONTENT:1 YOU:1 WANT:1 CONTINUE:1 YES:1 ITZULPEN:1 FRANCAIS:1 ARGAZKI:2 ENTZUN:1 MUNDUA:1 GURE:5 ALDAKETA:1 ERE:2 UTZ:1 GAITZAKE:1 AURREAN:1 AZALDU:1 ETA:8 MUNDU:2 BIZI:1 OTE:1 BAGAUDE:1 BERRI:1 GAITEZKE:1 HORI:1 HAU:1 WORLD:1 DIRA:3 HAUEK:1 SOIL:1 BATEZ:1 ISATS:1 LARGE:1 ZELULA:1 BATEN:1 ESKOLA:1 BEHI:1 ERRESUMA:1 KAKALARDO:2 DUTE:1 BEHAR:1 DITUZTE:1 INSTITUTU:1 ZEBRA:3 LAU:1 ERBI:1 DITU:1 BAT:1 ARI:1 TIME:1 OSO:1 CANCER:1 ASTEROKO:1 SARRERA:1 HONETATIK:1 BALIABIDE:1 BAITA:1 DAUDE:1 COPYRIGHT:1
https://zientzia.eus/argazki-galeriak/basabizitza-ikusmiran/	ZIENTZIA:1 BIZITZA:5 BIOLOGIA:2 JOAN:6 KLIMA:2 LURRA:2 URA:4 ENERGIA:2 TEKNOLOGIA:4 INGENIARITZA:2 ZIENTZIAK:2 HEZKUNTZA:4 FISIKA:2 KIMIKA:2 MATEMATIKA:2 ASTRONOMIA:2 GAI:3 JARRAITU:3 ZURE:3 ETXEAN:1 JASO:2 NAHI:1 DUZU:1 GURI:1 BURUZ:1 NOR:3 GARA:2 POLITIKA:2 VOUS:1 CONTENT:1 YOU:1 WANT:1 CONTINUE:1 YES:1 ITZULPEN:1 FRANCAIS:1 ARGAZKI:5 ENTZUN:1 ERRAZ:1 DOA:1 PIKONDO:1 GORA:2 UTZI:1 BAT:5 METRO:1 EGIN:2 BEHAR:3 DITU:1 BAINA:4 AURKITUKO:2 LEHENAGO:1 ERE:7 ZUHAITZ:4 HONETAN:2 ONGI:2 EZAGUTZEN:1 ZABAL:1 HAU:2 PARKE:2 ZEIN:1 ETA:19 NOIZ:1 BIOLOGO:1 HIRU:1 EGUN:1 PASATU:1 ZITUEN:2 IGO:1 KAMERA:1 BATZUK:1 HORRELA:1 LORTU:2 ZUEN:8 BURUAN:1 IZAN:5 THE:13 YEAR:9 BEZALA:1 BESTE:2 HAMAIKA:1 EKARRI:1 DIZKIGU:1 GURE:2 AUKERAKETA:1 DUZUE:1 BANATZEN:1 CATCH:1 DITUZTE:3 AZKEN:4 BALEAK:1 HASI:2 DIRA:8 HANDI:1 HONEK:1 IKASI:1 ZER:1 SOINU:1 EGITEN:5 IHES:1 ARI:1 FISH:1 ITSASO:1 DAGO:1 NON:1 EZKUTATU:2 HALA:1 AZALEKO:1 ARGI:2 DUTE:1 BAINO:1 ARABERA:1 DESBERDIN:1 LIGHT:1 ANGEL:3 MAR:1 URAK:1 BATERA:1 LUZE:1 ITXARON:1 ARGAZKIA:1 ARTE:1 AZKENEAN:1 ATZEAN:1 ZEN:7 BATEAN:1 AGERTU:1 IGERI:1 HAREN:1 ZIREN:3 FESTA:1 HILERO:1 GORRI:1 HORREN:1 BERRI:1 ZERGATIK:1 ZEUDEN:1 SAIATU:1 ULERTU:1 KORRONTE:1 BATEK:1 ASKO:1 ZEGOEN:1 KONTURATU:1 KATE:1 MODUKO:1 HAN:1 ITZULI:1 MUSKER:1 SARTU:1 IKUSI:1 ZUTEN:2 HURA:1 ZIOTEN:1 BAITA:2 ZINTZILIK:2 TIRA:1 GORDE:1 HABIA:1 BATEN:1 BILA:1 PUTZU:1 IGEL:1 DAUDE:3 EME:2 IRITSI:1 ESTALI:1 DIO:2 BOST:1 EUTSI:1 ARRAUTZA:1 BITARTEAN:1 ZAIN:1 WIND:1 HAIZE:1 BOLADA:1 LORE:2 DAUDEN:1 INGURU:1 LAN:1 HORI:1 ELKARRI:1 ASTEROKO:1 SARRERA:1 HONETATIK:1 BALIABIDE:1 COPYRIGHT:1
https://zientzia.eus/argazki-galeriak/leiho-bat-biodibertsitateari/	LEIHO:4 BAT:8 ZIENTZIA:1 BIZITZA:5 BIOLOGIA:2 JOAN:6 KLIMA:2 LURRA:2 URA:3 ENERGIA:2 TEKNOLOGIA:4 INGENIARITZA:2 ZIENTZIAK:2 HEZKUNTZA:4 FISIKA:2 KIMIKA:2 MATEMATIKA:2 ASTRONOMIA:2 GAI:2 JARRAITU:2 ZURE:3 ETXEAN:1 JASO:2 NAHI:1 DUZU:1 GURI:1 BURUZ:1 NOR:3 GARA:3 POLITIKA:2 VOUS:1 CONTENT:1 YOU:1 WANT:1 CONTINUE:1 YES:1 ITZULPEN:1 FRANCAIS:1 ARGAZKI:2 ENTZUN:1 DAGO:5 BAINA:5 HALA:3 ERE:11 DIO:3 MINA:17 IZAN:5 DIRA:9 IKUSTEN:3 EDERRA:16 ETA:27 EGOTEN:2 SAIATU:1 NAIZ:4 EGIN:2 URTE:3 BATZUK:1 ONDOREN:1 PASATU:1 ZEN:1 BETI:1 EGON:1 EGITEN:3 AZKEN:1 BAI:1 INTERESGARRI:1 ASKO:1 NUEN:2 PENTSATU:1 LAN:2 DITU:3 BEGIRA:2 JARRI:2 HONETAN:1 MUNDU:1 OSOKO:1 DAUDEN:1 EMAN:1 GURE:5 ARRAIN:1 DAUDE:2 BEREZITASUN:1 DAUKA:2 ALGA:3 LUKETE:1 NAGUSI:2 EDO:3 HEMEN:1 BAINO:1 PIXKA:1 HORI:1 URAK:1 HAU:1 MAILA:1 DIE:1 ANIMALIA:1 EUSKAL:1 HERRIKO:1 URETAN:1 IRUDI:2 BAITA:2 ZEHAR:2 NOLA:2 HASI:1 MENDI:1 ALDEAN:1 DUT:1 OSOA:1 DARAMAT:1 OSOAN:1 DOAZEN:1 ALDATZEN:1 ANIMALIAK:1 ATZEAN:1 DAGOELA:1 LANA:2 BERAZ:1 BUKATU:1 OSO:3 BARE:1 BANOA:1 SEGURU:1 KAMERA:1 DUELA:1 IZANGO:1 ARRA:2 HABIA:2 EGUNA:1 BIZKAR:1 ARTEAN:1 GABE:1 ZAIZKIGU:1 BEREN:1 BEGI:1 BEGIRATZEN:1 GAITUZTE:1 ELKARREKIN:1 BUKAERA:1 OCTOPUS:1 IZAR:3 OIN:1 EZIN:1 HOBEKI:1 IHES:1 KORRIKA:1 IGERIAN:1 TRIKUA:1 ESKER:2 EGITURARI:1 ITSASO:1 DEZAKETE:1 ERAGIN:1 DITZAKETE:1 ASTEROKO:1 SARRERA:1 HONETATIK:1 BALIABIDE:1 COPYRIGHT:1
https://zientzia.eus/argazki-galeriak/fotciencia-2015/	ZIENTZIA:1 BIZITZA:5 BIOLOGIA:2 JOAN:5 KLIMA:2 LURRA:2 URA:3 ENERGIA:2 TEKNOLOGIA:4 INGENIARITZA:2 ZIENTZIAK:2 HEZKUNTZA:4 FISIKA:2 KIMIKA:2 MATEMATIKA:2 ASTRONOMIA:2 GAI:2 JARRAITU:2 ZURE:3 ETXEAN:1 JASO:2 NAHI:1 DUZU:1 GURI:1 BURUZ:1 NOR:3 GARA:2 POLITIKA:2 VOUS:1 CONTENT:1 YOU:1 WANT:1 CONTINUE:1 YES:1 ITZULPEN:1 FRANCAIS:1 ARGAZKI:4 ENTZUN:1 SEI:1 UME:2 BATEK:1 BATEN:2 JARRI:1 ETA:12 ONDOREN:1 HAU:1 ATERA:1 AHAL:1 IZAN:3 ZUTEN:1 HAIEN:1 ZEN:1 ADIN:1 BAINA:1 BIZI:1 TAMAINA:1 KOLORE:1 ATZEAN:1 ONDDO:1 ESPEZIE:1 DAUDE:3 DIRA:3 MUNDU:1 MUNDO:1 TOM:1 LEHEN:2 KRISTAL:1 BAT:1 IKUSTEN:1 HAMAIKA:1 EDO:1 DAITEZKE:1 HALA:1 IZANGO:1 ERAGIN:1 DUTE:1 HONETAN:1 ALUMINIO:1 ARRISKUTSU:1 METAL:1 PEAN:1 IGEL:1 HAUEK:1 BATZUETAN:2 BIZKAR:1 IKUS:1 DAITEKE:1 BESTE:1 BAITA:2 ERE:2 ZER:1 DAGO:1 NIÑO:1 LERA:2 SARI:1 GURE:1 ASTEROKO:1 SARRERA:1 HONETATIK:1 BALIABIDE:1 COPYRIGHT:1
https://zientzia.eus/argazki-galeriak/hunkitzen-duen-basabizitza/	ZIENTZIA:1 BIZITZA:5 BIOLOGIA:2 JOAN:5 KLIMA:2 LURRA:2 URA:4 ENERGIA:2 TEKNOLOGIA:4 INGENIARITZA:2 ZIENTZIAK:2 HEZKUNTZA:4 FISIKA:2 KIMIKA:2 MATEMATIKA:2 ASTRONOMIA:2 GAI:2 JARRAITU:2 ZURE:3 ETXEAN:1 JASO:2 NAHI:2 DUZU:1 GURI:1 BURUZ:1 NOR:3 GARA:2 POLITIKA:2 VOUS:1 CONTENT:1 YOU:1 WANT:1 CONTINUE:1 YES:1 ITZULPEN:1 FRANCAIS:1 ARGAZKI:2 ENTZUN:1 AZERI:6 GORRI:1 BAT:4 IKUSI:3 ZUEN:3 ANIMALIA:2 ZURI:2 BATEN:2 KONTURATU:1 ZEN:4 ETA:22 ASE:1 ARTE:1 JAN:2 NAHIKOA:2 AZALDU:2 UTZI:1 AZTARNA:1 ARI:3 HONETAN:2 BERE:3 EGITEN:3 TOPO:1 GERO:1 BIHURTU:1 ORAIN:2 BAITA:2 HAREN:2 NAGUSI:1 ERE:4 ARGAZKIA:4 ADIERAZGARRI:1 THE:10 YEAR:8 BAINA:1 BASA:1 BASATI:1 HAMAIKA:1 DIO:2 BALEAK:2 BATEZ:2 BALEA:4 IRENTSI:1 DITU:2 BAKAR:1 EGIN:6 TXIKI:1 DIRA:8 BESTE:3 ALDEAN:1 TONA:1 URTE:1 OSOA:1 TROPIKAL:1 URAK:1 HONEN:2 IZAN:2 BALEEK:1 DUTE:1 ATERA:2 ARTERA:1 LIFE:2 ART:2 ETXEKO:1 ETORTZEN:1 HABIA:1 ZINTZILIKATU:1 SARTU:1 LEIHO:1 HAU:1 OPARITU:1 ZION:1 MUNDU:1 BALETOR:1 BEZALA:2 ERREPUBLIKA:1 AITAK:1 ZUTEN:3 BIDAIA:1 EGUZKI:1 DAGOEN:1 HAUEN:1 ZITZAIDAN:1 EZIN:1 GAU:1 HARTAN:1 AITA:1 HAIEN:1 ZITUEN:2 AHAL:1 GUZTIA:1 ZEIN:2 BAINO:1 BIZI:1 ERRETRATUA:1 ARTEAN:1 DIRUDI:1 ARE:1 DAUDEN:1 AZALEKO:1 ONDDO:1 BATEK:1 JOTA:1 DAUDE:2 ASKO:3 FUNTSEZKO:1 ZAIE:1 SUNTSITU:1 JADA:1 OSORA:1 BELDUR:1 THREE:1 BEN:2 EGUN:1 EMAN:1 BEGIRA:1 HIRU:1 BELATZ:1 HANDI:1 ULERTU:1 EME:1 ELKARREKIN:1 EGOTEN:1 ZIREN:1 DENBORA:1 GERTU:1 ELKAR:1 ARRA:1 EDO:1 TXITA:1 UDABERRI:1 ORO:1 ALDATU:1 INOIZ:1 KOLORE:1 GATZ:1 PERE:1 TWO:1 GURE:1 ASTEROKO:1 SARRERA:1 HONETATIK:1 BALIABIDE:1 COPYRIGHT:1
https://zientzia.eus/argazki-galeriak/aldapetako-arrasto-ilunak-marten/	ZIENTZIA:1 BIZITZA:5 BIOLOGIA:2 JOAN:5 KLIMA:2 LURRA:2 URA:3 ENERGIA:2 TEKNOLOGIA:4 INGENIARITZA:2 ZIENTZIAK:2 HEZKUNTZA:4 FISIKA:2 KIMIKA:2 MATEMATIKA:2 ASTRONOMIA:2 GAI:2 JARRAITU:2 ZURE:3 ETXEAN:1 JASO:2 NAHI:1 DUZU:1 GURI:1 BURUZ:1 NOR:3 GARA:2 POLITIKA:2 VOUS:1 CONTENT:1 YOU:1 WANT:1 CONTINUE:1 YES:1 ITZULPEN:1 FRANCAIS:1 ARGAZKI:2 ENTZUN:1 ILUN:6 BATZUK:6 DIRA:7 IZATEN:6 DUTE:6 ETA:16 BAT:6 GAZI:6 EGON:6 ATZEAN:6 ORAIN:6 GATZ:6 EGIN:6 HORI:6 NASA:5 GURE:1 ASTEROKO:1 SARRERA:1 HONETATIK:1 BALIABIDE:1 BAITA:1 ERE:1 DAUDE:1 COPYRIGHT:1
https://zientzia.eus/argazki-galeriak/talkaren-isuria/	ZIENTZIA:1 BIZITZA:5 BIOLOGIA:2 JOAN:5 KLIMA:2 LURRA:2 URA:3 ENERGIA:2 TEKNOLOGIA:4 INGENIARITZA:2 ZIENTZIAK:2 HEZKUNTZA:4 FISIKA:2 KIMIKA:2 MATEMATIKA:2 ASTRONOMIA:2 GAI:2 JARRAITU:2 ZURE:3 ETXEAN:1 JASO:2 NAHI:1 DUZU:1 GURI:1 BURUZ:1 NOR:3 GARA:2 POLITIKA:2 VOUS:1 CONTENT:1 YOU:1 WANT:1 CONTINUE:1 YES:1 ITZULPEN:1 FRANCAIS:1 ARGAZKI:2 ENTZUN:1 KOMETA:1 EDO:2 ASTEROIDE:1 BATEK:1 PLANETA:1 BAT:1 HORREN:1 ADIBIDE:1 DIRA:3 IRUDI:2 HONETAN:2 IKUSTEN:2 ETA:9 TALKA:2 BESTE:1 BATZUK:1 ERE:3 GAIN:1 IZAN:1 BATEAN:1 ASKO:1 URTU:1 EGITEN:2 BERE:1 IBAI:1 HORIXE:1 MARS:1 SAKONERA:3 DUTE:1 URDIN:1 THE:2 GURE:1 ASTEROKO:1 SARRERA:1 HONETATIK:1 BALIABIDE:1 BAITA:1 DAUDE:1 COPYRIGHT:1
https://zientzia.eus/argazki-galeriak/nekazaritza-paisaiak/	NEKAZARITZA:3 ZIENTZIA:1 BIZITZA:5 BIOLOGIA:2 JOAN:5 KLIMA:2 LURRA:2 URA:3 ENERGIA:2 TEKNOLOGIA:4 INGENIARITZA:2 ZIENTZIAK:2 HEZKUNTZA:4 FISIKA:2 KIMIKA:2 MATEMATIKA:2 ASTRONOMIA:2 GAI:2 JARRAITU:2 ZURE:3 ETXEAN:1 JASO:2 NAHI:1 DUZU:1 GURI:1 BURUZ:1 NOR:3 GARA:2 POLITIKA:2 VOUS:1 CONTENT:1 YOU:1 WANT:1 CONTINUE:1 YES:1 ITZULPEN:1 FRANCAIS:1 ARGAZKI:2 ENTZUN:1 ETA:27 DIRA:10 BEGIRA:1 FORMA:1 DAGO:1 BASO:1 SARRERA:2 HONEK:1 ZIRKULU:1 ARI:1 URARI:1 ESKER:1 AZKEN:1 BETE:1 ZIREN:2 DAKI:1 ZENBAT:1 DAGOEN:1 BAINA:2 DUTE:6 BAT:3 IZANGO:1 HORI:2 NASA:18 LUR:5 UHOLDE:1 MUGA:2 UNIVERSITY:2 DELTA:1 BERDE:3 IRUDI:1 HONETAN:1 ZUZEN:1 ERE:2 HELBURU:1 DUELA:1 URTE:1 ZUTEN:1 HORREK:1 PROBINTZIA:1 TERRA:2 SPACE:4 SCIENCE:6 TEAM:6 ARGI:1 VALLEY:1 ZAIO:1 HONI:1 UREN:1 BARAZKI:1 HAU:2 HASI:1 ARROZ:2 ZERRENDA:1 IZAR:1 ITXURA:2 BOST:1 ESKOLA:1 ELIZA:1 TABERNA:1 FUTBOL:1 ZELAI:1 ERDIGUNE:1 GARAI:1 BATEAN:1 ZUEN:1 OIHAN:1 PATATA:1 SOJA:1 ARTOA:1 HAUETAN:1 ASTRONAUTA:1 BATEK:1 ARGAZKIA:1 IZAN:1 LITEZKE:1 GARI:1 BESTE:1 ASKO:1 KOLORE:1 IKUSTEN:1 DOAZ:1 EROS:2 DATA:2 GURE:1 ASTEROKO:1 HONETATIK:1 BALIABIDE:1 BAITA:1 DAUDE:1 COPYRIGHT:1
https://zientzia.eus/argazki-galeriak/erlaitz-haitzulogo-grabatuak/	ZIENTZIA:1 BIZITZA:5 BIOLOGIA:2 JOAN:5 KLIMA:2 LURRA:2 URA:3 ENERGIA:2 TEKNOLOGIA:4 INGENIARITZA:2 ZIENTZIAK:2 HEZKUNTZA:4 FISIKA:2 KIMIKA:2 MATEMATIKA:2 ASTRONOMIA:2 GAI:2 JARRAITU:2 ZURE:3 ETXEAN:1 JASO:2 NAHI:1 DUZU:1 GURI:1 BURUZ:1 NOR:3 GARA:2 POLITIKA:2 VOUS:1 CONTENT:1 YOU:1 WANT:1 CONTINUE:1 YES:1 ITZULPEN:1 FRANCAIS:1 ARGAZKI:2 ENTZUN:1 AURKITU:1 DITUZTE:2 ETA:6 URTE:1 ARTEAN:1 IZAN:2 DITZAKETE:1 ANIMALIA:2 DIRA:2 OREINAK:1 BATZUK:1 IDENTIFIKATU:1 BATEN:1 DAITEKE:1 ZEHAZTU:1 OREIN:1 ZALDIA:2 ZALDI:1 GURE:1 ASTEROKO:1 SARRERA:1 HONETATIK:1 BALIABIDE:1 BAITA:1 ERE:1 DAUDE:1 COPYRIGHT:1
https://zientzia.eus/argazki-galeriak/lokatzezko-sumendiak/	ZIENTZIA:1 BIZITZA:5 BIOLOGIA:2 JOAN:5 KLIMA:2 LURRA:2 URA:4 ENERGIA:2 TEKNOLOGIA:4 INGENIARITZA:2 ZIENTZIAK:2 HEZKUNTZA:4 FISIKA:2 KIMIKA:2 MATEMATIKA:2 ASTRONOMIA:2 GAI:3 JARRAITU:2 ZURE:3 ETXEAN:1 JASO:2 NAHI:1 DUZU:1 GURI:1 BURUZ:1 NOR:3 GARA:2 POLITIKA:2 VOUS:1 CONTENT:1 YOU:1 WANT:1 CONTINUE:1 YES:1 ITZULPEN:1 FRANCAIS:1 ARGAZKI:2 ENTZUN:1 HEGO:1 MENDIETAN:1 GERTU:1 DAUDE:2 SUMENDI:13 HAUEK:3 DEI:1 IZAN:1 ERE:4 DUTE:1 METRO:1 BATZUK:1 GARAI:1 EGITURA:2 ETA:11 ZUZEN:1 DAGOEN:1 GAS:1 BATEN:1 SORTU:1 DIRA:4 BUZTIN:1 URAK:1 DITU:1 LOKATZ:1 ATERA:1 DOAN:1 DAGOELA:1 IRUDI:1 BAITA:2 BAI:1 OSO:1 LANDARE:1 LUR:1 GAZI:1 POP:1 GURE:1 ASTEROKO:1 SARRERA:1 HONETATIK:1 BALIABIDE:1 COPYRIGHT:1
https://zientzia.eus/argazki-galeriak/pinguino-artean/	PINGUINO:9 ARTEAN:2 ZIENTZIA:1 BIZITZA:5 BIOLOGIA:2 JOAN:5 KLIMA:2 LURRA:2 URA:3 ENERGIA:2 TEKNOLOGIA:4 INGENIARITZA:2 ZIENTZIAK:2 HEZKUNTZA:4 FISIKA:2 KIMIKA:2 MATEMATIKA:2 ASTRONOMIA:2 GAI:2 JARRAITU:2 ZURE:3 ETXEAN:1 JASO:2 NAHI:1 DUZU:1 GURI:1 BURUZ:1 NOR:3 GARA:2 POLITIKA:2 VOUS:1 CONTENT:1 YOU:1 WANT:1 CONTINUE:1 YES:1 ITZULPEN:1 FRANCAIS:1 ARGAZKI:2 ENTZUN:1 ANIMALIAK:2 BAT:4 NOLA:1 ETA:9 GABE:3 EDO:2 HAIEN:1 ERAGIN:1 AUKERA:2 IZAN:2 LITEZKE:1 ESPERIMENTU:2 DITUZTE:1 EMAITZAK:1 BATEAN:3 BIHOTZ:1 JARRI:2 ZIZKIETEN:1 ANTENA:2 ZITEKEEN:1 HORI:3 IBILGAILU:3 TXIKI:1 ZUTEN:4 IKUSI:1 AZKARRAGO:1 ETORTZEN:1 BERE:1 LAN:1 BAINO:1 BESTE:2 IKUS:1 ONGI:1 ONARTU:1 TXITA:1 HELDU:1 BATZUK:2 ERE:3 SAIATU:1 ZIREN:1 LEHEN:1 LORTU:1 DUTE:2 ANIMALIEN:1 HAIEK:1 PERTSONA:1 BATEK:1 HALA:1 ONDORIOZTATU:1 ESPEZIE:1 HAUEK:1 MOR:1 GURE:1 ASTEROKO:1 SARRERA:1 HONETATIK:1 DIRA:1 BALIABIDE:1 BAITA:1 DAUDE:1 COPYRIGHT:1
https://zientzia.eus/argazki-galeriak/mikroskopioaren-argitara/	ZIENTZIA:2 BIZITZA:5 BIOLOGIA:2 JOAN:5 KLIMA:2 LURRA:2 URA:3 ENERGIA:2 TEKNOLOGIA:4 INGENIARITZA:2 ZIENTZIAK:2 HEZKUNTZA:4 FISIKA:2 KIMIKA:2 MATEMATIKA:2 ASTRONOMIA:2 GAI:2 JARRAITU:2 ZURE:3 ETXEAN:1 JASO:4 NAHI:1 DUZU:1 GURI:1 BURUZ:2 NOR:3 GARA:2 POLITIKA:2 VOUS:1 CONTENT:1 YOU:1 WANT:1 CONTINUE:1 YES:1 ITZULPEN:1 FRANCAIS:1 ARGAZKI:4 ENTZUN:1 WORLD:1 URTE:2 ETA:13 GURE:2 AZKEN:1 LAU:1 EGIN:1 DENBORA:1 KAPSULA:1 BATEN:1 DIO:2 INGURU:1 DITUZTE:1 BAT:1 NABARMENDU:1 DITUGU:1 BATZUK:1 ARTEAN:1 ARGAZKIA:1 AHOA:3 ZUEN:2 UTZI:1 DITU:1 AZPIMARRATU:1 DUTE:1 HAIEK:1 GAIN:1 BEHAR:1 IZAN:2 UNE:1 HORI:2 BEGIRA:1 ERE:3 GAUR:1 EGUN:1 ESKU:1 BAKARRIK:1 DAGOEN:1 ZERBAIT:2 MUGIMENDU:1 IKUSTEN:2 EGITEN:1 ZARA:1 PENTSATU:1 NUEN:1 EZIN:1 DUT:2 ZER:1 ARI:1 HAU:1 OSO:2 EDERRA:1 ORAIN:1 ZIENTZIARI:1 DAGOELA:1 OSKOLA:1 ARGAZKILARITZA:2 ZEBRA:1 INSTITUTU:2 PERLA:1 POINT:2 ASTEROKO:1 SARRERA:1 HONETATIK:1 DIRA:1 BALIABIDE:1 BAITA:1 DAUDE:1 COPYRIGHT:1
https://zientzia.eus/argazki-galeriak/basabizitzaren-zelatariak/	ZIENTZIA:1 BIZITZA:5 BIOLOGIA:2 JOAN:6 KLIMA:2 LURRA:2 URA:4 ENERGIA:2 TEKNOLOGIA:4 INGENIARITZA:2 ZIENTZIAK:2 HEZKUNTZA:4 FISIKA:2 KIMIKA:2 MATEMATIKA:2 ASTRONOMIA:2 GAI:2 JARRAITU:2 ZURE:3 ETXEAN:1 JASO:2 NAHI:4 DUZU:1 GURI:1 BURUZ:1 NOR:3 GARA:2 POLITIKA:2 VOUS:1 CONTENT:1 YOU:1 WANT:1 CONTINUE:1 YES:1 ITZULPEN:1 FRANCAIS:1 ARGAZKI:6 ENTZUN:1 LEHOIEN:1 ETA:31 GUK:1 NOLA:2 IKUSTEN:2 BATERA:1 ZITUEN:4 IRUDI:3 BAT:8 SORTU:1 ZUEN:15 LEHOIAK:1 ARGAZKIA:6 ATERA:7 BAINO:3 EME:1 TALDE:1 HONEK:1 BATI:2 ERASO:1 EGIN:2 AURREAN:1 ZUTEN:1 ORAIN:1 ZEUDEN:2 EUREN:1 SEI:1 HILABETE:1 HARK:1 HORRI:1 ESKER:1 NAHIKOA:1 AHAL:2 IZAN:8 ARRATSALDE:1 ERE:5 DITU:2 ZERBAIT:1 HAU:6 IZENDATU:1 DUTE:2 THE:16 YEAR:11 BEZALA:2 BESTE:2 HAMAIKA:2 EKARRI:1 DIZKIGU:1 GURE:2 AUKERAKETA:1 DUZUE:1 ZER:1 BERRI:1 PARK:1 BATEK:2 GERTU:2 ZION:2 GAZTE:1 HONI:1 BATEAN:1 KENDU:1 ALDE:1 HAN:1 ZEGOEN:5 HURA:2 ZEN:14 PUTZU:1 LENTE:1 ZERABILEN:1 AZKENEAN:2 PERTSONA:1 HARTU:2 BEGIRA:1 JARRI:1 SAGUA:1 ILARGIA:2 MOUSE:1 MOON:1 AND:1 EGUNERO:1 EGITEN:2 HANDI:1 HASI:1 KONTURATU:2 ZIREN:3 SAGU:1 URTXINTXAK:1 IRITSI:2 TAMAINA:2 ETZAN:1 KAMERA:1 ANIMALIA:1 TXIKI:1 HAIEK:1 GAUEKO:1 HAREN:1 GORDE:1 ARGI:1 ERABILI:1 HALA:1 ELTXO:1 ERRETRATU:1 JAN:2 DER:4 ZEBILEN:1 MOKO:2 HEGAZTI:1 HORI:1 BAINA:4 ONGI:1 IKUSI:5 BEHAR:2 HAIEI:1 DIOTE:1 EDO:2 BITAN:1 DORTOKA:1 ETORTZEN:1 DIRA:3 HAMAR:1 URTE:1 INOIZ:2 NOIZ:1 HONDARTZA:1 SUMENDI:1 PARKE:1 KEA:1 NIRE:1 GAUZARIK:1 EGUZKI:1 BILA:1 ZIHOAN:1 BASORA:1 EMAN:1 ZIOTEN:1 GERO:1 ZITUZTEN:1 TOUCH:1 HAMABOST:1 BURUAN:1 UDAN:1 AUKERA:2 BETE:1 GALDU:1 BERE:1 ANGELU:1 BEHARRA:1 ZEUKAN:1 JASAN:1 ELKAR:1 ATZEAN:1 BAI:2 ERAKUTSI:1 SUGE:3 SNAKE:1 BERDE:1 ETXEKO:1 DAGOENEKO:1 DAGO:1 ARTEAN:2 MUSKER:1 LANDARE:1 ETEN:1 GABE:1 DIO:1 ARE:1 ZAIZKIT:1 ARRAIN:2 ERREPUBLIKA:1 LEUNEN:1 MUGIMENDU:1 URETAN:1 AURKITU:1 HAUEK:1 ZIRUDIEN:1 GAR:1 AZKEN:1 PICTURE:1 ASTEROKO:1 SARRERA:1 HONETATIK:1 BALIABIDE:1 BAITA:1 DAUDE:1 COPYRIGHT:1
https://zientzia.eus/argazki-galeriak/10-urteko-bidea-kometaren-azalera/	ZIENTZIA:1 BIZITZA:5 BIOLOGIA:2 JOAN:6 KLIMA:2 LURRA:3 URA:3 ENERGIA:2 TEKNOLOGIA:4 INGENIARITZA:2 ZIENTZIAK:2 HEZKUNTZA:4 FISIKA:2 KIMIKA:2 MATEMATIKA:2 ASTRONOMIA:2 GAI:2 JARRAITU:2 ZURE:3 ETXEAN:1 JASO:2 NAHI:1 DUZU:1 GURI:1 BURUZ:1 NOR:3 GARA:2 POLITIKA:2 VOUS:1 CONTENT:1 YOU:1 WANT:1 CONTINUE:1 YES:1 ITZULPEN:1 FRANCAIS:1 ARGAZKI:3 ENTZUN:1 HAMAR:1 URTE:2 ETA:15 BIDE:3 EGIN:2 ESPAZIO:2 KOMETA:3 BATERA:1 IRITSI:2 LEHEN:1 HIRU:2 IKUSI:1 ERE:2 ZUEN:1 TOPO:1 GERO:1 ERDI:1 ZITUEN:1 ESNATU:1 ABIATU:1 ZEN:2 BILA:1 LAGUNDU:1 BAT:4 ONDO:2 BADOA:2 HIL:1 HONETAN:1 DARAMAN:1 LUR:1 DAGOENEKO:1 POLITAK:1 UTZI:1 DIZKIGU:1 EGUN:1 IZANGO:1 SARTU:1 ATZEAN:2 DUELA:2 UZTAILA:1 ARTEAN:1 DAGOEN:1 ASTEROIDE:1 XEHETASUN:1 KRATER:1 BAINO:3 SCIENCE:1 TEAM:10 IDA:10 AZAROA:3 ORDU:1 PARE:1 FALTA:1 AZKEN:1 HARTU:2 GERTU:1 HEGO:1 BIGARREN:1 BISITA:1 ARI:2 ARGAZKIA:2 OTSAILA:4 GORRI:1 BERDE:1 EGON:2 MINUTU:2 LEHENAGO:2 MARTXOA:2 ILARGIA:1 LAGUNTZA:1 ONDOREN:1 SPACE:1 BERE:1 BIDAIA:1 DOA:1 DER:2 GURE:1 ASTEROKO:1 SARRERA:1 HONETATIK:1 DIRA:1 BALIABIDE:1 BAITA:1 DAUDE:1 COPYRIGHT:1
https://zientzia.eus/argazki-galeriak/rio-tinto-ibai-estralurtarra/	RIO:13 IBAI:4 ZIENTZIA:1 BIZITZA:6 BIOLOGIA:2 JOAN:5 KLIMA:2 LURRA:2 URA:3 ENERGIA:2 TEKNOLOGIA:5 INGENIARITZA:2 ZIENTZIAK:2 HEZKUNTZA:4 FISIKA:2 KIMIKA:2 MATEMATIKA:2 ASTRONOMIA:2 GAI:2 JARRAITU:2 ZURE:3 ETXEAN:1 JASO:2 NAHI:1 DUZU:1 GURI:1 BURUZ:1 NOR:3 GARA:2 POLITIKA:2 VOUS:1 CONTENT:1 YOU:1 WANT:1 CONTINUE:1 YES:1 ITZULPEN:1 FRANCAIS:1 ARGAZKI:2 ENTZUN:1 BIZI:2 ETA:14 NEKEZ:1 METAL:1 DAUDE:2 OXIGENO:1 DUTE:2 DIRA:6 IZUGARRI:1 PUNTU:1 BATZUETAN:1 AZIDO:1 HUTS:1 BAINA:1 HALA:1 ERE:5 DAGO:2 HAU:1 ESPEZIE:1 BATZUK:1 DITUZTE:1 HORREK:1 DIO:1 ZUZEN:1 KOLORE:1 BURDIN:1 IZAN:3 BURDINA:1 URREA:1 ZILARRA:1 ABAR:1 ZEN:1 DABILTZA:1 ITXURA:1 GAIN:1 DAUKATE:1 ESPAZIO:1 ROBOTA:1 DARAMATZATE:1 ADIBIDEZ:1 EDO:1 ASTRONAUTA:1 GURE:1 ASTEROKO:1 SARRERA:1 HONETATIK:1 BALIABIDE:1 BAITA:1 COPYRIGHT:1
https://zientzia.eus/argazki-galeriak/itsasbideak/	ZIENTZIA:1 BIZITZA:5 BIOLOGIA:2 JOAN:5 KLIMA:2 LURRA:2 URA:3 ENERGIA:2 TEKNOLOGIA:4 INGENIARITZA:2 ZIENTZIAK:2 HEZKUNTZA:4 FISIKA:2 KIMIKA:2 MATEMATIKA:2 ASTRONOMIA:2 GAI:2 JARRAITU:2 ZURE:3 ETXEAN:1 JASO:2 NAHI:1 DUZU:1 GURI:1 BURUZ:1 NOR:3 GARA:2 POLITIKA:2 VOUS:1 CONTENT:1 YOU:1 WANT:1 CONTINUE:1 YES:1 ITZULPEN:1 FRANCAIS:1 ARGAZKI:2 ENTZUN:1 DIO:2 MUGA:2 BAINA:1 GABE:1 EMAN:1 DIE:1 FORMA:1 HISTORIAN:1 ZEHAR:1 DITU:2 OCEAN:1 DATA:1 SET:1 DATU:1 ETA:7 AGERTU:1 DIRA:2 GERO:1 IZAN:1 ERE:2 GURE:1 ASTEROKO:1 SARRERA:1 HONETATIK:1 BALIABIDE:1 BAITA:1 DAUDE:1 COPYRIGHT:1
https://zientzia.eus/argazki-galeriak/kristalen-haitzuloa/	ZIENTZIA:1 BIZITZA:5 BIOLOGIA:2 JOAN:5 KLIMA:2 LURRA:2 URA:5 ENERGIA:2 TEKNOLOGIA:4 INGENIARITZA:2 ZIENTZIAK:2 HEZKUNTZA:4 FISIKA:2 KIMIKA:2 MATEMATIKA:2 ASTRONOMIA:2 GAI:2 JARRAITU:2 ZURE:3 ETXEAN:1 JASO:2 NAHI:1 DUZU:1 GURI:1 BURUZ:1 NOR:3 GARA:2 POLITIKA:2 VOUS:1 CONTENT:1 YOU:1 WANT:1 CONTINUE:1 YES:1 ITZULPEN:1 FRANCAIS:1 ARGAZKI:2 ENTZUN:1 KRISTAL:2 BAT:3 DAGO:5 DIRA:4 INOIZ:1 AURKITU:3 METRO:1 DUTE:1 ETA:15 PISUA:1 ZUTEN:2 ZILAR:1 BERUN:1 TUNEL:1 BERRI:1 ARI:1 HAU:1 BEROA:1 HAN:1 ZAHAR:1 BATEAN:1 AZPIAN:1 DAUKA:1 HORREK:1 GAUR:1 EGUN:1 BAINA:1 UREZ:1 EGON:1 DENBORA:1 HORREN:1 OSO:1 HORRI:1 ESKER:1 SORTU:1 ERRALDOI:1 ROB:12 GURE:1 ASTEROKO:1 SARRERA:1 HONETATIK:1 BALIABIDE:1 BAITA:1 ERE:1 DAUDE:1 COPYRIGHT:1
https://zientzia.eus/argazki-galeriak/jaizkibel-hareharriaren-apetak/	ZIENTZIA:16 BIZITZA:5 BIOLOGIA:2 JOAN:5 KLIMA:2 LURRA:2 URA:4 ENERGIA:2 TEKNOLOGIA:4 INGENIARITZA:2 ZIENTZIAK:2 HEZKUNTZA:4 FISIKA:2 KIMIKA:2 MATEMATIKA:2 ASTRONOMIA:2 GAI:2 JARRAITU:2 ZURE:3 ETXEAN:1 JASO:2 NAHI:1 DUZU:1 GURI:1 BURUZ:2 NOR:3 GARA:2 POLITIKA:2 VOUS:1 CONTENT:1 YOU:1 WANT:1 CONTINUE:1 YES:1 ITZULPEN:1 FRANCAIS:1 ARGAZKI:2 ENTZUN:1 ETA:63 ZEHAR:1 ALTXOR:2 DAUDE:4 DIRA:22 GAL:8 BESTE:5 LANKIDE:1 URTE:2 DARAMATZATE:1 GAUR:3 ARTE:1 PUNTU:1 BAINO:3 AURKITU:2 DITUZTE:5 BERA:1 DUELA:1 BAT:8 HORREN:3 HAREA:2 HORI:3 BIHURTU:1 ZEN:3 GERO:1 ATERA:1 GERTATU:1 SORTU:1 AZALDU:1 EDO:3 ASKO:2 ZIENTZIARENTZAT:1 EZAGUTZEN:7 OSO:3 HARE:1 DIO:2 BAINA:3 ERE:5 EGUN:2 DITUGU:1 BATZUETAN:1 HORRI:1 ZAIO:1 AZIDO:1 HALA:1 EGITURA:2 INGURUNE:1 ARTEAN:2 FORMA:5 ABARASKA:1 GAIN:1 KORAL:1 MOTA:1 ALUMINIO:1 KALTZITA:1 GORA:2 ESPEZIE:1 BATZUK:3 FOSIL:1 IZAN:3 ZIENTIFIKO:1 LAGUNTZA:1 GABE:1 BALIABIDE:2 EGIN:2 BATEZ:1 ORAIN:1 DAGOENEKO:1 DAGOELA:2 PUNTA:1 AUKERA:1 HAU:1 LEHENAGO:3 EZAGUTU:1 BEHAR:2 FALTA:1 ARGI:1 UTZI:1 BERTIKAL:1 LABAR:3 IZUGARRI:1 EZIN:1 DUTE:1 JASAN:1 BERAZ:1 LITZATEKE:1 DAUDEN:3 SARE:2 DAGOEN:2 TAMAINA:2 HAR:1 DITZAKETE:1 ZIZARE:1 BATEN:1 ITXURA:1 ZORTZI:1 METRO:1 LUZE:1 ONDOEN:1 OIHAN:1 EUSKAL:1 SARRERA:2 ERREKA:1 BATEK:1 DITU:1 HONETAKO:1 INOIZ:1 ALE:1 BATEAN:1 INON:1 IKUSI:1 GURE:1 ASTEROKO:1 HONETATIK:1 BAITA:1 COPYRIGHT:1
https://zientzia.eus/argazki-galeriak/sima-de-los-huesos/	ZIENTZIA:1 BIZITZA:5 BIOLOGIA:2 JOAN:5 KLIMA:2 LURRA:2 URA:3 ENERGIA:2 TEKNOLOGIA:4 INGENIARITZA:2 ZIENTZIAK:2 HEZKUNTZA:4 FISIKA:2 KIMIKA:2 MATEMATIKA:2 ASTRONOMIA:2 GAI:2 JARRAITU:2 ZURE:3 ETXEAN:1 JASO:2 NAHI:1 DUZU:1 GURI:1 BURUZ:1 NOR:3 GARA:2 POLITIKA:2 VOUS:1 CONTENT:1 YOU:1 WANT:1 CONTINUE:1 YES:1 ITZULPEN:1 FRANCAIS:1 ARGAZKI:2 ENTZUN:1 ETA:4 GURE:1 ASTEROKO:1 SARRERA:1 HONETATIK:1 DIRA:1 BALIABIDE:1 BAITA:1 ERE:1 DAUDE:1 COPYRIGHT:1
https://zientzia.eus/argazki-galeriak/uharteak-itotzeko-arriskuan/	ZIENTZIA:1 BIZITZA:5 BIOLOGIA:2 JOAN:5 KLIMA:8 LURRA:2 URA:4 ENERGIA:2 TEKNOLOGIA:4 INGENIARITZA:2 ZIENTZIAK:2 HEZKUNTZA:4 FISIKA:2 KIMIKA:2 MATEMATIKA:2 ASTRONOMIA:2 GAI:2 JARRAITU:2 ZURE:3 ETXEAN:1 JASO:2 NAHI:2 DUZU:1 GURI:1 BURUZ:1 NOR:3 GARA:2 POLITIKA:2 VOUS:1 CONTENT:1 YOU:1 WANT:1 CONTINUE:1 YES:1 ITZULPEN:1 FRANCAIS:1 ARGAZKI:2 ENTZUN:1 UHARTE:5 ETA:23 ALDAKETA:1 MUNDU:2 AURREAN:1 BEHARRA:1 AZPIMARRATU:1 IZAN:2 DUTE:4 GORA:3 EGIN:1 AHALA:1 IZOTZA:1 MAILA:1 EGITEN:1 ARI:2 DAUDE:5 LEHEN:1 SARRERA:2 HONEK:1 KULTURA:1 LAU:1 TALDE:1 GUZTIRA:1 PERTSONA:1 INGURU:1 BIZI:5 DIRA:7 GOBERNU:1 ELKARTU:2 ERABAKI:1 BAT:1 HARTU:1 ZUTEN:1 RAKO:1 BABESTU:1 BEHAR:1 DEITU:1 ZIOTEN:1 OSOKO:1 ZAIZKIE:1 BESTE:2 ERE:3 BALIO:1 BEZALA:1 HAN:1 DAGOENEKO:2 DITUZTE:2 SCIENCE:1 PROGRAMA:1 AND:1 FUTURE:1 THE:1 EGUNGO:1 ARABERA:1 BERO:1 EGUN:1 ROB:2 AID:2 IPAR:1 DAGO:2 ERREPUBLIKA:1 HIRU:1 HAIEN:1 ARTEAN:1 BIZTANLE:3 GOBERNUAK:1 URAK:1 NEKAZARITZA:1 KUTSATU:1 DITU:1 URTE:1 BATEZ:1 METRO:1 BERAZ:1 AZPIAN:1 ARRISKU:1 GURE:1 ASTEROKO:1 HONETATIK:1 BALIABIDE:1 BAITA:1 COPYRIGHT:1
https://zientzia.eus/argazki-galeriak/ehuko-argazki-zientifikoen-v-lehiaketa/	ARGAZKI:7 ZIENTZIA:1 BIZITZA:5 BIOLOGIA:2 JOAN:5 KLIMA:2 LURRA:2 URA:3 ENERGIA:2 TEKNOLOGIA:5 INGENIARITZA:2 ZIENTZIAK:2 HEZKUNTZA:4 FISIKA:2 KIMIKA:2 MATEMATIKA:2 ASTRONOMIA:2 GAI:2 JARRAITU:2 ZURE:3 ETXEAN:1 JASO:2 NAHI:1 DUZU:1 GURI:1 BURUZ:1 NOR:3 GARA:2 POLITIKA:2 VOUS:1 CONTENT:1 YOU:1 WANT:1 CONTINUE:1 YES:1 ITZULPEN:1 FRANCAIS:1 ENTZUN:1 GAITU:1 BATEK:1 ETA:13 BESARKADA:3 BAT:1 DAKARKIGU:1 IRUDI:1 HAUEK:1 ZERBITZU:1 DIRA:3 ZIENTZIEN:1 IRABAZI:1 IZAN:1 DITU:3 DITUZTE:1 NABARMENDU:1 GAIN:1 DAUDE:2 ELEKTRONIKO:1 SEM:1 BATEN:1 HONEK:1 HIRU:1 ELKARRI:1 EHUN:1 GISA:1 ERABILI:1 AHAL:1 BATEAN:1 ARGAZKIA:1 HAU:1 EDERRAK:1 DIO:1 TEKNIKARI:1 ESKER:1 IKUS:1 LITEZKE:1 ALGA:1 HORREK:1 GURE:1 ASTEROKO:1 SARRERA:1 HONETATIK:1 BALIABIDE:1 BAITA:1 ERE:1 COPYRIGHT:1
https://zientzia.eus/argazki-galeriak/zientzia-irudikatzearen-erronka/	ZIENTZIA:4 BIZITZA:5 BIOLOGIA:2 JOAN:5 KLIMA:2 LURRA:2 URA:3 ENERGIA:2 TEKNOLOGIA:4 INGENIARITZA:2 ZIENTZIAK:2 HEZKUNTZA:4 FISIKA:2 KIMIKA:2 MATEMATIKA:2 ASTRONOMIA:2 GAI:2 JARRAITU:2 ZURE:3 ETXEAN:1 JASO:3 NAHI:1 DUZU:1 GURI:1 BURUZ:1 NOR:3 GARA:2 POLITIKA:2 VOUS:1 CONTENT:1 YOU:1 WANT:1 CONTINUE:1 YES:1 ITZULPEN:1 FRANCAIS:1 ARGAZKI:3 ENTZUN:1 DITU:4 SCIENCE:2 ETA:13 AURTEN:1 LAN:2 DITUZTE:2 DITUZUE:1 HEMEN:1 ARTE:1 BERE:1 ELKARTU:1 HONETAN:2 URREA:1 ALUMINIOA:1 BESTE:1 HAIZE:1 ZABALDU:1 ZITUEN:1 BALE:1 UNIVERSITY:1 IZAR:1 HAUEK:1 DIRA:2 HOSTO:1 ZUZEN:1 ERE:2 ZURGIN:1 JAPONIAR:1 FIN:1 BEZALA:1 ARGI:1 KALTZIO:1 KRISTAL:1 LORTU:1 FRANCIS:1 IKUS:1 DAITEZKE:1 BEREN:1 IKUSI:1 AHAL:1 ZUTEN:1 IRUDI:1 MUGIMENDU:2 GUZTIA:1 HORRI:1 ESKER:1 DUTE:1 ROMAN:1 MIT:1 GURE:1 ASTEROKO:1 SARRERA:1 HONETATIK:1 BALIABIDE:1 BAITA:1 DAUDE:1 COPYRIGHT:1
https://zientzia.eus/argazki-galeriak/erradiografia-margotuak/	ZIENTZIA:1 BIZITZA:5 BIOLOGIA:2 JOAN:5 KLIMA:2 LURRA:2 URA:3 ENERGIA:3 TEKNOLOGIA:4 INGENIARITZA:2 ZIENTZIAK:2 HEZKUNTZA:4 FISIKA:2 KIMIKA:2 MATEMATIKA:2 ASTRONOMIA:2 GAI:2 JARRAITU:4 ZURE:3 ETXEAN:1 JASO:2 NAHI:1 DUZU:1 GURI:1 BURUZ:1 NOR:3 GARA:2 POLITIKA:2 VOUS:1 CONTENT:1 YOU:1 WANT:1 CONTINUE:1 YES:1 ITZULPEN:1 FRANCAIS:1 ARGAZKI:2 ENTZUN:1 HORI:1 ESAN:1 OMEN:1 ZIOTEN:1 ETA:18 EGIN:4 ZEN:7 ARTISTA:2 FISIKARI:1 MEDIKU:1 GISA:1 BERE:1 BURUA:1 HITZALDI:1 BATEAN:2 NOLA:1 HASI:3 EGUN:1 LAGUN:1 BATEK:1 BATI:1 BAT:3 ESKATU:1 ZION:1 OSO:3 GAUZA:2 ZUEN:8 INOIZ:1 ERABAKI:1 PENTSATU:1 ADIBIDEZ:1 IZAKI:1 LEHEN:1 ATERA:1 EMAN:1 ZIEN:1 EGITEN:1 ZERBAIT:1 FALTA:1 KONTURATU:1 ARTE:1 ANIMALIAK:2 ARTEAN:2 JARRI:1 ZITUEN:1 ONDO:1 IKUSI:2 IZAN:1 ERE:2 ZUTEN:1 GERO:1 ANIMALIA:1 HEGAZTI:1 EROSI:1 JAKIN:1 GABE:1 ANIMALIEK:1 BERAZ:1 BALIO:1 ANIMALIEKIN:1 EDO:1 ADARRAK:1 HARTU:1 DITU:1 DIEN:1 IRUDI:2 AHAL:1 ORAIN:1 HIRU:1 DABIL:1 BARRASKILO:1 IGELA:1 DORTOKAK:1 GURE:1 ASTEROKO:1 SARRERA:1 HONETATIK:1 DIRA:1 BALIABIDE:1 BAITA:1 DAUDE:1 COPYRIGHT:1
https://zientzia.eus/argazki-galeriak/costa-ricako-fauna-gertutik/	ZIENTZIA:1 BIZITZA:5 BIOLOGIA:2 JOAN:7 KLIMA:2 LURRA:2 URA:3 ENERGIA:2 TEKNOLOGIA:4 INGENIARITZA:2 ZIENTZIAK:2 HEZKUNTZA:4 FISIKA:2 KIMIKA:2 MATEMATIKA:2 ASTRONOMIA:2 GAI:2 JARRAITU:2 ZURE:3 ETXEAN:1 JASO:2 NAHI:2 DUZU:1 GURI:1 BURUZ:1 NOR:3 GARA:2 POLITIKA:2 VOUS:1 CONTENT:1 YOU:1 WANT:1 CONTINUE:1 YES:1 ITZULPEN:1 FRANCAIS:1 ARGAZKI:5 ENTZUN:1 DAUKA:1 ASKO:3 DIO:1 NINTZEN:4 ETA:18 AUKERA:1 DAGO:1 KOLORE:1 BIZI:1 BESTE:3 MILA:1 INTSEKTU:1 ANIMALIA:2 DAUDE:2 OSO:8 POLITAK:1 HEMEN:2 ZIREN:2 BAT:3 NON:1 EGOTEN:2 ONDO:1 NITUEN:2 ADIBIDEZ:1 BEGI:2 IGEL:2 HORI:2 GAUEZ:1 BERE:1 BILA:1 BAINA:1 KONTURATU:1 NIK:1 GORRI:2 HOSTO:1 LOTAN:1 ESNATU:1 IKUSTEN:2 ZAIO:1 HIRUGARREN:1 HURA:1 ERE:3 BATZUK:2 BERRIZ:2 DIRA:6 BLUE:1 HAIEN:1 GAIN:1 DITU:3 TXIMELETAK:2 TXIMELETA:6 BATI:2 ALDE:1 EGITEN:1 DUTE:1 HAN:1 IRABAZI:1 ZUEN:1 BIGARREN:1 SARI:1 DUELA:1 NAGO:1 NUEN:1 IKUSI:1 IZAN:1 ARGAZKIA:1 BATEN:2 ITXURA:1 LUPA:1 IGELA:5 GURE:1 ASTEROKO:1 SARRERA:1 HONETATIK:1 BALIABIDE:1 BAITA:1 COPYRIGHT:1
https://zientzia.eus/argazki-galeriak/mundu-txikiak/	MUNDU:2 ZIENTZIA:1 BIZITZA:5 BIOLOGIA:2 JOAN:5 KLIMA:2 LURRA:2 URA:3 ENERGIA:2 TEKNOLOGIA:4 INGENIARITZA:2 ZIENTZIAK:2 HEZKUNTZA:4 FISIKA:2 KIMIKA:2 MATEMATIKA:2 ASTRONOMIA:2 GAI:2 JARRAITU:2 ZURE:3 ETXEAN:1 JASO:2 NAHI:1 DUZU:1 GURI:1 BURUZ:1 NOR:3 GARA:2 POLITIKA:2 VOUS:1 CONTENT:1 YOU:1 WANT:1 CONTINUE:1 YES:1 ITZULPEN:1 FRANCAIS:1 ARGAZKI:4 ENTZUN:1 BALIRA:1 BEZALA:1 DITUT:1 NIK:1 PERTSONA:1 BATI:2 BEGIRATU:1 ETA:13 HAREN:1 MODU:1 DIOT:1 NAIZ:1 AHAL:1 HORRELA:1 ARGAZKILARI:1 BERE:1 LAN:1 WORLD:1 IRABAZI:1 GORA:1 ELKARTU:1 ZITUEN:1 AZKEN:1 IRUDI:1 HAU:1 FORMA:1 DIO:1 KOLORE:1 HORRI:1 ESKER:1 GAIN:1 BESTE:1 EHUN:1 ERE:2 DITUZTE:1 DAUDE:2 BATZUK:1 BATEN:1 ZEHAR:1 LANDARE:1 GURE:1 ASTEROKO:1 SARRERA:1 HONETATIK:1 DIRA:1 BALIABIDE:1 BAITA:1 COPYRIGHT:1
https://zientzia.eus/argazki-galeriak/basabizitzak-liluratuta/	ZIENTZIA:1 BIZITZA:5 BIOLOGIA:2 JOAN:5 KLIMA:2 LURRA:3 URA:5 ENERGIA:4 TEKNOLOGIA:4 INGENIARITZA:2 ZIENTZIAK:2 HEZKUNTZA:4 FISIKA:2 KIMIKA:2 MATEMATIKA:2 ASTRONOMIA:2 GAI:2 JARRAITU:2 ZURE:3 ETXEAN:1 JASO:2 NAHI:4 DUZU:1 GURI:1 BURUZ:1 NOR:3 GARA:2 POLITIKA:2 VOUS:1 CONTENT:1 YOU:1 WANT:1 CONTINUE:1 YES:1 ITZULPEN:1 FRANCAIS:1 ARGAZKI:4 ENTZUN:2 ERRALDOI:1 EZTI:1 HAUEK:2 MODU:1 ZITUEN:4 DARAMATZAN:1 BATEAN:2 ZUEN:9 ARGAZKIA:4 PARAMETRO:1 GUZTIAK:2 ETA:25 AZKEN:1 ELEFANTE:1 ZEN:16 LAGUN:2 BIKAIN:1 LORTU:3 ORAIN:1 IZENDATU:1 DUTE:4 THE:14 YEAR:11 BEZALA:1 BESTE:2 HAMAIKA:1 ERE:3 EKARRI:1 DIZKIGU:1 GURE:2 AUKERAKETA:1 DUZUE:1 LEHOI:2 ERRESUMA:2 DABILTZA:1 ZILAR:1 ARRAIN:2 HOR:1 AHORA:1 ZEIN:1 LILURAGARRIA:1 BAINA:3 DIO:4 KONTU:1 IZAN:8 BEHAR:3 NUEN:5 BAI:1 SOR:1 ZEZAKETEN:1 ITXAROPEN:1 HOPE:1 BEREZIKI:1 EGUN:1 HARTAN:2 EURI:1 OSO:1 EGIN:5 MALDA:1 AZKENEAN:2 GORILA:1 AMA:1 BERE:2 DUTXA:1 ELKARREKIN:2 HANDI:4 NAGUSI:1 ZIREN:3 LAU:1 TALDE:1 BATEK:1 ARTE:2 INGURU:1 URRIA:1 IZAKI:1 LEHOIEK:1 AUKERA:3 ZUTEN:3 EDATEKO:1 NORK:1 MUTIL:1 BAD:1 BEGIRA:1 ZEGON:1 BELTZ:1 BATI:1 ARI:4 EMAN:3 GAZTE:2 IKUSI:3 NITUEN:1 HURA:1 HIRU:3 PAUSO:1 BUKATU:1 KORRIKA:1 ALDE:2 BORROKA:1 ZEBILEN:1 ZIEN:1 IGUANA:1 ZITUZTEN:1 KOLORE:1 ARGI:1 MUGIMENDU:1 GENUEN:1 ZIOEN:1 FIVE:1 DOAZEN:1 ZURI:1 DIRA:3 DITUZTE:2 IZATEN:1 ERABAKI:1 AZKAR:1 IBILI:2 IHES:1 BERA:1 HARTU:1 ATERA:2 GERO:1 WATER:1 BEAR:1 IZOTZ:1 IKUSTEN:1 GAUDEN:1 HARTZ:2 URETAN:1 BATEN:1 BILA:1 EME:1 HAU:2 AURKITU:1 KATUAREN:1 HASI:1 MIKA:1 JAGUAR:1 BIKAINA:1 ZEGOEN:1 EDAN:2 ONDOREN:1 ARRA:1 AGERTU:1 BERRIZ:1 ERASO:1 ZION:1 HARK:1 EZIN:1 SEGUNDO:1 GORPUTZ:1 HORREN:1 ANIMALIA:1 PRIMERAN:1 DATOZKIE:1 IRUDI:1 ERRETRATU:1 ASTEROKO:1 SARRERA:1 HONETATIK:1 BALIABIDE:1 BAITA:1 DAUDE:1 COPYRIGHT:1
https://zientzia.eus/argazki-galeriak/itsasargiari-dario/	DARIO:2 ZIENTZIA:1 BIZITZA:5 BIOLOGIA:2 JOAN:5 KLIMA:2 LURRA:2 URA:3 ENERGIA:2 TEKNOLOGIA:4 INGENIARITZA:2 ZIENTZIAK:2 HEZKUNTZA:4 FISIKA:2 KIMIKA:2 MATEMATIKA:2 ASTRONOMIA:2 GAI:2 JARRAITU:2 ZURE:3 ETXEAN:1 JASO:2 NAHI:1 DUZU:1 GURI:1 BURUZ:1 NOR:3 GARA:2 POLITIKA:2 VOUS:1 CONTENT:1 YOU:1 WANT:1 CONTINUE:1 YES:1 ITZULPEN:1 FRANCAIS:1 ARGAZKI:5 ENTZUN:1 IKUSTEN:2 NORTH:1 DAGO:1 PASATU:1 ZITUEN:2 GAUAREN:1 LEHEN:1 ZEN:4 ESNE:2 KONTURATU:1 KAMERA:2 UTZI:1 ESKAILERA:1 ETA:6 HOGEI:1 ATERA:1 HAU:3 LAN:1 IZAN:2 BAINA:1 EMAITZAK:1 ZUEN:1 DIO:1 BAI:1 ERE:3 IRABAZI:2 THE:1 YEAR:1 BATEK:1 AZPIMARRATU:1 ATSEGIN:1 DUT:1 NOLA:1 SARI:1 GAIN:1 BIGARREN:1 DAUDE:2 AURREAN:1 ZEGOEN:1 UNE:1 LEKU:1 NUEN:1 GURE:1 ASTEROKO:1 SARRERA:1 HONETATIK:1 DIRA:1 BALIABIDE:1 BAITA:1 COPYRIGHT:1
https://zientzia.eus/argazki-galeriak/zirkulu-mortuak-desertuan/	ZIRKULU:13 ZIENTZIA:1 BIZITZA:5 BIOLOGIA:2 JOAN:5 KLIMA:2 LURRA:2 URA:4 ENERGIA:2 TEKNOLOGIA:4 INGENIARITZA:3 ZIENTZIAK:2 HEZKUNTZA:4 FISIKA:2 KIMIKA:2 MATEMATIKA:2 ASTRONOMIA:2 GAI:2 JARRAITU:2 ZURE:3 ETXEAN:1 JASO:2 NAHI:1 DUZU:1 GURI:1 BURUZ:1 NOR:3 GARA:2 POLITIKA:2 VOUS:1 CONTENT:1 YOU:1 WANT:1 CONTINUE:1 YES:1 ITZULPEN:1 FRANCAIS:1 ARGAZKI:2 ENTZUN:1 HASI:1 ETA:13 OSOA:1 HEGO:1 DIRA:8 LUZE:1 ZABAL:1 SORTU:1 HAZI:1 DESAGERTU:1 EGITEN:1 LUR:2 DATOZEN:1 LANDARE:1 AZTERTU:1 DITUZTE:1 AZKEN:1 BILA:1 BAINA:1 DAGO:1 ARGI:1 EMAN:1 ZUEN:1 AZALPEN:1 SCIENCE:1 LAN:2 BATEAN:2 HAREN:1 ARABERA:1 AURKITU:1 ZITUEN:1 HORREK:1 DITU:2 EURI:1 HONDAR:1 AZPIAN:1 HORRI:1 ESKER:1 BIZI:1 HALA:1 DAUDE:3 ADOS:1 OMEN:1 BESTE:3 BAT:1 BATZUK:1 ONE:1 BERRIKI:1 ORDENAGAILU:1 ERAKUTSI:1 DUTE:1 IZAN:1 GURE:1 ASTEROKO:1 SARRERA:1 HONETATIK:1 BALIABIDE:1 BAITA:1 ERE:1 COPYRIGHT:1
https://zientzia.eus/argazki-galeriak/edertasun-mingarria-eskularruekin-erretratatua/	EDERTASUN:2 ZIENTZIA:1 BIZITZA:5 BIOLOGIA:2 JOAN:5 KLIMA:2 LURRA:2 URA:3 ENERGIA:2 TEKNOLOGIA:4 INGENIARITZA:2 ZIENTZIAK:2 HEZKUNTZA:4 FISIKA:2 KIMIKA:2 MATEMATIKA:2 ASTRONOMIA:2 GAI:2 JARRAITU:2 ZURE:3 ETXEAN:1 JASO:2 NAHI:1 DUZU:1 GURI:1 BURUZ:1 NOR:3 GARA:2 POLITIKA:2 VOUS:1 CONTENT:1 YOU:1 WANT:1 CONTINUE:1 YES:1 ITZULPEN:1 FRANCAIS:1 ARGAZKI:2 ENTZUN:1 MIN:2 EGITEN:2 BATZUETAN:1 DITUZTE:1 ETA:9 IZAKI:1 GARDEN:1 ERRE:1 EDERRAK:2 DIRA:4 BAINA:1 IZENA:1 ERE:2 DUTE:1 ASKO:1 BAINO:1 GURE:1 ASTEROKO:1 SARRERA:1 HONETATIK:1 BALIABIDE:1 BAITA:1 DAUDE:1 COPYRIGHT:1
https://zientzia.eus/argazki-galeriak/300-zenbaki-30-azal/	ZENBAKI:3 AZAL:3 ZIENTZIA:2 BIZITZA:5 BIOLOGIA:2 JOAN:5 KLIMA:2 LURRA:2 URA:3 ENERGIA:2 TEKNOLOGIA:5 INGENIARITZA:2 ZIENTZIAK:2 HEZKUNTZA:4 FISIKA:2 KIMIKA:2 MATEMATIKA:2 ASTRONOMIA:2 GAI:2 JARRAITU:2 ZURE:3 ETXEAN:1 JASO:2 NAHI:1 DUZU:1 GURI:1 BURUZ:1 NOR:3 GARA:2 POLITIKA:2 VOUS:1 CONTENT:1 YOU:1 WANT:1 CONTINUE:1 YES:1 ITZULPEN:1 FRANCAIS:1 ARGAZKI:2 ENTZUN:1 ETA:6 BETE:1 DITU:1 DUGU:1 HEMEN:1 ESKERRIK:1 ASKO:1 EGIN:1 GURE:1 ASTEROKO:1 SARRERA:1 HONETATIK:1 DIRA:1 BALIABIDE:1 BAITA:1 ERE:1 DAUDE:1 COPYRIGHT:1
https://zientzia.eus/argazki-galeriak/nanolore-mineralak-egiteko-errezeta/	ZIENTZIA:1 BIZITZA:5 BIOLOGIA:2 JOAN:5 KLIMA:2 LURRA:2 URA:3 ENERGIA:2 TEKNOLOGIA:4 INGENIARITZA:2 ZIENTZIAK:2 HEZKUNTZA:4 FISIKA:2 KIMIKA:2 MATEMATIKA:2 ASTRONOMIA:2 GAI:2 JARRAITU:2 ZURE:3 ETXEAN:1 JASO:2 NAHI:1 DUZU:1 GURI:1 BURUZ:1 NOR:3 GARA:2 POLITIKA:2 VOUS:1 CONTENT:1 YOU:1 WANT:1 CONTINUE:1 YES:1 ITZULPEN:1 FRANCAIS:1 ARGAZKI:2 ENTZUN:1 ELEKTRONIKO:1 BAT:3 BEHAR:2 SORTU:1 DITU:2 LABORATEGI:1 BATEAN:2 ETA:8 ARRUNT:1 BATZUK:1 BAINO:1 IZAN:1 EDO:1 ÑIMIÑO:1 KARBONO:1 HORI:1 GUZTIA:1 ARABERA:1 DENBORA:1 DAGO:1 KOSKA:1 BEZALA:1 LAURA:2 GURE:1 ASTEROKO:1 SARRERA:1 HONETATIK:1 DIRA:1 BALIABIDE:1 BAITA:1 ERE:1 DAUDE:1 COPYRIGHT:1
https://zientzia.eus/argazki-galeriak/herschelen-begietatik-ikusitakoa/	ZIENTZIA:1 BIZITZA:5 BIOLOGIA:2 JOAN:6 KLIMA:2 LURRA:2 URA:3 ENERGIA:2 TEKNOLOGIA:4 INGENIARITZA:2 ZIENTZIAK:2 HEZKUNTZA:4 FISIKA:2 KIMIKA:2 MATEMATIKA:2 ASTRONOMIA:2 GAI:2 JARRAITU:2 ZURE:3 ETXEAN:1 JASO:3 NAHI:1 DUZU:1 GURI:1 BURUZ:1 NOR:3 GARA:2 POLITIKA:2 VOUS:1 CONTENT:1 YOU:1 WANT:1 CONTINUE:1 YES:1 ITZULPEN:1 FRANCAIS:1 ARGAZKI:2 ENTZUN:1 DITU:2 HALABEHARREZ:1 ERE:3 BUKATU:1 ZUEN:2 LITRO:1 HELIO:1 IZAN:1 ZERO:2 BEHAR:1 ZITUEN:1 HORI:2 BERE:1 LANA:2 BEZALA:1 ETA:23 AGORTU:1 ZEN:1 URTE:1 IZANGO:1 DUTE:1 DATU:1 BAINA:2 EGIN:3 HAREN:2 NEBULOSA:3 IZAR:14 IKUSTEN:5 DIRA:5 HAIZE:1 DITUZTE:1 HAUTS:6 LAINO:4 IRUDI:3 HONETAN:2 GAS:3 MASA:5 EGUZKI:2 GUZTIRA:1 DISKO:1 BAT:8 DAGO:5 EGITURA:1 DAUDEN:1 HORREK:1 TXIKI:1 NEURRI:1 ARI:2 HILL:1 KEY:3 ZALDI:2 BURU:2 GUNE:3 ANDRE:1 THE:1 BELT:1 DAGOEN:4 ZULO:1 BELTZ:1 ZUTEN:1 DIE:1 OKER:1 HIRU:3 BATEK:3 EDO:2 AGIAN:1 HOTZ:1 PUNTU:2 BERRIZ:1 BANA:1 TOM:1 NASA:1 SORTU:2 ZEHAR:1 HANDITU:1 SOR:1 ESKUIN:1 ZURI:1 ERAKUTSI:1 DUELA:1 DAGOENEKO:1 HANDIAGO:1 DAITEKE:2 BATEZ:1 BESO:1 HONEK:1 KOLORE:1 PIXKA:1 DAUDE:3 SARE:1 HAU:1 ESKER:1 IKUS:1 ATZEAN:1 HANDI:1 GURE:1 ASTEROKO:1 SARRERA:1 HONETATIK:1 BALIABIDE:1 BAITA:1 COPYRIGHT:1
https://zientzia.eus/argazki-galeriak/svalbard-izotzaren-baitan/	BAITAN:2 ZIENTZIA:2 BIZITZA:5 BIOLOGIA:2 JOAN:5 KLIMA:2 LURRA:2 URA:3 ENERGIA:2 TEKNOLOGIA:5 INGENIARITZA:2 ZIENTZIAK:2 HEZKUNTZA:4 FISIKA:2 KIMIKA:2 MATEMATIKA:2 ASTRONOMIA:2 GAI:2 JARRAITU:2 ZURE:3 ETXEAN:1 JASO:2 NAHI:1 DUZU:1 GURI:1 BURUZ:1 NOR:3 GARA:2 POLITIKA:2 VOUS:1 CONTENT:1 YOU:1 WANT:1 CONTINUE:1 YES:1 ITZULPEN:1 FRANCAIS:1 ARGAZKI:2 ENTZUN:1 LAU:2 BAKARRIK:1 EGITEN:1 DIOTE:1 AURRE:1 ELUR:5 OREIN:1 EDO:1 EPER:2 BATEK:2 ETA:12 AZERI:3 HALA:2 ERE:5 MENDE:1 DAUDE:2 ERAKUTSI:1 ANIMALIA:1 BATEZ:1 IKUSI:1 DUTE:1 ERAGIN:1 HORI:1 IZOTZ:1 BATEN:1 AZPIAN:1 BAITA:2 ARTEAN:1 BILATU:1 HIRU:2 ESPEZIE:1 JOTA:1 UTZI:1 DITZAKE:1 BERRIZ:1 URTEBETE:1 DIE:1 GORAKADA:1 IZAN:1 BESTE:1 NEGU:1 ZENBAT:1 HIL:1 JANARI:1 ERRAZ:1 PROBABILITATE:1 OREINA:1 GURE:1 ASTEROKO:1 SARRERA:1 HONETATIK:1 DIRA:1 BALIABIDE:1 COPYRIGHT:1
https://zientzia.eus/argazki-galeriak/armiarmaren-mundua/	ARMIARMAREN:4 MUNDUA:3 ZIENTZIA:1 BIZITZA:5 BIOLOGIA:2 JOAN:5 KLIMA:2 LURRA:2 URA:3 ENERGIA:2 TEKNOLOGIA:4 INGENIARITZA:2 ZIENTZIAK:2 HEZKUNTZA:4 FISIKA:2 KIMIKA:2 MATEMATIKA:2 ASTRONOMIA:2 GAI:2 JARRAITU:2 ZURE:3 ETXEAN:1 JASO:2 NAHI:1 DUZU:1 GURI:1 BURUZ:1 NOR:3 GARA:2 POLITIKA:2 VOUS:1 CONTENT:1 YOU:1 WANT:1 CONTINUE:1 YES:1 ITZULPEN:1 FRANCAIS:1 ARGAZKI:3 ENTZUN:1 LORE:1 ZORTZI:2 ERNE:1 ETA:6 ARTEAN:1 ARGAZKILARI:1 WELCOME:1 THE:2 WORLD:2 SPIDER:1 ONGI:1 ETORRI:1 LAN:1 IRABAZI:1 ZUEN:1 GURE:1 ASTEROKO:1 SARRERA:1 HONETATIK:1 DIRA:1 BALIABIDE:1 BAITA:1 ERE:1 DAUDE:1 COPYRIGHT:1
https://zientzia.eus/argazki-galeriak/gaueko-argiak/	GAUEKO:3 ZIENTZIA:1 BIZITZA:5 BIOLOGIA:2 JOAN:5 KLIMA:2 LURRA:2 URA:3 ENERGIA:2 TEKNOLOGIA:4 INGENIARITZA:2 ZIENTZIAK:2 HEZKUNTZA:4 FISIKA:2 KIMIKA:2 MATEMATIKA:2 ASTRONOMIA:2 GAI:2 JARRAITU:2 ZURE:3 ETXEAN:1 JASO:2 NAHI:1 DUZU:1 GURI:1 BURUZ:1 NOR:3 GARA:2 POLITIKA:2 VOUS:1 CONTENT:1 YOU:1 WANT:1 CONTINUE:1 YES:1 ITZULPEN:1 FRANCAIS:1 ARGAZKI:2 ENTZUN:1 GAUEZ:1 ETA:6 GARBI:1 IKUSTEN:1 ZIBILIZAZIO:1 BANAKETA:1 INOIZ:1 BAINO:1 ZEHAZTASUN:1 DUTE:1 HORI:1 NASAK:2 ZITUEN:1 IRUDI:2 HAUEK:2 GAUTAN:1 TAN:1 DITUZTE:1 MAPA:2 HORREN:1 DAGOEN:1 ITSASONTZI:1 BAKAR:1 BATEN:1 BAT:1 JARRI:1 NASA:1 AND:1 GURE:1 ASTEROKO:1 SARRERA:1 HONETATIK:1 DIRA:1 BALIABIDE:1 BAITA:1 ERE:1 DAUDE:1 COPYRIGHT:1
https://zientzia.eus/argazki-galeriak/fantasiazko-eraikinak/	ZIENTZIA:1 BIZITZA:5 BIOLOGIA:2 JOAN:5 KLIMA:2 LURRA:2 URA:3 ENERGIA:2 TEKNOLOGIA:4 INGENIARITZA:2 ZIENTZIAK:2 HEZKUNTZA:4 FISIKA:2 KIMIKA:2 MATEMATIKA:5 ASTRONOMIA:2 GAI:2 JARRAITU:2 ZURE:3 ETXEAN:1 JASO:2 NAHI:2 DUZU:1 GURI:1 BURUZ:1 NOR:3 GARA:2 POLITIKA:2 VOUS:1 CONTENT:1 YOU:1 WANT:1 CONTINUE:1 YES:1 ITZULPEN:1 FRANCAIS:1 ARGAZKI:2 ENTZUN:1 DIRA:3 ERAIKIN:3 EGITEN:1 DITUZTE:2 EDO:1 BATZUETAN:1 HORREK:1 DUELA:1 BAINA:3 TRESNA:1 ETA:12 BALIABIDE:2 GUZTIAK:2 ARTEAN:1 BERA:1 DAGO:4 ERABILI:1 DUTE:1 IRAKURRI:1 HEMEN:1 NOLA:1 ESTATU:1 LAN:1 HAU:1 BUKATU:7 ZUTEN:8 BAT:1 CAPITAL:2 GATE:2 ABU:1 KATEDRALA:3 HIRU:1 EGIN:2 ZUEN:4 FORMA:2 HORREN:1 AZTERKETA:1 ZEN:2 JAN:1 HABIA:1 EGITURA:2 OSO:1 BAKAR:1 BATEAN:2 KONBINAZIO:1 BAKOITZA:2 BERE:1 ALDETIK:1 GERO:1 LIRATEKE:1 ZUTIK:1 EGONGO:1 OTTO:1 XABOI:1 BAINUONTZI:1 ZITUEN:1 HAIEI:1 ZITZAIZKIEN:1 IZAN:4 IRITSI:1 ZIREN:1 WORLD:2 DORRE:2 ZITUZTEN:1 DAGOEN:1 OSOA:1 ERE:2 EZAGUTZEN:1 ETXE:2 FRED:2 AND:1 GINGER:2 IZENA:1 EMAN:1 ZIOTEN:1 TELEBISTA:2 EGOITZA:2 GURE:1 ASTEROKO:1 SARRERA:1 HONETATIK:1 BAITA:1 DAUDE:1 COPYRIGHT:1
https://zientzia.eus/argazki-galeriak/marteko-zuhaitzak/	ZIENTZIA:1 BIZITZA:5 BIOLOGIA:2 JOAN:5 KLIMA:2 LURRA:2 URA:3 ENERGIA:2 TEKNOLOGIA:4 INGENIARITZA:2 ZIENTZIAK:2 HEZKUNTZA:4 FISIKA:2 KIMIKA:2 MATEMATIKA:2 ASTRONOMIA:2 GAI:2 JARRAITU:2 ZURE:3 ETXEAN:1 JASO:2 NAHI:1 DUZU:1 GURI:1 BURUZ:1 NOR:3 GARA:2 POLITIKA:2 VOUS:1 CONTENT:1 YOU:1 WANT:1 CONTINUE:1 YES:1 ITZULPEN:1 FRANCAIS:1 ARGAZKI:2 ENTZUN:1 IPAR:1 DAUDEN:1 ZUHAITZ:1 HAUEK:1 DUTE:1 IZAN:1 ERE:2 DIRA:4 ETA:5 LEHEN:1 HONDAR:2 KARBONO:1 IZOTZA:1 NASA:1 GURE:1 ASTEROKO:1 SARRERA:1 HONETATIK:1 BALIABIDE:1 BAITA:1 DAUDE:1 COPYRIGHT:1
https://zientzia.eus/argazki-galeriak/liztor-asiarra-erle-ehizan/	LIZTOR:8 ERLE:3 ZIENTZIA:1 BIZITZA:5 BIOLOGIA:2 JOAN:5 KLIMA:2 LURRA:2 URA:3 ENERGIA:2 TEKNOLOGIA:4 INGENIARITZA:2 ZIENTZIAK:2 HEZKUNTZA:4 FISIKA:2 KIMIKA:2 MATEMATIKA:2 ASTRONOMIA:2 GAI:2 JARRAITU:2 ZURE:3 ETXEAN:1 JASO:2 NAHI:1 DUZU:1 GURI:1 BURUZ:1 NOR:3 GARA:2 POLITIKA:2 VOUS:1 CONTENT:1 YOU:1 WANT:1 CONTINUE:1 YES:1 ITZULPEN:1 FRANCAIS:1 ARGAZKI:2 ENTZUN:1 ARI:1 EUSKAL:1 HERRIKO:1 ETA:6 BAINA:1 BAT:1 DUTE:1 IKUSI:1 GURE:1 ASTEROKO:1 SARRERA:1 HONETATIK:1 DIRA:1 BALIABIDE:1 BAITA:1 ERE:1 DAUDE:1 COPYRIGHT:1
https://zientzia.eus/argazki-galeriak/ischigualasto-triasikoa-agerian/	ZIENTZIA:1 BIZITZA:5 BIOLOGIA:2 JOAN:5 KLIMA:2 LURRA:2 URA:3 ENERGIA:2 TEKNOLOGIA:4 INGENIARITZA:2 ZIENTZIAK:2 HEZKUNTZA:4 FISIKA:2 KIMIKA:2 MATEMATIKA:2 ASTRONOMIA:2 GAI:2 JARRAITU:2 ZURE:3 ETXEAN:1 JASO:2 NAHI:1 DUZU:1 GURI:1 BURUZ:1 NOR:3 GARA:2 POLITIKA:2 VOUS:1 CONTENT:1 YOU:1 WANT:1 CONTINUE:1 YES:1 ITZULPEN:1 FRANCAIS:1 ARGAZKI:2 ENTZUN:1 GAITU:1 FORMA:2 SORTU:1 DITU:1 ETA:9 BESTE:1 BATZUK:1 UTZI:1 DAUDEN:1 BAINA:1 BAINO:1 DAGO:2 HEMEN:1 LANDARE:1 ANIMALIEN:1 DAUDE:2 ZUZEN:1 ERE:4 BAT:1 BALIO:1 ZIENTIFIKO:1 PARKE:1 BATEZ:1 URTE:1 DARAMATZATE:1 HAUEK:1 AURKITU:1 DIRA:2 AZTARNA:1 BAITA:2 UGAZTUNEN:1 GURE:1 ASTEROKO:1 SARRERA:1 HONETATIK:1 BALIABIDE:1 COPYRIGHT:1
https://zientzia.eus/argazki-galeriak/txikia-ikusgarri/	ZIENTZIA:1 BIZITZA:5 BIOLOGIA:2 JOAN:5 KLIMA:2 LURRA:2 URA:3 ENERGIA:2 TEKNOLOGIA:4 INGENIARITZA:2 ZIENTZIAK:2 HEZKUNTZA:4 FISIKA:2 KIMIKA:2 MATEMATIKA:2 ASTRONOMIA:2 GAI:2 JARRAITU:2 ZURE:3 ETXEAN:1 JASO:2 NAHI:1 DUZU:1 GURI:1 BURUZ:1 NOR:3 GARA:2 POLITIKA:2 VOUS:1 CONTENT:1 YOU:1 WANT:1 CONTINUE:1 YES:1 ITZULPEN:1 FRANCAIS:1 ARGAZKI:4 ENTZUN:1 ETA:17 DUTE:2 WORLD:1 ZIENTZIAREN:1 ARTEAN:1 DAUDEN:1 DIRA:2 ZUZEN:1 ERE:2 ASKO:1 ZEBRA:3 ARRAIN:2 BIZI:1 BATEN:1 MUGA:3 HORI:1 GAIXOTASUN:1 JUDE:1 BAT:2 GARATU:1 EGITURA:1 HORREN:1 IKERTU:1 AHAL:1 HIRU:1 ATERA:1 DIZKIOTE:1 ELKARTU:1 ARABERA:1 KOLORE:1 GAIN:1 HARTU:1 BESTE:1 BATZUK:1 DITUZUE:1 HONETAN:1 HAZKUNTZA:1 ALGA:1 TXIMELETA:1 FORMICA:1 ERRESUMA:1 PARRA:1 ZELULA:1 GURE:1 ASTEROKO:1 SARRERA:1 HONETATIK:1 BALIABIDE:1 BAITA:1 DAUDE:1 COPYRIGHT:1
https://zientzia.eus/argazki-galeriak/panama-san-lorenzo-oihanean-artropodo-bilketan/	ZIENTZIA:1 BIZITZA:5 BIOLOGIA:2 JOAN:5 KLIMA:2 LURRA:2 URA:3 ENERGIA:2 TEKNOLOGIA:4 INGENIARITZA:2 ZIENTZIAK:2 HEZKUNTZA:4 FISIKA:2 KIMIKA:2 MATEMATIKA:2 ASTRONOMIA:2 GAI:2 JARRAITU:2 ZURE:3 ETXEAN:1 JASO:2 NAHI:1 DUZU:1 GURI:1 BURUZ:1 NOR:3 GARA:2 POLITIKA:2 VOUS:1 CONTENT:1 YOU:1 WANT:1 CONTINUE:1 YES:1 ITZULPEN:1 FRANCAIS:1 ARGAZKI:2 ENTZUN:1 OIHAN:1 DITU:1 HAN:1 DIRA:2 IKERTZAILE:1 ZUHAITZ:2 BIZI:1 BILDU:2 ETA:6 BASO:1 HARTU:1 DITUZTE:2 ALE:1 NOLA:1 LAN:1 EGITEN:1 IKUSTEN:1 ARTEAN:1 ZINTZILIK:2 EDO:1 HAIEN:1 GURE:1 ASTEROKO:1 SARRERA:1 HONETATIK:1 BALIABIDE:1 BAITA:1 ERE:1 DAUDE:1 COPYRIGHT:1
https://zientzia.eus/argazki-galeriak/basabizitza-ikusgarria/	ZIENTZIA:1 BIZITZA:5 BIOLOGIA:2 JOAN:5 KLIMA:2 LURRA:2 URA:3 ENERGIA:2 TEKNOLOGIA:4 INGENIARITZA:2 ZIENTZIAK:2 HEZKUNTZA:4 FISIKA:2 KIMIKA:2 MATEMATIKA:2 ASTRONOMIA:2 GAI:3 JARRAITU:2 ZURE:3 ETXEAN:1 JASO:2 NAHI:1 DUZU:1 GURI:1 BURUZ:1 NOR:3 GARA:2 POLITIKA:2 VOUS:1 CONTENT:1 YOU:1 WANT:1 CONTINUE:1 YES:1 ITZULPEN:1 FRANCAIS:1 ARGAZKI:5 ENTZUN:1 ETA:19 ANIMALIA:1 LANDARE:1 EKARRI:1 DIZKIGU:1 AURTEN:1 ERE:3 THE:3 YEAR:1 HEMEN:1 EGIN:3 AUKERAKETA:1 BAT:5 RUN:1 GAZELA:1 BAINA:3 HIL:1 BERE:1 ZAIN:2 IKUSI:3 ZUEN:7 HAMAR:1 URTE:1 DARAMATZA:1 PARKE:1 HURA:2 EZAGUTZEN:1 EHIZA:2 ZIHOAN:1 ICE:1 ERRESUMA:4 ITSASONTZI:1 BATEAN:2 ZEGOEN:1 HARTZ:3 HAU:6 IZOTZ:1 ZEHAR:1 ZIRUDIEN:2 PISUA:1 NON:1 JARRI:3 OSO:1 ONGI:1 ZEKIELA:1 ARRAIN:1 BEGI:1 IRUDI:2 GOI:1 HAREN:2 MUNDUA:1 ELKARRI:2 TAMM:3 EULI:1 HAUEN:1 ZEN:10 BORROKA:1 DANTZA:1 ELKARREN:1 HASTEN:1 ZIREN:5 GERO:1 EMAN:1 ZITUEN:1 HARI:1 ITSASO:1 BELTZAREN:1 HEGAZTI:1 MEHATXATU:1 HAUEK:1 IRITSI:1 ARRANO:1 BAKARRIK:1 ZITUZTEN:1 ETSAI:1 ZUZEN:1 BATEN:2 HONETAN:1 GAUEKO:1 ARRISKU:1 NIGHT:1 LIGHT:1 LYNCH:4 RIVER:1 STATE:1 PARK:1 SASOI:1 ZEUDEN:1 HANDI:1 HONEK:1 INORA:1 DIO:2 BERAZ:1 KAMERA:1 METRO:1 NITUEN:1 NAHIKOA:1 ISLA:1 GORRI:1 HORI:1 UNE:2 FOKA:1 IHESI:1 PINGUINO:2 DIRA:5 DAGOEN:3 HIRU:1 BILDU:1 BERRIZ:1 LAKE:3 BASO:1 ENBOR:1 ZAHAR:1 BIZI:2 TXIKI:1 ZURI:1 GAZTE:1 ARI:1 IPAR:2 HELBURU:1 ELUR:1 ANTZARA:1 INGURU:1 AZERI:1 AUKERA:1 BIKAINA:1 IZATEN:1 ARTEAN:1 BUBBLE:1 IZAN:4 GOGO:1 MULTZO:1 ATZEAN:1 ZULO:1 SARTU:1 EGON:1 AHAL:2 ZITEZEN:1 ETORRI:1 HATZ:1 ATERA:1 ABIADA:1 NIRE:1 IZUGARRI:1 NINTZEN:1 AHAZTUKO:1 GURE:1 ASTEROKO:1 SARRERA:1 HONETATIK:1 BALIABIDE:1 BAITA:1 DAUDE:1 COPYRIGHT:1
https://zientzia.eus/argazki-galeriak/txokolatezko-muinoak/	ZIENTZIA:1 BIZITZA:5 BIOLOGIA:2 JOAN:6 KLIMA:2 LURRA:2 URA:3 ENERGIA:2 TEKNOLOGIA:4 INGENIARITZA:2 ZIENTZIAK:2 HEZKUNTZA:4 FISIKA:2 KIMIKA:2 MATEMATIKA:2 ASTRONOMIA:2 GAI:2 JARRAITU:2 ZURE:3 ETXEAN:1 JASO:2 NAHI:1 DUZU:1 GURI:1 BURUZ:1 NOR:3 GARA:2 POLITIKA:2 VOUS:1 CONTENT:1 YOU:1 WANT:1 CONTINUE:1 YES:1 ITZULPEN:1 FRANCAIS:1 ARGAZKI:2 ENTZUN:1 ETA:13 BASO:1 DIRA:6 MUINO:3 HAUEK:1 MILA:1 GORA:1 BATA:1 ARROZ:1 NAGUSI:1 DUTE:1 PROZESU:1 ITXURA:1 HORI:1 HARTU:1 ARTE:1 ARTEAN:1 DAUDE:2 SASOI:1 IHARTU:1 GURE:1 ASTEROKO:1 SARRERA:1 HONETATIK:1 BALIABIDE:1 BAITA:1 ERE:1 COPYRIGHT:1
https://zientzia.eus/argazki-galeriak/begirada-berri-bat-m51-ezagunari/	BERRI:2 BAT:4 ZIENTZIA:1 BIZITZA:5 BIOLOGIA:2 JOAN:5 KLIMA:2 LURRA:2 URA:3 ENERGIA:2 TEKNOLOGIA:4 INGENIARITZA:2 ZIENTZIAK:2 HEZKUNTZA:4 FISIKA:2 KIMIKA:2 MATEMATIKA:2 ASTRONOMIA:2 GAI:2 JARRAITU:2 ZURE:3 ETXEAN:1 JASO:2 NAHI:1 DUZU:1 GURI:1 BURUZ:1 NOR:3 GARA:2 POLITIKA:2 VOUS:1 CONTENT:1 YOU:1 WANT:1 CONTINUE:1 YES:1 ITZULPEN:1 FRANCAIS:1 ARGAZKI:4 ENTZUN:1 GALAXIA:3 ETA:6 HAMAIKA:1 BAINA:1 HAU:2 ASTRONOMO:1 BATEK:1 INOIZ:1 THE:1 YEAR:1 ZUZEN:1 ERE:3 ARGAZKILARI:1 HORREN:1 IZAN:1 ZITUEN:1 EDER:1 IKUSTEN:1 DIRA:2 XEHETASUN:1 GUZTIAK:1 ONGI:1 GERO:1 BAITA:2 BESTE:1 GURE:1 ASTEROKO:1 SARRERA:1 HONETATIK:1 BALIABIDE:1 DAUDE:1 COPYRIGHT:1
https://zientzia.eus/argazki-galeriak/bryce-canyon-1/	ZIENTZIA:1 BIZITZA:5 BIOLOGIA:2 JOAN:5 KLIMA:2 LURRA:2 URA:3 ENERGIA:2 TEKNOLOGIA:4 INGENIARITZA:2 ZIENTZIAK:2 HEZKUNTZA:4 FISIKA:2 KIMIKA:2 MATEMATIKA:2 ASTRONOMIA:2 GAI:2 JARRAITU:2 ZURE:3 ETXEAN:1 JASO:2 NAHI:1 DUZU:1 GURI:1 BURUZ:1 NOR:3 GARA:2 POLITIKA:2 VOUS:1 CONTENT:1 YOU:1 WANT:1 CONTINUE:1 YES:1 ITZULPEN:1 FRANCAIS:1 ARGAZKI:2 ENTZUN:1 URAK:1 ETA:12 DAGO:2 KOLORE:1 GORRI:1 LARANJA:1 DUTE:1 ESTATU:1 REN:1 IBAI:1 BATEK:1 SORTU:1 BERAZ:1 IZEN:1 HORI:1 BAT:3 DIRA:4 TXIMINIA:1 EGITURA:1 LUZE:1 ZABAL:1 METRO:1 SAKON:1 BEHI:1 ZIOEN:1 JARRI:1 ZIREN:1 BERA:1 DAUKA:1 HAREN:1 IZENA:1 GURE:1 ASTEROKO:1 SARRERA:1 HONETATIK:1 BALIABIDE:1 BAITA:1 ERE:1 DAUDE:1 COPYRIGHT:1
https://zientzia.eus/argazki-galeriak/definizioekin-jolasean/	ZIENTZIA:2 BIZITZA:5 BIOLOGIA:2 JOAN:5 KLIMA:2 LURRA:2 URA:3 ENERGIA:3 TEKNOLOGIA:4 INGENIARITZA:2 ZIENTZIAK:2 HEZKUNTZA:4 FISIKA:2 KIMIKA:2 MATEMATIKA:2 ASTRONOMIA:2 GAI:3 JARRAITU:2 ZURE:3 ETXEAN:1 JASO:2 NAHI:1 DUZU:1 GURI:1 BURUZ:1 NOR:3 GARA:2 POLITIKA:2 VOUS:1 CONTENT:1 YOU:1 WANT:1 CONTINUE:1 YES:1 ITZULPEN:1 FRANCAIS:1 ARGAZKI:2 ENTZUN:1 IRUDI:2 BATEK:1 ETA:12 ARE:1 BATI:1 BURURA:1 IZAN:1 DAITEKE:1 BAT:6 BESTE:2 GOGOETA:1 EDO:6 HIZTEGI:1 DIGU:1 ONDDO:1 IZEN:1 HAUTS:1 ITXURA:1 DIE:1 ARI:1 DIRA:2 ARTO:2 ARGAZKILARIA:6 EZTI:1 OSO:1 GEHIENBAT:1 LORTU:1 BATEN:1 BIZI:1 BONBA:6 AZA:3 ARMA:1 ATOMO:1 HIRU:1 MOTA:1 DAUDE:2 HIDROGENO:1 IZOTZ:1 PATATA:2 GURE:1 ASTEROKO:1 SARRERA:1 HONETATIK:1 BALIABIDE:1 BAITA:1 ERE:1 COPYRIGHT:1
https://zientzia.eus/argazki-galeriak/moeraki-harkaitzak/	ZIENTZIA:1 BIZITZA:5 BIOLOGIA:2 JOAN:5 KLIMA:2 LURRA:2 URA:3 ENERGIA:2 TEKNOLOGIA:4 INGENIARITZA:2 ZIENTZIAK:2 HEZKUNTZA:4 FISIKA:2 KIMIKA:2 MATEMATIKA:2 ASTRONOMIA:2 GAI:2 JARRAITU:2 ZURE:3 ETXEAN:1 JASO:2 NAHI:1 DUZU:1 GURI:1 BURUZ:1 NOR:3 GARA:2 POLITIKA:2 VOUS:1 CONTENT:1 YOU:1 WANT:1 CONTINUE:1 YES:1 ITZULPEN:1 FRANCAIS:1 ARGAZKI:2 ENTZUN:1 DUELA:1 URTE:1 BATZUK:1 HASI:1 ZIREN:4 PASATU:1 AHALA:1 GERO:2 ETA:9 BAINO:1 DIRA:4 DAUDE:3 ARTEAN:1 BEACH:1 DUTE:2 TONA:1 INGURU:1 BERRIZ:1 BALOI:1 BATEN:1 BAT:1 GUZTIRA:1 ARABERA:1 ERE:2 IZAN:1 BAINA:1 ERAMAN:1 DITU:1 EDO:2 GISA:1 GAUR:1 EGUN:1 DAGO:1 HAIEK:1 GURE:1 ASTEROKO:1 SARRERA:1 HONETATIK:1 BALIABIDE:1 BAITA:1 COPYRIGHT:1
https://zientzia.eus/argazki-galeriak/desertuko-ur-fosilaren-berdea/	ZIENTZIA:1 BIZITZA:5 BIOLOGIA:2 JOAN:5 KLIMA:2 LURRA:2 URA:4 ENERGIA:2 TEKNOLOGIA:4 INGENIARITZA:2 ZIENTZIAK:2 HEZKUNTZA:4 FISIKA:2 KIMIKA:2 MATEMATIKA:2 ASTRONOMIA:2 GAI:2 JARRAITU:2 ZURE:3 ETXEAN:1 JASO:2 NAHI:1 DUZU:1 GURI:1 BURUZ:1 NOR:3 GARA:2 POLITIKA:2 VOUS:1 CONTENT:1 YOU:1 WANT:1 CONTINUE:1 YES:1 ITZULPEN:1 FRANCAIS:1 ARGAZKI:2 ENTZUN:1 ETA:6 ARI:3 AZKEN:2 IRUDI:1 HAUEK:1 KOLORE:1 DIRA:4 IKUSTEN:1 ZIRKULU:1 NEKAZARITZA:1 DUTE:2 ITXURA:1 HORI:3 DATOR:1 BETE:1 ZIREN:1 URTE:1 DAKI:1 ZENBAT:1 DAGOEN:1 BAINA:1 BAT:1 IZANGO:1 NASA:3 GURE:1 ASTEROKO:1 SARRERA:1 HONETATIK:1 BALIABIDE:1 BAITA:1 ERE:1 DAUDE:1 COPYRIGHT:1
https://zientzia.eus/argazki-galeriak/jiuzhaigou-bailara/	ZIENTZIA:1 BIZITZA:5 BIOLOGIA:2 JOAN:5 KLIMA:2 LURRA:2 URA:3 ENERGIA:2 TEKNOLOGIA:4 INGENIARITZA:2 ZIENTZIAK:2 HEZKUNTZA:4 FISIKA:2 KIMIKA:2 MATEMATIKA:2 ASTRONOMIA:2 GAI:2 JARRAITU:2 ZURE:3 ETXEAN:1 JASO:2 NAHI:2 DUZU:1 GURI:1 BURUZ:1 NOR:3 GARA:2 POLITIKA:2 VOUS:1 CONTENT:1 YOU:1 WANT:1 CONTINUE:1 YES:1 ITZULPEN:1 FRANCAIS:1 ARGAZKI:2 ENTZUN:1 DITU:1 AINTZIRA:3 ETA:11 DAGO:1 ISPILU:1 BOST:1 GAIN:1 DIRA:4 JAUZI:1 BASO:1 ERE:3 OSO:1 ABERATSA:1 BESTE:1 UGAZTUN:1 ESPEZIE:1 BAT:2 BIZI:2 BAINO:2 BEDERATZI:2 HERRIKO:1 ESAN:1 GAUR:1 EGUN:1 HERRI:2 ZAZPI:2 DAUDE:2 GUZTIRA:1 PERTSONA:1 INGURU:1 BERA:1 ARE:1 GURE:1 ASTEROKO:1 SARRERA:1 HONETATIK:1 BALIABIDE:1 BAITA:1 COPYRIGHT:1
https://zientzia.eus/argazki-galeriak/begia-argia-zaldia/	ZALDIA:6 ZIENTZIA:1 BIZITZA:5 BIOLOGIA:2 JOAN:5 KLIMA:2 LURRA:2 URA:3 ENERGIA:2 TEKNOLOGIA:4 INGENIARITZA:2 ZIENTZIAK:2 HEZKUNTZA:4 FISIKA:2 KIMIKA:2 MATEMATIKA:2 ASTRONOMIA:2 GAI:2 JARRAITU:2 ZURE:3 ETXEAN:1 JASO:2 NAHI:1 DUZU:1 GURI:1 BURUZ:1 NOR:3 GARA:2 POLITIKA:2 VOUS:1 CONTENT:1 YOU:1 WANT:1 CONTINUE:1 YES:1 ITZULPEN:1 FRANCAIS:1 ARGAZKI:2 ENTZUN:1 HORI:1 HURRENKERA:1 EGIA:1 ESAN:1 ZEGOEN:1 URTE:2 BAINO:1 ZERAMATZAN:1 ZEN:1 ZUTEN:3 ARTE:1 ERABILI:1 ARGAZKILARITZA:1 ESKER:1 BIHURTU:1 IRUDI:1 HURA:1 ETA:6 ORAIN:2 BAI:1 GURE:2 ERE:2 DUTE:1 MARGOTU:1 ASTEROKO:1 SARRERA:1 HONETATIK:1 DIRA:1 BALIABIDE:1 BAITA:1 DAUDE:1 COPYRIGHT:1
https://zientzia.eus/argazki-galeriak/orain-arteko-europako-labar-arterik-zaharrena-data/	ORAIN:8 LABAR:8 DUTE:8 ZIENTZIA:1 BIZITZA:5 BIOLOGIA:2 JOAN:5 KLIMA:2 LURRA:2 URA:3 ENERGIA:2 TEKNOLOGIA:4 INGENIARITZA:2 ZIENTZIAK:2 HEZKUNTZA:4 FISIKA:2 KIMIKA:2 MATEMATIKA:2 ASTRONOMIA:2 GAI:2 JARRAITU:2 ZURE:3 ETXEAN:1 JASO:2 NAHI:1 DUZU:1 GURI:1 BURUZ:1 NOR:3 GARA:2 POLITIKA:2 VOUS:1 CONTENT:1 YOU:1 WANT:1 CONTINUE:1 YES:1 ITZULPEN:1 FRANCAIS:1 ARGAZKI:2 ENTZUN:1 SCIENCE:1 GAUR:1 BATEAN:1 FROGATU:4 ARTE:3 BAINO:8 URTE:15 ZUZEN:1 INGURU:3 ZUTEN:2 IKUSI:1 BURUA:1 KALTZITA:1 DIRA:4 ARROZ:1 ALE:1 BATEN:1 IKERTZAILE:1 BAT:8 DAGO:1 ARABERA:3 LEKU:3 HORI:2 ERABILI:2 IZOTZ:1 DUELA:4 ETA:9 GORRI:3 DAUDE:2 BESTE:2 BATZUETAN:1 HAIEK:1 DITUZTE:1 SABAI:2 IRUDI:2 DITU:5 HORREK:4 DENBORA:1 EGIN:2 DAGOEN:2 HALA:1 BISONTE:1 CASTILLO:5 DISKO:1 ERAKUTSI:1 BERRIZ:3 ADIBIDE:3 EGITEN:3 GURE:1 ASTEROKO:1 SARRERA:1 HONETATIK:1 BALIABIDE:1 BAITA:1 ERE:1 COPYRIGHT:1
https://zientzia.eus/argazki-galeriak/arizonako-olatua/	ZIENTZIA:1 BIZITZA:5 BIOLOGIA:2 JOAN:5 KLIMA:2 LURRA:2 URA:3 ENERGIA:2 TEKNOLOGIA:4 INGENIARITZA:2 ZIENTZIAK:2 HEZKUNTZA:4 FISIKA:2 KIMIKA:2 MATEMATIKA:2 ASTRONOMIA:2 GAI:2 JARRAITU:2 ZURE:3 ETXEAN:1 JASO:2 NAHI:1 DUZU:1 GURI:1 BURUZ:1 NOR:3 GARA:2 POLITIKA:2 VOUS:1 CONTENT:1 YOU:1 WANT:1 CONTINUE:1 YES:1 ITZULPEN:1 FRANCAIS:1 ARGAZKI:2 ENTZUN:1 ARTEAN:1 DAGO:1 THE:1 EDO:1 ZAION:1 LEKU:1 HAU:1 DIRA:2 LUZE:2 ETA:9 ZABAL:2 BATA:1 EURI:1 URAK:1 LEUN:1 DUDE:5 GURE:1 ASTEROKO:1 SARRERA:1 HONETATIK:1 BALIABIDE:1 BAITA:1 ERE:1 DAUDE:1 COPYRIGHT:1
https://zientzia.eus/argazki-galeriak/ortiz-de-barronen-ureztatzeko-gailu-birakariaren-p/	GAILU:7 ZIENTZIA:1 BIZITZA:5 BIOLOGIA:2 JOAN:5 KLIMA:2 LURRA:2 URA:3 ENERGIA:2 TEKNOLOGIA:4 INGENIARITZA:2 ZIENTZIAK:2 HEZKUNTZA:4 FISIKA:2 KIMIKA:2 MATEMATIKA:2 ASTRONOMIA:2 GAI:2 JARRAITU:2 ZURE:3 ETXEAN:1 JASO:2 NAHI:1 DUZU:1 GURI:1 BURUZ:1 NOR:3 GARA:2 POLITIKA:2 VOUS:1 CONTENT:1 YOU:1 WANT:1 CONTINUE:1 YES:1 ITZULPEN:1 FRANCAIS:1 ARGAZKI:2 ENTZUN:1 JULIO:5 ASMATU:1 ZUEN:1 PARA:1 DIO:1 ZION:1 ETA:5 EKARRI:1 DUGU:1 GURE:1 ASTEROKO:1 SARRERA:1 HONETATIK:1 DIRA:1 BALIABIDE:1 BAITA:1 ERE:1 DAUDE:1 COPYRIGHT:1
https://zientzia.eus/argazki-galeriak/leize-hartz-bat-laborategian/	HARTZ:5 BAT:4 ZIENTZIA:1 BIZITZA:5 BIOLOGIA:2 JOAN:5 KLIMA:2 LURRA:2 URA:3 ENERGIA:2 TEKNOLOGIA:4 INGENIARITZA:2 ZIENTZIAK:2 HEZKUNTZA:4 FISIKA:2 KIMIKA:2 MATEMATIKA:2 ASTRONOMIA:2 GAI:2 JARRAITU:3 ZURE:3 ETXEAN:1 JASO:2 NAHI:1 DUZU:1 GURI:1 BURUZ:1 NOR:3 GARA:2 POLITIKA:2 VOUS:1 CONTENT:1 YOU:1 WANT:1 CONTINUE:1 YES:1 ITZULPEN:1 FRANCAIS:1 ARGAZKI:2 ENTZUN:1 AURKITU:2 ZUTEN:5 BATEN:4 ZEN:3 ETA:7 AURRERA:1 PASATU:1 HIRU:2 AUKERA:1 EGIN:3 BEHAR:2 TOMOGRAFIA:1 ZEHATZ:1 IZAN:2 MARI:4 CRUZ:4 GARBITU:1 HEZUR:1 PUSKA:1 GUZTIAK:1 FRUTA:1 KAXA:1 BATEAN:1 ERAMAN:1 ARO:2 AZKEN:1 DIOGU:1 IRAKURRI:1 GURE:1 ASTEROKO:1 SARRERA:1 HONETATIK:1 DIRA:1 BALIABIDE:1 BAITA:1 ERE:1 DAUDE:1 COPYRIGHT:1
https://zientzia.eus/argazki-galeriak/uyuni-gatzezko-desertua/	ZIENTZIA:1 BIZITZA:5 BIOLOGIA:2 JOAN:5 KLIMA:2 LURRA:2 URA:4 ENERGIA:2 TEKNOLOGIA:4 INGENIARITZA:2 ZIENTZIAK:2 HEZKUNTZA:4 FISIKA:2 KIMIKA:2 MATEMATIKA:2 ASTRONOMIA:2 GAI:2 JARRAITU:2 ZURE:3 ETXEAN:1 JASO:2 NAHI:1 DUZU:1 GURI:1 BURUZ:1 NOR:3 GARA:2 POLITIKA:2 VOUS:1 CONTENT:1 YOU:1 WANT:1 CONTINUE:1 YES:1 ITZULPEN:1 FRANCAIS:1 ARGAZKI:2 ENTZUN:1 GOI:1 DAGO:1 DUELA:2 URTE:1 LAKU:2 HANDI:2 BAT:5 ZEGOEN:1 LEKU:2 HONETAN:1 ETA:7 HAREN:1 SORTU:1 ZEN:1 GATZ:7 HAU:2 SAKONERA:1 GUZTIRA:1 MILA:1 TONA:2 HORI:1 EGITEN:1 DIRA:3 GAIN:1 BAITA:2 BORO:1 POTASIO:1 MAGNESIO:1 LITIO:2 ERE:6 ZUZEN:1 ZURI:1 PUNTU:1 BISITA:1 DITU:1 AZAROA:1 IZAN:1 GARAI:1 FIN:1 BATEZ:1 DUTE:1 ITXURA:1 SASOI:1 HIRU:1 DAGOEN:1 ISLA:1 DEL:1 KAKTUS:1 GURE:1 ASTEROKO:1 SARRERA:1 HONETATIK:1 BALIABIDE:1 DAUDE:1 COPYRIGHT:1
https://zientzia.eus/argazki-galeriak/garuna-sare-ordenatua/	SARE:4 ZIENTZIA:1 BIZITZA:5 BIOLOGIA:2 JOAN:5 KLIMA:2 LURRA:2 URA:3 ENERGIA:2 TEKNOLOGIA:4 INGENIARITZA:2 ZIENTZIAK:2 HEZKUNTZA:4 FISIKA:2 KIMIKA:2 MATEMATIKA:2 ASTRONOMIA:2 GAI:2 JARRAITU:2 ZURE:3 ETXEAN:1 JASO:2 NAHI:1 DUZU:1 GURI:1 BURUZ:1 NOR:3 GARA:2 POLITIKA:2 VOUS:1 CONTENT:1 YOU:1 WANT:1 CONTINUE:1 YES:1 ITZULPEN:1 FRANCAIS:1 ARGAZKI:2 ENTZUN:1 ITXURA:1 ATZEAN:1 EGITURA:3 ETA:9 ORDENATU:1 BAT:1 DAGO:1 SCIENCE:1 LAN:1 BATEK:1 ERAKUTSI:1 MAGNETIKO:1 IRUDI:1 BESTE:1 LAU:1 AZTERTU:1 DITUZTE:1 OSO:1 AURKITU:1 DUTE:2 IKUSI:1 DUELA:1 ELKARREKIN:1 DIRA:2 BEZALA:1 SCHOOL:1 GURE:1 ASTEROKO:1 SARRERA:1 HONETATIK:1 BALIABIDE:1 BAITA:1 ERE:1 DAUDE:1 COPYRIGHT:1
https://zientzia.eus/argazki-galeriak/discoveryren-azken-hegaldia/	AZKEN:13 ZIENTZIA:1 BIZITZA:5 BIOLOGIA:2 JOAN:7 KLIMA:2 LURRA:2 URA:3 ENERGIA:2 TEKNOLOGIA:4 INGENIARITZA:2 ZIENTZIAK:2 HEZKUNTZA:4 FISIKA:2 KIMIKA:2 MATEMATIKA:2 ASTRONOMIA:2 GAI:2 JARRAITU:2 ZURE:3 ETXEAN:1 JASO:2 NAHI:1 DUZU:1 GURI:1 BURUZ:1 NOR:3 GARA:2 POLITIKA:2 VOUS:1 CONTENT:1 YOU:1 WANT:1 CONTINUE:1 YES:1 ITZULPEN:1 FRANCAIS:1 ARGAZKI:2 ENTZUN:1 DISCOVERY:1 ZEN:2 BESTE:1 GUZTIAK:1 IZAN:2 ESPAZIO:1 EGIN:2 GUZTIRA:1 ETA:7 HURA:1 ITZALI:1 ZITUEN:1 HALA:1 ERE:2 BERRIZ:1 ZUEN:1 AIR:1 AND:1 SPACE:1 HEZI:1 NASA:10 KIM:1 GURE:1 ASTEROKO:1 SARRERA:1 HONETATIK:1 DIRA:1 BALIABIDE:1 BAITA:1 DAUDE:1 COPYRIGHT:1
https://zientzia.eus/argazki-galeriak/meteora-airean-esekita/	AIREAN:3 ZIENTZIA:1 BIZITZA:5 BIOLOGIA:2 JOAN:5 KLIMA:2 LURRA:2 URA:3 ENERGIA:2 TEKNOLOGIA:4 INGENIARITZA:2 ZIENTZIAK:2 HEZKUNTZA:4 FISIKA:2 KIMIKA:2 MATEMATIKA:2 ASTRONOMIA:2 GAI:2 JARRAITU:2 ZURE:3 ETXEAN:1 JASO:2 NAHI:2 DUZU:1 GURI:1 BURUZ:1 NOR:3 GARA:2 POLITIKA:2 VOUS:1 CONTENT:1 YOU:1 WANT:1 CONTINUE:1 YES:1 ITZULPEN:1 FRANCAIS:1 ARGAZKI:2 ENTZUN:1 IPAR:1 DIRA:2 ESAN:2 ETA:13 DAITEKE:1 DAUDELA:1 BAT:1 EGITEN:1 DUTE:2 DIRUDITE:1 DUELA:1 URTE:1 GORA:3 EGIN:2 ZUEN:1 LODI:1 HARTAN:1 IREKI:1 ZIREN:4 AURRERA:2 URAK:1 FORMA:1 ZIETEN:1 GAUR:2 EGUN:2 IKUSTEN:1 IKUS:1 DAITEZKE:1 HAITZ:1 ITSASO:1 BATEK:1 HASI:2 EGON:1 ZITEZKEEN:1 BIZI:1 BERRIZ:1 IHES:1 ZUTEN:1 ERAIKI:1 ZITUZTEN:1 SEIK:1 GURE:1 ASTEROKO:1 SARRERA:1 HONETATIK:1 BALIABIDE:1 BAITA:1 ERE:1 DAUDE:1 COPYRIGHT:1
https://zientzia.eus/argazki-galeriak/kameleoi-nanoak/	ZIENTZIA:1 BIZITZA:5 BIOLOGIA:2 JOAN:5 KLIMA:2 LURRA:2 URA:3 ENERGIA:2 TEKNOLOGIA:4 INGENIARITZA:2 ZIENTZIAK:2 HEZKUNTZA:4 FISIKA:2 KIMIKA:2 MATEMATIKA:2 ASTRONOMIA:2 GAI:2 JARRAITU:2 ZURE:3 ETXEAN:1 JASO:2 NAHI:1 DUZU:1 GURI:1 BURUZ:1 NOR:3 GARA:2 POLITIKA:2 VOUS:1 CONTENT:1 YOU:1 WANT:1 CONTINUE:1 YES:1 ITZULPEN:1 FRANCAIS:1 ARGAZKI:2 ENTZUN:1 ARTEAN:1 DAUDEN:1 LAU:2 ESPEZIE:1 BERRI:1 AURKITU:2 DITUZTE:1 LUZE:1 DIRA:2 BESTE:1 ONE:2 HARA:1 UHARTE:2 TXIKI:1 BATEAN:1 DUTE:1 ZUZEN:1 ERE:2 BALIABIDE:2 ANIMALIEN:1 TAMAINA:1 ZAIO:1 HORRI:1 ETA:4 GURE:1 ASTEROKO:1 SARRERA:1 HONETATIK:1 BAITA:1 DAUDE:1 COPYRIGHT:1
https://zientzia.eus/argazki-galeriak/koralen-enbrioiak/	ZIENTZIA:1 BIZITZA:5 BIOLOGIA:2 JOAN:5 KLIMA:2 LURRA:2 URA:3 ENERGIA:2 TEKNOLOGIA:4 INGENIARITZA:2 ZIENTZIAK:2 HEZKUNTZA:4 FISIKA:2 KIMIKA:2 MATEMATIKA:2 ASTRONOMIA:2 GAI:3 JARRAITU:2 ZURE:3 ETXEAN:1 JASO:2 NAHI:1 DUZU:1 GURI:1 BURUZ:1 NOR:3 GARA:2 POLITIKA:2 VOUS:1 CONTENT:1 YOU:1 WANT:1 CONTINUE:1 YES:1 ITZULPEN:1 FRANCAIS:1 ARGAZKI:2 ENTZUN:1 SEXU:1 DIRA:3 BAINA:1 ESTUA:1 DUTE:4 ERE:2 ZIENTZIEN:1 FROGATU:1 AURRERA:1 GALDU:1 GARATU:1 ETA:11 EZARRI:1 KORAL:3 BEZALA:2 MINTZ:2 OSOAK:1 HIRU:2 SCIENCE:3 LAU:1 ONDOREN:2 TAMAINA:1 SEI:1 GURE:1 ASTEROKO:1 SARRERA:1 HONETATIK:1 BALIABIDE:1 BAITA:1 DAUDE:1 COPYRIGHT:1
https://zientzia.eus/argazki-galeriak/albatrosak/	ZIENTZIA:1 BIZITZA:5 BIOLOGIA:2 JOAN:5 KLIMA:3 LURRA:2 URA:3 ENERGIA:2 TEKNOLOGIA:4 INGENIARITZA:2 ZIENTZIAK:2 HEZKUNTZA:4 FISIKA:2 KIMIKA:2 MATEMATIKA:2 ASTRONOMIA:2 GAI:2 JARRAITU:2 ZURE:3 ETXEAN:1 JASO:2 NAHI:1 DUZU:1 GURI:1 BURUZ:1 NOR:3 GARA:2 POLITIKA:2 VOUS:1 CONTENT:1 YOU:1 WANT:1 CONTINUE:1 YES:1 ITZULPEN:1 FRANCAIS:1 ARGAZKI:2 ENTZUN:1 MAITE:1 HEGO:1 IKERTU:1 ZITUEN:1 ESPEZIE:1 IZAN:1 ALDATZEN:1 ARI:1 ETA:4 GURE:1 ASTEROKO:1 SARRERA:1 HONETATIK:1 DIRA:1 BALIABIDE:1 BAITA:1 ERE:1 DAUDE:1 COPYRIGHT:1
https://zientzia.eus/argazki-galeriak/norvegiako-fiordoak/	ZIENTZIA:1 BIZITZA:5 BIOLOGIA:2 JOAN:7 KLIMA:2 LURRA:3 URA:3 ENERGIA:2 TEKNOLOGIA:4 INGENIARITZA:2 ZIENTZIAK:2 HEZKUNTZA:4 FISIKA:2 KIMIKA:2 MATEMATIKA:2 ASTRONOMIA:2 GAI:2 JARRAITU:2 ZURE:3 ETXEAN:1 JASO:2 NAHI:1 DUZU:1 GURI:1 BURUZ:1 NOR:3 GARA:2 POLITIKA:2 VOUS:1 CONTENT:1 YOU:1 WANT:1 CONTINUE:1 YES:1 ITZULPEN:1 FRANCAIS:1 ARGAZKI:2 ENTZUN:1 AURKITU:1 DITZAKEGU:1 BATZUK:1 ZEHAR:1 SORTU:1 DIRA:3 BEREN:1 BAINA:2 ETA:13 ZIREN:4 HALA:1 GERO:2 BIHURTU:1 ZITUZTEN:1 METRO:1 ERDI:1 BAT:1 DUELA:1 URTE:1 BURUAN:1 IRITSI:1 HAN:2 HASI:1 IPAR:1 SARTU:1 UREZ:1 BETE:1 ZITUEN:1 HORRELA:1 JAIO:1 DAGO:2 LEHENENGO:1 HOR:1 BIGARREN:1 LUZE:1 BOST:1 BANATZEN:1 BESO:1 BESTE:1 DAUDE:2 GLAZIAR:1 DITU:1 ZEIN:1 DUTE:1 LIFE:2 TEAM:1 NASA:1 BERAREN:1 ARABERA:1 GURE:1 ASTEROKO:1 SARRERA:1 HONETATIK:1 BALIABIDE:1 BAITA:1 ERE:1 COPYRIGHT:1
https://zientzia.eus/argazki-galeriak/aurora-planeta/	PLANETA:3 ZIENTZIA:1 BIZITZA:5 BIOLOGIA:2 JOAN:5 KLIMA:2 LURRA:2 URA:3 ENERGIA:2 TEKNOLOGIA:4 INGENIARITZA:2 ZIENTZIAK:2 HEZKUNTZA:4 FISIKA:2 KIMIKA:2 MATEMATIKA:2 ASTRONOMIA:2 GAI:2 JARRAITU:2 ZURE:3 ETXEAN:1 JASO:2 NAHI:1 DUZU:1 GURI:1 BURUZ:1 NOR:3 GARA:2 POLITIKA:2 VOUS:1 CONTENT:1 YOU:1 WANT:1 CONTINUE:1 YES:1 ITZULPEN:1 FRANCAIS:1 ARGAZKI:4 ENTZUN:1 EGUZKI:1 ERAGIN:1 ZITUEN:1 HAU:1 RAND:1 STRAND:2 GAUA:1 PASATU:1 ZUEN:1 ZAIN:1 BESTE:1 LAGUN:1 BATERA:1 IRITSI:1 HIRU:1 ATERA:1 ZIZKIEN:1 ETA:6 LAGUNARI:1 HAIEK:1 EGIN:1 DIO:1 GURE:1 ASTEROKO:1 SARRERA:1 HONETATIK:1 DIRA:1 BALIABIDE:1 BAITA:1 ERE:1 DAUDE:1 COPYRIGHT:1
https://zientzia.eus/argazki-galeriak/penitente-zuriak/	ZIENTZIA:1 BIZITZA:5 BIOLOGIA:2 JOAN:5 KLIMA:2 LURRA:2 URA:3 ENERGIA:2 TEKNOLOGIA:4 INGENIARITZA:2 ZIENTZIAK:2 HEZKUNTZA:4 FISIKA:2 KIMIKA:2 MATEMATIKA:2 ASTRONOMIA:2 GAI:2 JARRAITU:2 ZURE:3 ETXEAN:1 JASO:2 NAHI:1 DUZU:1 GURI:1 BURUZ:1 NOR:3 GARA:2 POLITIKA:2 VOUS:1 CONTENT:1 YOU:1 WANT:1 CONTINUE:1 YES:1 ITZULPEN:1 FRANCAIS:1 ARGAZKI:3 ENTZUN:1 HASI:1 ETA:8 BOST:1 IZAN:3 DAITEZKE:1 DOAZEN:1 ZAIE:1 HORRELA:1 ALTITUDE:1 DIRA:4 ADIBIDEZ:1 BEZALA:1 GORA:1 ZITUEN:1 ZEN:1 PASATU:1 BEHAR:1 HARK:1 IDATZI:1 ZUEN:1 HAIZE:1 EGITURA:1 HAIEK:1 BAINA:1 FROGATU:1 EZER:1 LEHENDABIZI:1 EGUZKI:2 ZULO:2 TXIKI:1 BATZUK:1 ELUR:1 HORREN:1 EGITEN:2 HALA:1 GERO:1 TENTE:1 GURE:1 ASTEROKO:1 SARRERA:1 HONETATIK:1 BALIABIDE:1 BAITA:1 ERE:1 DAUDE:1 COPYRIGHT:1
https://zientzia.eus/argazki-galeriak/errinozeroak-airean/	AIREAN:6 ZIENTZIA:1 BIZITZA:5 BIOLOGIA:2 JOAN:5 KLIMA:2 LURRA:2 URA:3 ENERGIA:2 TEKNOLOGIA:4 INGENIARITZA:2 ZIENTZIAK:2 HEZKUNTZA:4 FISIKA:2 KIMIKA:2 MATEMATIKA:2 ASTRONOMIA:2 GAI:2 JARRAITU:2 ZURE:3 ETXEAN:1 JASO:2 NAHI:1 DUZU:1 GURI:1 BURUZ:1 NOR:3 GARA:2 POLITIKA:2 VOUS:1 CONTENT:1 YOU:1 WANT:1 CONTINUE:1 YES:1 ITZULPEN:1 FRANCAIS:1 ARGAZKI:2 ENTZUN:1 EMAN:1 ETA:8 ZINTZILIK:1 ZITUZTEN:2 ERRINOZERO:3 BELTZ:1 HEGO:1 HORIXE:1 LUR:2 AURKITU:1 HAMAR:1 BAT:1 IZAN:1 ZIREN:1 ZAIN:1 ZEUDEN:1 LURMUTUR:1 GUZTIRA:1 HASI:1 INGURU:1 DITUZTE:1 EGITEN:1 ZUTEN:1 EDO:1 BAINA:1 ALBAITARI:1 DUTE:1 BAITA:2 IZATEN:1 ERE:3 LEKU:1 ERORI:1 BAI:1 GURE:1 ASTEROKO:1 SARRERA:1 HONETATIK:1 DIRA:1 BALIABIDE:1 DAUDE:1 COPYRIGHT:1
https://zientzia.eus/argazki-galeriak/biomedikuntza-arloko-mikroargazkigintzako-iii-lehi/	ZIENTZIA:1 BIZITZA:5 BIOLOGIA:3 JOAN:5 KLIMA:2 LURRA:2 URA:3 ENERGIA:2 TEKNOLOGIA:4 INGENIARITZA:2 ZIENTZIAK:2 HEZKUNTZA:4 FISIKA:2 KIMIKA:2 MATEMATIKA:2 ASTRONOMIA:2 GAI:2 JARRAITU:2 ZURE:3 ETXEAN:1 JASO:2 NAHI:1 DUZU:1 GURI:1 BURUZ:1 NOR:3 GARA:2 POLITIKA:2 VOUS:1 CONTENT:1 YOU:1 WANT:1 CONTINUE:1 YES:1 ITZULPEN:1 FRANCAIS:1 ARGAZKI:3 ENTZUN:1 LOS:1 SALE:1 SOL:1 IRABAZI:1 ETA:11 AZPIMARRATU:1 DITU:1 ELEKTRONIKO:1 ALGA:1 HAUEK:1 OSO:1 DIRA:3 GURE:2 KATE:1 AZALEKO:2 HORRI:1 ESKER:1 IDENTIFIKA:1 DAITEZKE:3 ESPEZIE:2 BIGARREN:1 IZAN:2 IRUDI:2 HONETAN:2 IKUS:2 KOLORE:1 ITXURA:1 HIRUGARREN:1 GARUN:1 HIRU:1 IKUSTEN:1 HAU:1 ZERBITZU:1 BAITAN:1 DAGOEN:1 EHUN:1 EMAITZAK:1 GUZTIAK:1 HEMEN:1 ASTEROKO:1 SARRERA:1 HONETATIK:1 BALIABIDE:1 BAITA:1 ERE:1 DAUDE:1 COPYRIGHT:1
https://zientzia.eus/argazki-galeriak/khiluk-laku-pintoa/	LAKU:3 ZIENTZIA:1 BIZITZA:5 BIOLOGIA:2 JOAN:5 KLIMA:2 LURRA:2 URA:5 ENERGIA:2 TEKNOLOGIA:4 INGENIARITZA:2 ZIENTZIAK:2 HEZKUNTZA:4 FISIKA:2 KIMIKA:2 MATEMATIKA:2 ASTRONOMIA:2 GAI:2 JARRAITU:2 ZURE:3 ETXEAN:1 JASO:2 NAHI:1 DUZU:1 GURI:1 BURUZ:1 NOR:3 GARA:2 POLITIKA:2 VOUS:1 CONTENT:1 YOU:1 WANT:1 CONTINUE:1 YES:1 ITZULPEN:1 FRANCAIS:1 ARGAZKI:2 ENTZUN:1 GERTU:1 DAGO:1 HAU:1 EZAGUTZEN:1 DUTE:1 ETA:7 LEKU:1 DITU:1 OSO:1 UDAN:1 AHALA:2 DIRA:3 HORRELA:1 ITXURA:1 ALDATU:1 DOA:1 HAIEN:1 ERE:2 HORI:1 BERDE:1 URDIN:1 GURE:1 ASTEROKO:1 SARRERA:1 HONETATIK:1 BALIABIDE:1 BAITA:1 DAUDE:1 COPYRIGHT:1
https://zientzia.eus/argazki-galeriak/petrolioz-estalita-bizirik/	ZIENTZIA:1 BIZITZA:5 BIOLOGIA:2 JOAN:5 KLIMA:2 LURRA:2 URA:3 ENERGIA:2 TEKNOLOGIA:4 INGENIARITZA:2 ZIENTZIAK:2 HEZKUNTZA:4 FISIKA:2 KIMIKA:2 MATEMATIKA:2 ASTRONOMIA:2 GAI:2 JARRAITU:2 ZURE:3 ETXEAN:1 JASO:2 NAHI:1 DUZU:1 GURI:1 BURUZ:1 NOR:3 GARA:2 POLITIKA:2 VOUS:1 CONTENT:1 YOU:1 WANT:1 CONTINUE:1 YES:1 ITZULPEN:1 FRANCAIS:1 ARGAZKI:2 ENTZUN:1 ZERIEN:1 ETA:7 BAT:1 BIHURTU:1 ZIREN:1 HORRELA:1 EGOERA:1 IAZ:1 ZORTZI:1 HAUEN:1 IRABAZI:1 THE:1 YEAR:1 SARI:1 ARABERA:1 BATERA:1 IRUDI:1 INDARTSU:1 HONEN:1 EDERRA:1 EGITEN:1 GURE:1 ASTEROKO:1 SARRERA:1 HONETATIK:1 DIRA:1 BALIABIDE:1 BAITA:1 ERE:1 DAUDE:1 COPYRIGHT:1
https://zientzia.eus/argazki-galeriak/donana-fraktala/	ZIENTZIA:1 BIZITZA:5 BIOLOGIA:2 JOAN:5 KLIMA:2 LURRA:2 URA:3 ENERGIA:2 TEKNOLOGIA:4 INGENIARITZA:2 ZIENTZIAK:2 HEZKUNTZA:4 FISIKA:2 KIMIKA:2 MATEMATIKA:2 ASTRONOMIA:2 GAI:2 JARRAITU:2 ZURE:3 ETXEAN:1 JASO:2 NAHI:1 DUZU:1 GURI:1 BURUZ:1 NOR:3 GARA:2 POLITIKA:2 VOUS:1 CONTENT:1 YOU:1 WANT:1 CONTINUE:1 YES:1 ITZULPEN:1 FRANCAIS:1 ARGAZKI:4 ENTZUN:1 DIZKIGU:1 ANA:1 LAS:1 ETA:6 DITUZTE:2 DIRA:3 URAK:1 EDO:1 HONETAN:1 IKUS:1 DAITEZKE:1 KOLORE:1 JARDUERA:1 ISLA:1 BERDE:1 BERRIZ:1 ADIERAZLE:1 PUNTU:1 TXURI:1 APIRIL:1 OSOAN:1 IZANGO:1 ERAKUSKETA:1 GURE:1 ASTEROKO:1 SARRERA:1 HONETATIK:1 BALIABIDE:1 BAITA:1 ERE:1 DAUDE:1 COPYRIGHT:1
https://zientzia.eus/argazki-galeriak/bizkarroia-mihi/	MIHI:5 ZIENTZIA:1 BIZITZA:5 BIOLOGIA:2 JOAN:5 KLIMA:2 LURRA:2 URA:3 ENERGIA:2 TEKNOLOGIA:4 INGENIARITZA:2 ZIENTZIAK:2 HEZKUNTZA:4 FISIKA:2 KIMIKA:2 MATEMATIKA:2 ASTRONOMIA:2 GAI:2 JARRAITU:2 ZURE:3 ETXEAN:1 JASO:2 NAHI:1 DUZU:1 GURI:1 BURUZ:1 NOR:3 GARA:2 POLITIKA:2 VOUS:1 CONTENT:1 YOU:1 WANT:1 CONTINUE:1 YES:1 ITZULPEN:1 FRANCAIS:1 ARGAZKI:2 ENTZUN:1 ARRAIN:2 HONEK:1 BEGI:1 ETA:9 AHOA:1 IZAN:1 ERE:2 BAT:1 HONEN:1 ARTEAN:1 DIRA:2 ESTRATEGIA:1 HARTU:1 BAINA:1 AGIAN:1 SARTU:1 DIO:2 HAREN:1 HASTEN:1 BEHAR:1 GABE:1 EGITEN:1 DESAGERTU:1 ARTE:1 ZUEN:1 BERA:1 GURE:1 ASTEROKO:1 SARRERA:1 HONETATIK:1 BALIABIDE:1 BAITA:1 DAUDE:1 COPYRIGHT:1
https://zientzia.eus/argazki-galeriak/beirazko-mikroorganismo-gardenak/	ZIENTZIA:1 BIZITZA:5 BIOLOGIA:2 JOAN:5 KLIMA:2 LURRA:2 URA:3 ENERGIA:2 TEKNOLOGIA:4 INGENIARITZA:2 ZIENTZIAK:3 HEZKUNTZA:4 FISIKA:2 KIMIKA:2 MATEMATIKA:2 ASTRONOMIA:2 GAI:3 JARRAITU:2 ZURE:3 ETXEAN:1 JASO:2 NAHI:1 DUZU:1 GURI:1 BURUZ:1 NOR:3 GARA:2 POLITIKA:2 VOUS:1 CONTENT:1 YOU:1 WANT:1 CONTINUE:1 YES:1 ITZULPEN:1 FRANCAIS:1 ARGAZKI:3 ENTZUN:1 HASI:1 ZEN:1 ETA:16 IZAN:6 LUKE:7 EGIN:3 DITU:4 AZKEN:1 BOST:1 GLASS:1 HAUSNARKETA:1 ERE:5 KOLORE:2 ZAIZKIE:1 SARRI:1 BATZUETAN:1 HELBURU:1 BESTE:1 ESTETIKA:1 ZENBAT:1 BERE:1 NOLA:2 DUTE:1 IRUDI:1 HALA:1 ALDE:2 BATERA:1 UTZI:1 HIRU:1 AUKERATU:1 BILATU:1 KIM:1 BEIRA:2 MUGAN:1 IBILI:1 NIRE:2 BATZUK:1 ZIREN:1 GAUZA:1 BERA:1 EDERRA:1 DIRA:2 DAGO:1 THE:2 WELCOME:2 HEGAZTI:1 GURE:1 ASTEROKO:1 SARRERA:1 HONETATIK:1 BALIABIDE:1 BAITA:1 DAUDE:1 COPYRIGHT:1
https://zientzia.eus/argazki-galeriak/elur-maluten-argazkilaria/	ELUR:6 ARGAZKILARIA:2 ZIENTZIA:1 BIZITZA:5 BIOLOGIA:2 JOAN:5 KLIMA:2 LURRA:2 URA:3 ENERGIA:2 TEKNOLOGIA:4 INGENIARITZA:2 ZIENTZIAK:2 HEZKUNTZA:4 FISIKA:2 KIMIKA:2 MATEMATIKA:2 ASTRONOMIA:2 GAI:2 JARRAITU:2 ZURE:3 ETXEAN:1 JASO:3 NAHI:1 DUZU:1 GURI:1 BURUZ:1 NOR:3 GARA:2 POLITIKA:2 VOUS:1 CONTENT:1 YOU:1 WANT:1 CONTINUE:1 YES:1 ITZULPEN:1 FRANCAIS:1 ARGAZKI:3 ENTZUN:1 AZPIAN:1 IKUSI:1 NUEN:1 EDERTASUN:2 ETA:9 ZEN:9 HORI:1 ERE:3 KRISTAL:1 BAKOITZA:1 BAT:4 BERA:1 ATZEAN:1 UTZI:1 GABE:1 REN:1 DIRA:2 HAMABOST:1 URTE:2 AMAK:1 ZAHAR:1 BATEAN:1 HAIEK:1 IZAN:3 BAINA:2 URTU:1 BAINO:1 LEHEN:1 OSO:1 LAN:1 ZUEN:3 FORMA:1 HALA:1 KAMERA:1 PENTSATU:1 BATI:1 LEHENENGO:1 ARGAZKIA:1 ATERA:1 ZION:1 HURA:1 BOST:2 MILA:2 GORA:1 ZITUEN:1 LORE:1 HAREN:1 WEATHER:9 SERVICE:9 GURE:1 ASTEROKO:1 SARRERA:1 HONETATIK:1 BALIABIDE:1 BAITA:1 DAUDE:1 COPYRIGHT:1
https://zientzia.eus/argazki-galeriak/otsoaren-jauzia/	ZIENTZIA:1 BIZITZA:5 BIOLOGIA:2 JOAN:5 KLIMA:2 LURRA:2 URA:3 ENERGIA:2 TEKNOLOGIA:4 INGENIARITZA:2 ZIENTZIAK:2 HEZKUNTZA:4 FISIKA:2 KIMIKA:2 MATEMATIKA:2 ASTRONOMIA:2 GAI:2 JARRAITU:2 ZURE:3 ETXEAN:1 JASO:4 NAHI:2 DUZU:1 GURI:1 BURUZ:1 NOR:3 GARA:2 POLITIKA:2 VOUS:1 CONTENT:1 YOU:1 WANT:1 CONTINUE:1 YES:1 ITZULPEN:1 FRANCAIS:1 ARGAZKI:3 ENTZUN:1 GAUAREN:1 ATERA:1 ETA:12 ABIATU:1 OTSOA:3 HORREN:1 BESTE:1 ALDEAN:1 IZANGO:1 DUELA:1 SALTO:1 EGIN:1 BADOA:1 BILA:1 UNE:1 HORI:1 ZUEN:4 LUIS:2 DOAN:1 IRUDI:1 BAT:3 BAINA:1 ERAKUTSI:1 GABE:2 AUKERATU:1 BURUAN:1 ABIADURA:1 FINKATU:1 BEHAR:1 BEZALA:1 GAIN:1 TRANPA:1 JARRI:1 ERORI:1 ARGAZKIA:1 URTE:1 DARAMATZA:1 BEREZIKI:1 ANIMALIEI:1 ORAIN:1 ARGAZKILARI:1 BATEK:1 THE:3 YEAR:3 GURE:1 ASTEROKO:1 SARRERA:1 HONETATIK:1 DIRA:1 BALIABIDE:1 BAITA:1 ERE:1 DAUDE:1 COPYRIGHT:1
https://zientzia.eus/argazki-galeriak/antera/	ZIENTZIA:1 BIZITZA:5 BIOLOGIA:2 JOAN:5 KLIMA:2 LURRA:2 URA:3 ENERGIA:2 TEKNOLOGIA:4 INGENIARITZA:2 ZIENTZIAK:2 HEZKUNTZA:4 FISIKA:2 KIMIKA:2 MATEMATIKA:2 ASTRONOMIA:2 GAI:2 JARRAITU:2 ZURE:3 ETXEAN:1 JASO:2 NAHI:1 DUZU:1 GURI:1 BURUZ:1 NOR:3 GARA:2 POLITIKA:2 VOUS:1 CONTENT:1 YOU:1 WANT:1 CONTINUE:1 YES:1 ITZULPEN:1 FRANCAIS:1 ARGAZKI:2 ENTZUN:1 URTE:1 DARAMATZA:1 AZPIAN:1 JARRI:1 ETA:6 HONETAN:1 SEXU:1 ATERA:1 DIO:1 ARGAZKIA:1 IZAN:2 WORLD:3 GURE:1 ASTEROKO:1 SARRERA:1 HONETATIK:1 DIRA:1 BALIABIDE:1 BAITA:1 ERE:1 DAUDE:1 COPYRIGHT:1
https://zientzia.eus/argazki-galeriak/altinum-hiria-bistara/	ZIENTZIA:1 BIZITZA:5 BIOLOGIA:2 JOAN:5 KLIMA:2 LURRA:2 URA:3 ENERGIA:2 TEKNOLOGIA:4 INGENIARITZA:2 ZIENTZIAK:2 HEZKUNTZA:4 FISIKA:2 KIMIKA:2 MATEMATIKA:2 ASTRONOMIA:2 GAI:2 JARRAITU:2 ZURE:3 ETXEAN:1 JASO:2 NAHI:1 DUZU:1 GURI:1 BURUZ:1 NOR:3 GARA:2 POLITIKA:2 VOUS:1 CONTENT:1 YOU:1 WANT:1 CONTINUE:1 YES:1 ITZULPEN:1 FRANCAIS:1 ARGAZKI:2 ENTZUN:1 DAUDEN:2 LUR:3 SAIL:1 HAUEI:1 BEGI:1 BEGIRATUKO:1 BAGENIE:1 ARTO:1 ETA:11 SOJA:1 BAINO:1 GENITUZKE:1 IKUSIKO:1 BAINA:1 KAMERA:1 BAT:3 BESTE:2 AZPIAN:3 IKUSI:2 AHAL:2 IZAN:2 DUTE:2 HIRI:3 ERROMATAR:2 HARTU:1 BATEK:2 JOTA:1 ZEGOEN:1 HORRI:1 ESKER:1 ZITUZTEN:1 HANDI:2 HORREK:1 ZUEN:1 SCIENCE:2 IDATZI:1 EGITURAK:1 INGURUNE:1 HARTARA:1 PRIMERAN:1 ZUZEN:1 ERE:2 GURE:1 ASTEROKO:1 SARRERA:1 HONETATIK:1 DIRA:1 BALIABIDE:1 BAITA:1 DAUDE:1 COPYRIGHT:1
https://zientzia.eus/argazki-galeriak/alde-iluna-koloretan/	ALDE:4 ZIENTZIA:1 BIZITZA:5 BIOLOGIA:2 JOAN:5 KLIMA:2 LURRA:2 URA:3 ENERGIA:2 TEKNOLOGIA:4 INGENIARITZA:2 ZIENTZIAK:2 HEZKUNTZA:4 FISIKA:2 KIMIKA:2 MATEMATIKA:2 ASTRONOMIA:2 GAI:2 JARRAITU:2 ZURE:3 ETXEAN:1 JASO:2 NAHI:1 DUZU:1 GURI:1 BURUZ:1 NOR:3 GARA:2 POLITIKA:2 VOUS:1 CONTENT:1 YOU:1 WANT:1 CONTINUE:1 YES:1 ITZULPEN:1 FRANCAIS:1 ARGAZKI:2 ENTZUN:1 BETE:1 BERRI:1 DIRA:4 URTE:2 ETA:6 JARRI:1 GARAI:1 HARTAN:1 ZURI:1 IKUSI:1 ZIREN:1 IRUDI:2 HAIEK:1 TELEBISTA:1 EGUNKARI:1 ORAIN:2 KOLORE:1 ERAKUTSI:1 DIGUTE:1 HEGO:1 HAU:1 MAPA:1 BAT:1 EGIN:1 BOST:1 EGUZKI:1 IRITSI:1 HORRI:1 ESKER:1 DAUDE:2 NASA:1 GURE:1 ASTEROKO:1 SARRERA:1 HONETATIK:1 BALIABIDE:1 BAITA:1 ERE:1 COPYRIGHT:1
https://zientzia.eus/argazki-galeriak/etsaia-irensten/	ZIENTZIA:1 BIZITZA:5 BIOLOGIA:2 JOAN:5 KLIMA:2 LURRA:2 URA:3 ENERGIA:2 TEKNOLOGIA:4 INGENIARITZA:2 ZIENTZIAK:2 HEZKUNTZA:4 FISIKA:2 KIMIKA:2 MATEMATIKA:2 ASTRONOMIA:2 GAI:2 JARRAITU:2 ZURE:3 ETXEAN:1 JASO:2 NAHI:1 DUZU:1 GURI:1 BURUZ:1 NOR:3 GARA:2 POLITIKA:2 VOUS:1 CONTENT:1 YOU:1 WANT:1 CONTINUE:1 YES:1 ITZULPEN:1 FRANCAIS:1 ARGAZKI:2 ENTZUN:1 BATEK:1 BAT:2 IRENTSI:2 EGITEN:1 HORIXE:1 ZUZEN:1 ERE:2 ZAIZKIGUN:1 GURE:3 ARTEAN:1 DIRA:4 BATEZ:1 BESTE:1 IZAN:2 DITZAKEGU:1 ODOL:1 LITRO:1 IZATEN:1 MEHATXU:1 DAITEZKEN:1 AURKITZEN:1 HONETAN:1 TALDE:1 EGIN:1 TOPO:1 DAGOENEKO:1 PARE:1 DITU:1 ETA:4 ASTEROKO:1 SARRERA:1 HONETATIK:1 BALIABIDE:1 BAITA:1 DAUDE:1 COPYRIGHT:1
https://zientzia.eus/argazki-galeriak/rub-al-khali/	ZIENTZIA:1 BIZITZA:5 BIOLOGIA:2 JOAN:6 KLIMA:2 LURRA:2 URA:3 ENERGIA:2 TEKNOLOGIA:4 INGENIARITZA:2 ZIENTZIAK:2 HEZKUNTZA:4 FISIKA:2 KIMIKA:2 MATEMATIKA:2 ASTRONOMIA:2 GAI:2 JARRAITU:2 ZURE:3 ETXEAN:1 JASO:2 NAHI:1 DUZU:1 GURI:1 BURUZ:1 NOR:3 GARA:2 POLITIKA:2 VOUS:1 CONTENT:1 YOU:1 WANT:1 CONTINUE:1 YES:1 ITZULPEN:1 FRANCAIS:1 ARGAZKI:2 ENTZUN:1 ETA:10 HAREA:2 BAITA:2 BAT:1 ERE:3 HALA:1 DIO:1 LAURDEN:1 BAINA:1 HEREN:1 OSOA:1 DUNA:1 ETORRI:1 NASA:1 GURE:1 ASTEROKO:1 SARRERA:1 HONETATIK:1 DIRA:1 BALIABIDE:1 DAUDE:1 COPYRIGHT:1
https://zientzia.eus/argazki-galeriak/tatioko-geyserrak/	ZIENTZIA:1 BIZITZA:5 BIOLOGIA:2 JOAN:5 KLIMA:2 LURRA:2 URA:9 ENERGIA:2 TEKNOLOGIA:4 INGENIARITZA:2 ZIENTZIAK:2 HEZKUNTZA:4 FISIKA:2 KIMIKA:2 MATEMATIKA:2 ASTRONOMIA:2 GAI:2 JARRAITU:2 ZURE:3 ETXEAN:1 JASO:2 NAHI:1 DUZU:1 GURI:1 BURUZ:1 NOR:3 GARA:2 POLITIKA:2 VOUS:1 CONTENT:1 YOU:1 WANT:1 CONTINUE:1 YES:1 ITZULPEN:1 FRANCAIS:1 ARGAZKI:2 ENTZUN:1 GAUR:1 EGUN:1 INGURU:2 DAUDE:3 DEL:1 DUTE:2 EGUNERO:1 AKTIBATZEN:1 DIRA:8 GOIZ:1 ALDERA:1 DAGOEN:1 HASTEN:2 BETI:1 OSO:1 BERAZ:1 ETA:13 MINUTU:1 OSOA:1 GUNE:1 BATZUETAN:1 IGERILEKU:1 DITU:2 DAGO:1 MENDI:1 BAT:1 ZEIN:1 HANDIAGO:1 BATEN:1 HORREK:1 IZAN:1 AZKEN:1 BAINA:1 AKTIBO:1 AZPIAN:1 EURI:1 ELUR:1 LUR:1 HORI:1 BATEAN:1 BARRENA:1 DAUDEN:1 IRITSI:1 ARTE:2 BETE:1 AZKENEAN:1 BEROA:1 EGITEN:2 ORDU:1 ERDI:1 GURE:1 ASTEROKO:1 SARRERA:1 HONETATIK:1 BALIABIDE:1 BAITA:1 ERE:1 COPYRIGHT:1
https://zientzia.eus/argazki-galeriak/iguazuko-ur-jauziak/	ZIENTZIA:1 BIZITZA:5 BIOLOGIA:2 JOAN:5 KLIMA:2 LURRA:2 URA:3 ENERGIA:2 TEKNOLOGIA:4 INGENIARITZA:2 ZIENTZIAK:2 HEZKUNTZA:4 FISIKA:2 KIMIKA:2 MATEMATIKA:2 ASTRONOMIA:2 GAI:2 JARRAITU:2 ZURE:3 ETXEAN:1 JASO:2 NAHI:1 DUZU:1 GURI:1 BURUZ:1 NOR:3 GARA:2 POLITIKA:2 VOUS:1 CONTENT:1 YOU:1 WANT:1 CONTINUE:1 YES:1 ITZULPEN:1 FRANCAIS:1 ARGAZKI:2 ENTZUN:1 EDER:1 ETA:11 BAT:3 DIRA:2 MUGAN:1 DAUDE:2 DITUZTE:1 AZAROA:1 MARTXOA:1 BITARTEAN:1 IZATEN:1 HILABETE:1 BATEZ:1 BESTE:1 LITRO:1 DUTE:2 HAU:1 SEGUNDO:1 IGERILEKU:1 BAGENITU:1 BEZALA:1 BERRIZ:1 DUELA:1 EHUN:1 MILA:1 URTE:1 SORTU:2 ZIREN:1 BATEK:1 PUSKATU:1 ZUEN:1 HORREN:1 IZUGARRI:1 BIHURTU:1 ZEN:2 GAUR:2 EGUN:1 DAGO:1 EGUNGO:1 IZAN:1 ERE:2 URAK:1 BAINA:1 ATZERA:1 DOA:1 AURRERA:1 DATOZEN:1 BERAREN:2 ARABERA:2 GURE:1 ASTEROKO:1 SARRERA:1 HONETATIK:1 BALIABIDE:1 BAITA:1 COPYRIGHT:1
https://zientzia.eus/argazki-galeriak/kapadozia-harrizko-herria/	HERRIA:2 ZIENTZIA:1 BIZITZA:5 BIOLOGIA:2 JOAN:5 KLIMA:2 LURRA:2 URA:3 ENERGIA:2 TEKNOLOGIA:4 INGENIARITZA:2 ZIENTZIAK:2 HEZKUNTZA:4 FISIKA:2 KIMIKA:2 MATEMATIKA:2 ASTRONOMIA:2 GAI:2 JARRAITU:2 ZURE:3 ETXEAN:1 JASO:2 NAHI:1 DUZU:1 GURI:1 BURUZ:1 NOR:3 GARA:2 POLITIKA:2 VOUS:1 CONTENT:1 YOU:1 WANT:1 CONTINUE:1 YES:1 ITZULPEN:1 FRANCAIS:1 ARGAZKI:2 ENTZUN:1 BAT:3 DAGO:1 ETA:20 EMAN:1 DIOTE:1 HONI:1 ORAIN:1 URTE:1 ESTALI:1 ZUTEN:5 HORREK:1 DITU:3 ONDO:1 AIREAREN:1 AURRERA:1 EGIN:3 AHALA:1 IBAR:1 KONO:1 EZIN:1 EGITURA:1 SORGIN:1 DIRA:4 DAUDE:2 DUTE:1 BAINA:2 TXAPELA:1 HASTEN:1 ERE:3 HONETAKO:1 KOBA:1 MONASTERIO:1 KAPERA:1 ELIZA:2 ZITUZTEN:2 ARGI:1 ESKER:2 BEREN:2 BIZI:1 IZAN:3 ZIREN:2 BAINO:1 ZULATU:1 ESPAZIO:1 AHAL:1 HORI:1 HORRELA:1 IHESI:1 IRITSI:1 LEHENENGO:1 HIRI:1 ERAIKI:1 PERTSONA:1 OSO:1 LABIRINTO:1 HANDI:1 ZEUDEN:1 DUDE:1 GURE:1 ASTEROKO:1 SARRERA:1 HONETATIK:1 BALIABIDE:1 BAITA:1 COPYRIGHT:1
https://zientzia.eus/argazki-galeriak/halong-badia/	BADIA:6 ZIENTZIA:1 BIZITZA:5 BIOLOGIA:2 JOAN:6 KLIMA:2 LURRA:2 URA:3 ENERGIA:2 TEKNOLOGIA:4 INGENIARITZA:2 ZIENTZIAK:2 HEZKUNTZA:4 FISIKA:2 KIMIKA:2 MATEMATIKA:2 ASTRONOMIA:2 GAI:2 JARRAITU:2 ZURE:3 ETXEAN:1 JASO:2 NAHI:1 DUZU:1 GURI:1 BURUZ:1 NOR:3 GARA:2 POLITIKA:2 VOUS:1 CONTENT:1 YOU:1 WANT:1 CONTINUE:1 YES:1 ITZULPEN:1 FRANCAIS:1 ARGAZKI:2 ENTZUN:1 DAGO:1 IPAR:1 EDERTASUN:1 AGERTOKI:1 IPUIN:1 TOKI:1 ZEHAR:1 ETA:10 HAREN:1 DIRA:2 KONDAIRA:1 BATEK:1 HERENSUGE:1 SORTU:1 ZUTEN:3 ETORRI:1 ZIREN:5 INBASIO:1 BAINA:2 UHARTE:1 BIHURTU:1 IZAN:1 ZUEN:2 AURRERA:2 EGIN:2 OSO:1 ARABERA:1 ORAIN:1 URTE:1 HASI:2 ZEN:1 HAU:1 SAKONERA:1 ITSASO:2 BAT:1 HARTAN:1 BIZI:1 KALTZITA:2 ZUZEN:1 EGITURA:1 GERO:1 MUGIMENDU:1 AHALA:1 LUR:1 ZITUZTEN:1 GAUR:1 EGUNGO:1 ITXURA:1 HARTU:1 ARTE:1 DIRUDITE:1 DAUDE:2 GURE:1 ASTEROKO:1 SARRERA:1 HONETATIK:1 BALIABIDE:1 BAITA:1 ERE:1 COPYRIGHT:1
https://zientzia.eus/argazki-galeriak/antartika/	ZIENTZIA:1 BIZITZA:5 BIOLOGIA:2 JOAN:5 KLIMA:4 LURRA:2 URA:3 ENERGIA:2 TEKNOLOGIA:4 INGENIARITZA:2 ZIENTZIAK:2 HEZKUNTZA:4 FISIKA:2 KIMIKA:2 MATEMATIKA:2 ASTRONOMIA:2 GAI:2 JARRAITU:2 ZURE:3 ETXEAN:1 JASO:2 NAHI:1 DUZU:1 GURI:1 BURUZ:1 NOR:3 GARA:2 POLITIKA:2 VOUS:1 CONTENT:1 YOU:1 WANT:1 CONTINUE:1 YES:1 ITZULPEN:1 FRANCAIS:1 ARGAZKI:2 ENTZUN:1 IZOTZ:4 HANDI:1 BATEK:1 ETA:8 KONTINENTE:3 HAU:1 BAINO:3 PISUAREN:1 EGIN:1 ORAIN:1 DAGOEN:1 HORI:1 DAGO:2 HORREK:1 MAIZ:1 ZAIO:1 IZAN:2 ERE:5 HAREN:1 ALDATU:1 EGITEN:2 URTAROEN:1 ARABERA:1 UDAN:3 ADIBIDEZ:1 IZATEN:2 PENINTSULA:1 BERRIZ:2 BATEZ:1 BESTE:3 ZERO:1 HALA:1 BALDINTZA:1 GOGOR:1 OSO:1 URRIA:1 ALGA:1 GOROLDIO:1 LIKEN:1 BATZUK:3 PINGUINO:2 SOILIK:1 LORTU:1 MUTUR:1 HONETAN:1 URTE:1 OSOAN:1 ANIMALIA:1 ESPEZIE:1 BAKARRIK:2 DIRA:4 IZOTZA:1 ZIENTZIALARI:1 LUR:1 BIZI:1 HAN:1 PERTSONA:1 INGURU:1 SCIENCE:4 DAN:1 GURE:1 ASTEROKO:1 SARRERA:1 HONETATIK:1 BALIABIDE:1 BAITA:1 DAUDE:1 COPYRIGHT:1
https://zientzia.eus/argazki-galeriak/hawaiiko-sumendiak/	ZIENTZIA:1 BIZITZA:5 BIOLOGIA:2 JOAN:5 KLIMA:2 LURRA:2 URA:3 ENERGIA:2 TEKNOLOGIA:4 INGENIARITZA:2 ZIENTZIAK:2 HEZKUNTZA:4 FISIKA:2 KIMIKA:2 MATEMATIKA:2 ASTRONOMIA:2 GAI:2 JARRAITU:2 ZURE:3 ETXEAN:1 JASO:2 NAHI:1 DUZU:1 GURI:1 BURUZ:1 NOR:3 GARA:2 POLITIKA:2 VOUS:1 CONTENT:1 YOU:1 WANT:1 CONTINUE:1 YES:1 ITZULPEN:1 FRANCAIS:1 ARGAZKI:2 ENTZUN:1 DAKAR:1 NOIZBAIT:1 GOZATU:1 NAHIKO:1 OPOR:1 LEKU:1 ETA:9 ERE:6 EGITEN:2 BOR:4 OZEANO:2 HONETAN:1 ZEIN:1 JARDUERA:1 ERRAZ:1 IKUS:1 DAITEKE:1 HORI:1 BATEZ:1 UHARTE:1 BIG:2 ISLAND:1 HAN:3 DAGO:6 PARKE:1 SUMENDI:4 BERRIZ:3 IRATZARTU:1 DIO:1 UTZI:1 BATZUETAN:1 AZKAR:1 EDOZEIN:1 BETI:1 AKTIBO:1 AZKEN:1 HAZI:1 HORREK:1 TOPO:1 DITU:1 DUTE:1 GUNE:2 BERO:2 DERITZON:1 ITURRI:1 JAIO:1 ZIREN:1 GUZTIAK:1 HORREN:2 ARABERA:1 IPAR:1 ARI:2 BEROA:1 DOAZ:1 GAUR:1 EGUN:1 KORRONTE:1 BAT:2 BERRI:1 BAINA:1 JADA:1 IZENA:1 GURE:1 ASTEROKO:1 SARRERA:1 HONETATIK:1 DIRA:1 BALIABIDE:1 BAITA:1 DAUDE:1 COPYRIGHT:1
https://zientzia.eus/argazki-galeriak/uharte-ikusgarriak/	UHARTE:8 ZIENTZIA:1 BIZITZA:5 BIOLOGIA:2 JOAN:5 KLIMA:2 LURRA:2 URA:3 ENERGIA:2 TEKNOLOGIA:4 INGENIARITZA:2 ZIENTZIAK:2 HEZKUNTZA:4 FISIKA:2 KIMIKA:2 MATEMATIKA:2 ASTRONOMIA:2 GAI:2 JARRAITU:2 ZURE:3 ETXEAN:1 JASO:2 NAHI:1 DUZU:1 GURI:1 BURUZ:1 NOR:3 GARA:2 POLITIKA:2 VOUS:1 CONTENT:1 YOU:1 WANT:1 CONTINUE:1 YES:1 ITZULPEN:1 FRANCAIS:1 ARGAZKI:2 ENTZUN:1 MUNDU:1 HONETAKO:1 FORMA:1 DUTE:2 DIRA:5 IKUS:1 ETA:18 BAINA:1 HONETAN:1 BEGIRATU:1 DIEGU:1 ERE:4 IZAN:1 DAITEZKE:1 DAGO:5 TXIKI:1 HAU:1 BAINO:2 LAINO:1 NAHIKOA:1 BAT:4 MUGIMENDU:1 HORI:1 ALDEETAN:1 NASA:5 LONG:1 SEI:1 LUZE:1 BAKARRIK:1 IKUSTEN:1 PUNTU:1 BATZUETAN:1 ERDI:1 KORAL:1 KALTZIO:1 SORTU:2 DUELA:1 URTE:1 EGIN:1 GALDARA:2 UREZ:1 BETE:1 ZEN:2 HAREN:1 BIGARREN:1 KONO:1 GERO:1 BESTE:2 HAN:1 OSOKO:1 BAI:1 BAITA:2 BIZTANLE:1 BATEZ:1 METRO:1 DITU:1 SCIENCE:1 TEAM:1 GURE:1 ASTEROKO:1 SARRERA:1 HONETATIK:1 BALIABIDE:1 DAUDE:1 COPYRIGHT:1
https://zientzia.eus/argazki-galeriak/suitzako-mendiak-jungfrau-aletsch-bietchhorn/	MENDIAK:8 ZIENTZIA:2 BIZITZA:5 BIOLOGIA:2 JOAN:5 KLIMA:3 LURRA:2 URA:3 ENERGIA:2 TEKNOLOGIA:4 INGENIARITZA:3 ZIENTZIAK:2 HEZKUNTZA:4 FISIKA:3 KIMIKA:2 MATEMATIKA:2 ASTRONOMIA:2 GAI:2 JARRAITU:2 ZURE:3 ETXEAN:1 JASO:2 NAHI:1 DUZU:1 GURI:1 BURUZ:2 NOR:3 GARA:2 POLITIKA:2 VOUS:1 CONTENT:1 YOU:1 WANT:1 CONTINUE:1 YES:1 ITZULPEN:1 FRANCAIS:1 ARGAZKI:2 ENTZUN:1 ELUR:2 ETA:18 ZAPALDU:1 BAT:2 DAGO:4 HAREN:1 ABERASTASUN:1 ARRAZOI:1 ERAMAN:1 DUTE:2 GUNE:1 HAU:1 HAN:1 GLAZIAR:1 TONTOR:1 EGITEN:1 BERE:2 ZEHAR:1 METRO:1 IZOTZ:1 HONEN:1 ESKI:1 JARRI:1 DIRA:2 BAITA:2 ORAIN:1 HAMAR:1 URTE:2 ZUTEN:3 ERE:3 ERAIKIN:1 TXIKI:1 DITUZTE:1 ERAIKI:3 DITU:1 KOLORE:1 BERDE:1 TRENA:1 LAU:1 LUKE:1 HORI:1 ISLA:1 HASI:1 ZEN:2 LEHENENGO:2 ZITUZTEN:1 MENDIRA:1 ZIHOAZEN:1 AGERTU:1 ZIREN:1 HORREK:1 ZUEN:1 HORRELA:1 JAIO:1 HASTEN:1 TREN:1 GELTOKI:1 GURE:1 ASTEROKO:1 SARRERA:1 HONETATIK:1 BALIABIDE:1 DAUDE:1 COPYRIGHT:1
https://zientzia.eus/argazki-galeriak/ngorongoro/	ZIENTZIA:1 BIZITZA:5 BIOLOGIA:2 JOAN:5 KLIMA:2 LURRA:2 URA:3 ENERGIA:2 TEKNOLOGIA:4 INGENIARITZA:2 ZIENTZIAK:2 HEZKUNTZA:4 FISIKA:2 KIMIKA:2 MATEMATIKA:2 ASTRONOMIA:2 GAI:2 JARRAITU:2 ZURE:3 ETXEAN:1 JASO:2 NAHI:1 DUZU:1 GURI:1 BURUZ:1 NOR:3 GARA:2 POLITIKA:2 VOUS:1 CONTENT:1 YOU:1 WANT:1 CONTINUE:1 YES:1 ITZULPEN:1 FRANCAIS:1 ARGAZKI:2 ENTZUN:1 DAUDEN:1 DUTE:1 ETA:13 BIZI:4 BAT:1 LAU:1 DAGO:1 GUNE:2 BABESTU:2 HORREN:1 DIOTE:1 DUELA:1 URTE:1 ITZALI:1 ZEN:1 ORAIN:1 HAREN:1 OSO:1 KONTINENTE:1 OSOKO:1 GAZELAK:1 LEHOIAK:1 KRATER:1 OSOAN:1 UGAZTUN:1 HEGAZTI:1 INGURU:1 EGIN:1 ZIREN:2 AURKITU:2 ZITUZTEN:1 ESKER:1 MOTA:1 HOMO:1 TOKI:1 GAUR:1 EGUN:1 HONETAN:1 AHAL:1 DIRA:4 EUREN:1 GORRI:1 BETI:1 GURE:1 ASTEROKO:1 SARRERA:1 HONETATIK:1 BALIABIDE:1 BAITA:1 ERE:1 DAUDE:1 COPYRIGHT:1
https://zientzia.eus/argazki-galeriak/75000-lotura/	ZIENTZIA:1 BIZITZA:5 BIOLOGIA:2 JOAN:5 KLIMA:2 LURRA:2 URA:3 ENERGIA:2 TEKNOLOGIA:4 INGENIARITZA:2 ZIENTZIAK:2 HEZKUNTZA:4 FISIKA:2 KIMIKA:2 MATEMATIKA:2 ASTRONOMIA:2 GAI:2 JARRAITU:2 ZURE:3 ETXEAN:1 JASO:2 NAHI:2 DUZU:1 GURI:1 BURUZ:1 NOR:3 GARA:2 POLITIKA:2 VOUS:1 CONTENT:1 YOU:1 WANT:1 CONTINUE:1 YES:1 ITZULPEN:1 FRANCAIS:1 ARGAZKI:2 ENTZUN:1 ELKARRI:1 HAZKUNTZA:1 SCIENCE:2 LEHENENGO:1 IRABAZI:1 LAN:2 ETA:9 DATU:2 MULTZO:1 MODU:1 BILATU:1 DITU:1 HORREN:1 ALTU:1 HAU:1 HONETAN:1 ORDENAGAILU:1 BAT:2 IZAN:1 ZEN:1 BATEAN:2 HORI:1 LOTU:1 ZITUZTEN:1 HALA:1 IKUSI:1 BAINO:1 ZERBAIT:1 AUKERA:1 HONEK:1 ARTEAN:1 DAITEKE:1 DITZAKE:1 AND:1 UNIVERSITY:1 GURE:1 ASTEROKO:1 SARRERA:1 HONETATIK:1 DIRA:1 BALIABIDE:1 BAITA:1 ERE:1 DAUDE:1 COPYRIGHT:1
https://zientzia.eus/argazki-galeriak/yosemite-zuhaitz-erraldoien-lurraldea/	ZUHAITZ:2 ZIENTZIA:1 BIZITZA:5 BIOLOGIA:2 JOAN:5 KLIMA:2 LURRA:2 URA:3 ENERGIA:2 TEKNOLOGIA:4 INGENIARITZA:2 ZIENTZIAK:2 HEZKUNTZA:4 FISIKA:2 KIMIKA:2 MATEMATIKA:2 ASTRONOMIA:2 GAI:2 JARRAITU:2 ZURE:3 ETXEAN:1 JASO:2 NAHI:1 DUZU:1 GURI:1 BURUZ:1 NOR:3 GARA:2 POLITIKA:2 VOUS:1 CONTENT:1 YOU:1 WANT:1 CONTINUE:1 YES:1 ITZULPEN:1 FRANCAIS:1 ARGAZKI:2 ENTZUN:1 HAITZ:1 JAUZI:1 ETA:11 DAGO:1 NEVADA:1 KARRATU:1 INGURU:1 DITU:2 GARAI:1 BATEAN:1 BIZILEKU:1 IZAN:3 ZEN:1 HAU:1 PARKE:2 NAZIONAL:1 MENDIAK:1 DUELA:1 HAMAR:1 URTE:1 SORTU:1 ZIREN:1 BATEN:1 BAINA:1 MENDIETAKO:1 DIRA:4 AZKEN:1 SAKON:1 DITUZTE:1 ERE:2 ORAIN:1 HORMA:1 BERTIKAL:1 HAUEK:1 MUNDU:1 OSOKO:1 OSOAN:1 LANDARE:1 ESPEZIE:1 AURKI:1 DAITEZKE:2 HAIEN:1 ARTEAN:1 HAIEK:1 MENDI:1 BERE:1 EDERTASUN:1 OSOA:1 IPAR:1 URAK:1 GABE:1 MILA:1 DUDE:1 GURE:1 ASTEROKO:1 SARRERA:1 HONETATIK:1 BALIABIDE:1 BAITA:1 DAUDE:1 COPYRIGHT:1
https://zientzia.eus/argazki-galeriak/islandia-hotzean-bero/	BERO:4 ZIENTZIA:1 BIZITZA:5 BIOLOGIA:2 JOAN:5 KLIMA:2 LURRA:2 URA:3 ENERGIA:2 TEKNOLOGIA:4 INGENIARITZA:2 ZIENTZIAK:2 HEZKUNTZA:4 FISIKA:2 KIMIKA:2 MATEMATIKA:2 ASTRONOMIA:2 GAI:2 JARRAITU:2 ZURE:3 ETXEAN:1 JASO:2 NAHI:1 DUZU:1 GURI:1 BURUZ:1 NOR:3 GARA:2 POLITIKA:2 VOUS:1 CONTENT:1 YOU:1 WANT:1 CONTINUE:1 YES:1 ITZULPEN:1 FRANCAIS:1 ARGAZKI:3 ENTZUN:1 AZKEN:1 IKUSI:1 AHAL:1 IZAN:3 DIRA:6 UHARTE:3 HONETAKO:1 AIRE:1 ERAGIN:1 FAMATU:1 BIHURTU:1 ERRAUTS:3 HARTARA:1 BEGIRA:1 ERE:5 NAHIKOA:1 ETA:11 HOTZ:1 OZEANO:1 ZIRKULU:1 OSO:1 GERTU:1 DAGO:1 IZOTZA:1 HAN:1 ERREKA:1 IBAI:2 DAUDE:3 PUTZU:2 AINTZIRA:1 JAUZI:1 ASKO:1 DAUKA:1 OSOAN:1 ITURBURU:1 BAINO:1 BATZUK:1 ETXEEN:1 HORREN:1 ADIERAZLE:1 SUMENDI:1 BAT:1 HASI:2 ZEN:2 BATEN:1 ONDOREN:1 BERRIZ:1 PIZTU:1 LAINO:1 ZIREN:1 HAIEK:1 DIGUTE:1 HAU:1 GURE:1 ASTEROKO:1 SARRERA:1 HONETATIK:1 BALIABIDE:1 BAITA:1 COPYRIGHT:1
https://zientzia.eus/argazki-galeriak/plitvice-aintziren-parkea/	ZIENTZIA:1 BIZITZA:5 BIOLOGIA:2 JOAN:5 KLIMA:2 LURRA:2 URA:5 ENERGIA:2 TEKNOLOGIA:4 INGENIARITZA:2 ZIENTZIAK:2 HEZKUNTZA:4 FISIKA:2 KIMIKA:2 MATEMATIKA:2 ASTRONOMIA:2 GAI:2 JARRAITU:2 ZURE:3 ETXEAN:1 JASO:2 NAHI:1 DUZU:1 GURI:1 BURUZ:1 NOR:3 GARA:2 POLITIKA:2 VOUS:1 CONTENT:1 YOU:1 WANT:1 CONTINUE:1 YES:1 ITZULPEN:1 FRANCAIS:1 ARGAZKI:2 ENTZUN:1 URAK:3 BESTE:1 INON:1 ESMERALDA:1 PARKE:1 ETA:11 DIRA:5 EZIN:1 DAUDEN:1 AINTZIRA:1 GUZTIRA:1 JAUZI:2 PRESA:1 MOTA:2 BAT:1 LEUN:1 HORI:1 ESKER:1 AUKERA:1 DUTE:3 BIDE:1 BALIO:1 ERRAZ:1 BAITA:2 GERO:1 JENDE:1 UDAN:1 URTARORIK:1 HALA:1 ERE:3 BETI:1 AURKITZEN:1 MENDIETAN:1 ALDIA:1 BAINA:2 TOKI:1 HAU:1 INGURU:1 OSOA:1 EGITEN:1 BERAREN:3 ARABERA:3 GURE:1 ASTEROKO:1 SARRERA:1 HONETATIK:1 BALIABIDE:1 DAUDE:1 COPYRIGHT:1
https://zientzia.eus/argazki-galeriak/errotiferoa-eta-haren-etxea/	ETA:7 HAREN:2 ETXEA:2 ZIENTZIA:1 BIZITZA:5 BIOLOGIA:2 JOAN:5 KLIMA:2 LURRA:2 URA:3 ENERGIA:2 TEKNOLOGIA:4 INGENIARITZA:2 ZIENTZIAK:2 HEZKUNTZA:4 FISIKA:2 KIMIKA:2 MATEMATIKA:2 ASTRONOMIA:2 GAI:2 JARRAITU:2 ZURE:3 ETXEAN:1 JASO:2 NAHI:1 DUZU:1 GURI:1 BURUZ:1 NOR:3 GARA:2 POLITIKA:2 VOUS:1 CONTENT:1 YOU:1 WANT:1 CONTINUE:1 YES:1 ITZULPEN:1 FRANCAIS:1 ARGAZKI:3 ENTZUN:1 SAGU:1 BATEN:1 IKUSI:1 BAT:3 HAU:1 MODUKO:1 EGITURAK:1 ABIADURA:1 AHORA:1 DITU:1 ADREILU:2 BATEAN:1 BIZI:1 GORPUTZ:1 NOLA:1 ARI:1 IKUSTEN:1 THE:1 IRABAZI:1 DIGITAL:1 GURE:1 ASTEROKO:1 SARRERA:1 HONETATIK:1 DIRA:1 BALIABIDE:1 BAITA:1 ERE:1 DAUDE:1 COPYRIGHT:1
https://zientzia.eus/argazki-galeriak/marmoken-lakua/	ZIENTZIA:1 BIZITZA:5 BIOLOGIA:2 JOAN:5 KLIMA:2 LURRA:2 URA:3 ENERGIA:2 TEKNOLOGIA:4 INGENIARITZA:2 ZIENTZIAK:2 HEZKUNTZA:4 FISIKA:2 KIMIKA:2 MATEMATIKA:2 ASTRONOMIA:2 GAI:3 JARRAITU:2 ZURE:3 ETXEAN:1 JASO:2 NAHI:1 DUZU:1 GURI:1 BURUZ:1 NOR:3 GARA:2 POLITIKA:2 VOUS:1 CONTENT:1 YOU:1 WANT:1 CONTINUE:1 YES:1 ITZULPEN:1 FRANCAIS:1 ARGAZKI:2 ENTZUN:1 DAGO:3 BAT:4 LAKU:3 ZEN:2 ITSASO:1 DUELA:1 URTE:1 MAILA:1 IGO:1 BETE:1 ETA:13 ATZERA:1 EGIN:3 BOSGARREN:1 IZEN:1 BAINA:2 SAKONERA:1 HAMABOST:1 ABERATSA:1 GORA:2 BERRIZ:2 BIGARREN:1 BIZI:3 DIRA:8 ARRAIN:1 BATZUK:2 EGUNA:1 URREZKO:3 EGOTEN:1 AHALA:1 HASTEN:1 ORDU:1 IGERIAN:1 PASATU:1 ONDOREN:2 EGITEN:1 DAGOEN:1 IRITSI:1 GABE:1 EGUERDI:1 EGON:1 ERE:4 HAN:1 DUTE:3 GAUA:1 BIDAIA:2 DIOTE:1 HORREN:1 IZAN:2 BEHAR:1 HAIEN:1 DEZATEN:1 ALGA:1 BERAZ:1 ZAIE:1 ARTEAN:1 IGERI:1 AUKERA:1 ZELULA:1 IZANGO:1 DITU:1 ZAIN:1 LUX:1 OCEAN:1 UNIVERSITY:1 GURE:1 ASTEROKO:1 SARRERA:1 HONETATIK:1 BALIABIDE:1 BAITA:1 DAUDE:1 COPYRIGHT:1
https://zientzia.eus/argazki-galeriak/plesiosauro-bat-kumedun/	BAT:2 ZIENTZIA:1 BIZITZA:5 BIOLOGIA:2 JOAN:5 KLIMA:2 LURRA:2 URA:3 ENERGIA:2 TEKNOLOGIA:4 INGENIARITZA:2 ZIENTZIAK:2 HEZKUNTZA:4 FISIKA:2 KIMIKA:2 MATEMATIKA:2 ASTRONOMIA:2 GAI:2 JARRAITU:2 ZURE:3 ETXEAN:1 JASO:2 NAHI:1 DUZU:1 GURI:1 BURUZ:1 NOR:3 GARA:2 POLITIKA:2 VOUS:1 CONTENT:1 YOU:1 WANT:1 CONTINUE:1 YES:1 ITZULPEN:1 FRANCAIS:1 ARGAZKI:2 ENTZUN:1 URTE:1 MUSEO:1 EGON:1 ONDOREN:1 ESTATU:1 BATEK:1 FOSIL:1 HAU:1 AZTERTU:1 BATEN:1 ETA:8 ANIMALIA:1 HIL:1 HEZURDURA:1 ERE:3 ZEN:1 BESTE:1 ASKO:1 BERAZ:1 HALA:1 DITU:1 BAINA:1 LUZE:2 AMAREN:1 HAUEK:1 GAUR:1 EGUNGO:1 BALEEK:1 EGITEN:1 BEREN:1 LOS:1 GURE:1 ASTEROKO:1 SARRERA:1 HONETATIK:1 DIRA:1 BALIABIDE:1 BAITA:1 DAUDE:1 COPYRIGHT:1
https://zientzia.eus/argazki-galeriak/dosierrak/	ZIENTZIA:1 BIZITZA:5 BIOLOGIA:2 JOAN:5 KLIMA:2 LURRA:2 URA:3 ENERGIA:2 TEKNOLOGIA:4 INGENIARITZA:2 ZIENTZIAK:2 HEZKUNTZA:4 FISIKA:2 KIMIKA:2 MATEMATIKA:2 ASTRONOMIA:2 GAI:2 JARRAITU:2 ZURE:3 ETXEAN:1 JASO:2 NAHI:1 DUZU:1 GURI:1 BURUZ:1 NOR:3 GARA:2 POLITIKA:2 VOUS:1 CONTENT:1 YOU:1 WANT:1 CONTINUE:1 YES:1 ITZULPEN:1 FRANCAIS:1 ARGAZKI:2 ENTZUN:1 METAL:1 ETA:4 GURE:1 ASTEROKO:1 SARRERA:1 HONETATIK:1 DIRA:1 BALIABIDE:1 BAITA:1 ERE:1 DAUDE:1 COPYRIGHT:1
https://zientzia.eus/argazki-galeriak/europako-natura-ikusgarria/	ZIENTZIA:1 BIZITZA:5 BIOLOGIA:2 JOAN:5 KLIMA:2 LURRA:2 URA:3 ENERGIA:2 TEKNOLOGIA:4 INGENIARITZA:2 ZIENTZIAK:2 HEZKUNTZA:4 FISIKA:2 KIMIKA:2 MATEMATIKA:2 ASTRONOMIA:2 GAI:2 JARRAITU:2 ZURE:3 ETXEAN:1 JASO:2 NAHI:1 DUZU:1 GURI:1 BURUZ:1 NOR:3 GARA:2 POLITIKA:2 VOUS:1 CONTENT:1 YOU:1 WANT:1 CONTINUE:1 YES:1 ITZULPEN:1 FRANCAIS:1 ARGAZKI:3 ENTZUN:1 BARRENA:1 IBILI:1 DIRA:3 BAINO:1 ARGAZKILARI:1 IZAN:1 HARTZ:1 DORTOKAK:1 HALA:1 HAMAIKA:1 BILDU:1 DITUZTE:1 ETA:4 GURE:1 ASTEROKO:1 SARRERA:1 HONETATIK:1 BALIABIDE:1 BAITA:1 ERE:1 DAUDE:1 COPYRIGHT:1
https://zientzia.eus/argazki-galeriak/lurrak-irentsi/	IRENTSI:5 ZIENTZIA:1 BIZITZA:5 BIOLOGIA:2 JOAN:6 KLIMA:2 LURRA:2 URA:3 ENERGIA:2 TEKNOLOGIA:4 INGENIARITZA:2 ZIENTZIAK:2 HEZKUNTZA:4 FISIKA:2 KIMIKA:2 MATEMATIKA:2 ASTRONOMIA:2 GAI:2 JARRAITU:2 ZURE:3 ETXEAN:1 JASO:2 NAHI:1 DUZU:1 GURI:1 BURUZ:1 NOR:3 GARA:2 POLITIKA:2 VOUS:1 CONTENT:1 YOU:1 WANT:1 CONTINUE:1 YES:1 ITZULPEN:1 FRANCAIS:1 ARGAZKI:2 ENTZUN:1 EKAITZ:2 ZULO:3 HAU:2 IREKI:3 ZEN:3 GAUEAN:2 ETA:8 SAKONERA:2 PISUKO:2 ARROPA:2 BAT:5 ZUEN:2 ERAGIN:1 ZUZENA:1 IZAN:2 DUTE:2 BAINA:2 DAGO:1 ARGI:1 NOLA:1 SORTU:1 GAUZA:1 SEISMO:1 BATEN:1 ERE:4 METRO:1 ADITU:1 LITEKE:1 LUR:3 ZULATU:1 EGITEN:1 ERRAZ:1 GOBERNUA:1 GURE:1 ASTEROKO:1 SARRERA:1 HONETATIK:1 DIRA:1 BALIABIDE:1 BAITA:1 DAUDE:1 COPYRIGHT:1
https://zientzia.eus/argazki-galeriak/nola-mugitu-da-harri-hori/	NOLA:2 MUGITU:3 HARRI:9 HORI:2 ZIENTZIA:1 BIZITZA:5 BIOLOGIA:2 JOAN:5 KLIMA:2 LURRA:2 URA:3 ENERGIA:2 TEKNOLOGIA:4 INGENIARITZA:2 ZIENTZIAK:2 HEZKUNTZA:4 FISIKA:2 KIMIKA:2 MATEMATIKA:2 ASTRONOMIA:2 GAI:2 JARRAITU:2 ZURE:3 ETXEAN:1 JASO:2 NAHI:1 DUZU:1 GURI:1 BURUZ:1 NOR:3 GARA:2 POLITIKA:2 VOUS:1 CONTENT:1 YOU:1 WANT:1 CONTINUE:1 YES:1 ITZULPEN:1 FRANCAIS:1 ARGAZKI:2 ENTZUN:1 DITU:1 INOIZ:1 IKUSI:1 BAINA:2 DUTE:2 EGITEN:1 ETA:8 NEVADA:1 ARTEAN:1 DEATH:1 VALLEY:1 DAUDE:2 HAUEK:1 BATZUK:4 MODUKO:1 DIRA:5 BESTE:2 BERRIZ:1 EDO:1 HIRU:1 BAINO:1 ARABERA:1 ZUZEN:2 ALDATZEN:1 ERE:4 EZIN:1 AZAL:1 DAITEKE:1 IZAN:1 DAGO:1 GARAI:1 BATEAN:1 AINTZIRA:1 BATEN:1 BAT:1 ARGI:1 DIO:1 HAIZE:1 GURE:1 ASTEROKO:1 SARRERA:1 HONETATIK:1 BALIABIDE:1 BAITA:1 COPYRIGHT:1
https://zientzia.eus/argazki-galeriak/erraldoien-galtzada/	ZIENTZIA:1 BIZITZA:5 BIOLOGIA:2 JOAN:5 KLIMA:2 LURRA:2 URA:3 ENERGIA:2 TEKNOLOGIA:4 INGENIARITZA:2 ZIENTZIAK:2 HEZKUNTZA:4 FISIKA:2 KIMIKA:2 MATEMATIKA:2 ASTRONOMIA:2 GAI:2 JARRAITU:2 ZURE:3 ETXEAN:1 JASO:2 NAHI:1 DUZU:1 GURI:1 BURUZ:1 NOR:3 GARA:2 POLITIKA:2 VOUS:1 CONTENT:1 YOU:1 WANT:1 CONTINUE:1 YES:1 ITZULPEN:1 FRANCAIS:1 ARGAZKI:2 ENTZUN:1 DAGO:1 HAU:2 FINN:1 ERAIKI:1 ZUEN:3 BIZI:1 ZEN:2 EMAKUME:1 ETA:9 HAREN:2 IRITSI:1 AHAL:1 BAT:3 ERABAKI:1 OSO:1 DUTE:1 EGITURA:1 HAUEN:1 ORAIN:1 URTE:1 SORTU:1 ZIREN:1 JARDUERA:1 FORMA:1 BARRENA:1 SARTU:1 TOPO:1 EGIN:1 HORREK:1 ERAGIN:1 DIRA:2 BAINA:1 BOST:1 ZAZPI:1 ZORTZI:1 ERE:4 HALA:1 EZIN:1 AUKERA:1 HORI:1 AZTERTU:1 ZUTEN:1 AZALPEN:1 ARI:1 GURE:1 ASTEROKO:1 SARRERA:1 HONETATIK:1 BALIABIDE:1 BAITA:1 DAUDE:1 COPYRIGHT:1
https://zientzia.eus/argazki-galeriak/pamukkale-kotoizko-gaztelua/	ZIENTZIA:1 BIZITZA:5 BIOLOGIA:2 JOAN:5 KLIMA:2 LURRA:2 URA:3 ENERGIA:2 TEKNOLOGIA:4 INGENIARITZA:2 ZIENTZIAK:2 HEZKUNTZA:4 FISIKA:2 KIMIKA:2 MATEMATIKA:2 ASTRONOMIA:2 GAI:2 JARRAITU:2 ZURE:3 ETXEAN:1 JASO:2 NAHI:1 DUZU:1 GURI:1 BURUZ:1 NOR:3 GARA:2 POLITIKA:2 VOUS:1 CONTENT:1 YOU:1 WANT:1 CONTINUE:1 YES:1 ITZULPEN:1 FRANCAIS:1 ARGAZKI:2 ENTZUN:1 HEGO:1 MUINO:1 ZURI:4 BAT:2 DAGO:1 GAZTELU:1 HONEK:1 ETA:10 BITARTEAN:1 DAUDEN:1 DITUZTE:2 DAGOEN:1 KALTZIO:1 EGITEN:1 HORREN:1 DIO:1 KOLORE:1 HORI:1 PUNTU:1 BATZUETAN:1 JAUZI:1 EGITURAK:1 BAITA:2 UREZ:1 SAKONERA:1 ERE:2 ZITUZTEN:1 URAK:1 ERAIKI:2 ZUTEN:2 GAUR:1 EGUN:1 HIRI:1 HAREN:1 DAITEZKE:1 BUKAERA:1 ALDERA:1 BERRIZ:1 JARRI:1 ZIREN:3 ERREPIDE:1 EGIN:2 PUTZU:1 ASKO:1 BERE:1 HASI:1 ZEN:1 HARTU:1 BESTE:1 DUDE:1 GURE:1 ASTEROKO:1 SARRERA:1 HONETATIK:1 DIRA:1 BALIABIDE:1 DAUDE:1 COPYRIGHT:1
https://zientzia.eus/argazki-galeriak/sardinia-mendia-itsasoan/	MENDIA:3 ZIENTZIA:1 BIZITZA:5 BIOLOGIA:2 JOAN:5 KLIMA:2 LURRA:2 URA:3 ENERGIA:2 TEKNOLOGIA:4 INGENIARITZA:2 ZIENTZIAK:2 HEZKUNTZA:4 FISIKA:2 KIMIKA:2 MATEMATIKA:2 ASTRONOMIA:2 GAI:2 JARRAITU:2 ZURE:3 ETXEAN:1 JASO:2 NAHI:1 DUZU:1 GURI:1 BURUZ:2 NOR:3 GARA:2 POLITIKA:2 VOUS:1 CONTENT:1 YOU:1 WANT:1 CONTINUE:1 YES:1 ITZULPEN:1 FRANCAIS:1 ARGAZKI:2 ENTZUN:1 HORRELA:1 ZUEN:1 BIGARREN:1 ARI:1 ZEN:1 MENDIAREN:1 ETA:11 EZKONTZA:1 HORREN:1 IZAN:1 UHARTE:3 DAGO:2 DIRA:2 DAUDE:2 BAI:1 ERE:2 PARKE:2 NAZIONAL:1 LIBRE:1 ROSA:1 HONDARTZA:1 ARROSA:2 DATORKIO:1 IZENA:1 KORAL:1 KOLORE:1 LIFE:1 GURE:1 ASTEROKO:1 SARRERA:1 HONETATIK:1 BALIABIDE:1 BAITA:1 COPYRIGHT:1
https://zientzia.eus/argazki-galeriak/laminetako-sistema/	ZIENTZIA:1 BIZITZA:5 BIOLOGIA:2 JOAN:5 KLIMA:2 LURRA:2 URA:3 ENERGIA:2 TEKNOLOGIA:4 INGENIARITZA:2 ZIENTZIAK:2 HEZKUNTZA:4 FISIKA:2 KIMIKA:2 MATEMATIKA:2 ASTRONOMIA:2 GAI:2 JARRAITU:2 ZURE:3 ETXEAN:1 JASO:2 NAHI:1 DUZU:1 GURI:1 BURUZ:1 NOR:3 GARA:2 POLITIKA:2 VOUS:1 CONTENT:1 YOU:1 WANT:1 CONTINUE:1 YES:1 ITZULPEN:1 FRANCAIS:1 ARGAZKI:2 ENTZUN:1 DUTE:1 MULTZO:1 HORREK:1 SARRERA:2 DITU:1 KOBA:2 ETA:7 AZKEN:1 DATORREN:1 ERREKA:1 DAUDE:2 BERTIKAL:1 ZEHAR:1 IKUSTEN:1 DIRA:2 JAUZI:1 BAT:1 GURE:1 ASTEROKO:1 HONETATIK:1 BALIABIDE:1 BAITA:1 ERE:1 COPYRIGHT:1
https://zientzia.eus/argazki-galeriak/ilunabarra-isstik/	ZIENTZIA:1 BIZITZA:5 BIOLOGIA:2 JOAN:5 KLIMA:2 LURRA:2 URA:3 ENERGIA:2 TEKNOLOGIA:4 INGENIARITZA:2 ZIENTZIAK:2 HEZKUNTZA:4 FISIKA:2 KIMIKA:2 MATEMATIKA:2 ASTRONOMIA:2 GAI:2 JARRAITU:2 ZURE:3 ETXEAN:1 JASO:2 NAHI:1 DUZU:1 GURI:1 BURUZ:1 NOR:3 GARA:2 POLITIKA:2 VOUS:1 CONTENT:1 YOU:1 WANT:1 CONTINUE:1 YES:1 ITZULPEN:1 FRANCAIS:1 ARGAZKI:2 ENTZUN:1 EDERRAK:1 IKUSTEN:4 DIRA:5 NAZIOARTEKO:1 ESPAZIO:1 ARGAZKIA:1 DITUZTE:2 ETA:9 HAREN:1 LARANJA:1 ATMOSFERA:1 OSOAREN:1 DAGO:4 AIREA:1 LAINO:1 ILUN:1 DAITEKE:1 URDIN:1 GOI:1 DESAGERTU:1 ARTE:1 EGUNSENTI:1 ASTRONAUTEK:1 IZAN:1 ERE:2 ABIADURA:2 DABILTZA:1 ADI:1 EGON:1 BEHARRA:1 SEGUNDO:1 BATZUK:1 BAINO:1 NASA:1 GURE:1 ASTEROKO:1 SARRERA:1 HONETATIK:1 BALIABIDE:1 BAITA:1 DAUDE:1 COPYRIGHT:1
https://zientzia.eus/argazki-galeriak/yellowstone-ko-kolore-sinestezinak/	KOLORE:3 ZIENTZIA:1 BIZITZA:5 BIOLOGIA:2 JOAN:5 KLIMA:2 LURRA:2 URA:3 ENERGIA:2 TEKNOLOGIA:4 INGENIARITZA:2 ZIENTZIAK:2 HEZKUNTZA:4 FISIKA:2 KIMIKA:2 MATEMATIKA:2 ASTRONOMIA:2 GAI:2 JARRAITU:2 ZURE:3 ETXEAN:1 JASO:2 NAHI:1 DUZU:1 GURI:1 BURUZ:1 NOR:3 GARA:2 POLITIKA:2 VOUS:1 CONTENT:1 YOU:1 WANT:1 CONTINUE:1 YES:1 ITZULPEN:1 FRANCAIS:1 ARGAZKI:2 ENTZUN:1 ESTATU:1 IPAR:1 SUMENDI:1 ERRALDOI:1 BATEK:1 EGIN:1 ONDOREN:1 GALDARA:1 EDO:1 DUELA:2 URTE:2 IZAN:2 ZEN:2 HORI:2 ETA:11 LEHEN:1 PARKE:1 NAZIONAL:1 BIHURTU:1 DITU:2 HARTZ:2 OREINAK:1 ABAR:1 BIZI:2 DIRA:6 BAINA:1 GAUZARIK:1 BAT:1 ITURBURU:2 EZAGUTZEN:1 ERE:2 PUNTU:1 AKTIBO:1 AZKEN:1 INGURU:1 TXISTU:1 EGITURA:1 DITUZTE:2 IKUSTEN:1 GORRI:1 BERDE:1 PUTZU:1 BATZUETAN:1 URAK:1 URDIN:1 BATERA:1 MILA:2 DUDE:3 GURE:1 ASTEROKO:1 SARRERA:1 HONETATIK:1 BALIABIDE:1 BAITA:1 DAUDE:1 COPYRIGHT:1
https://zientzia.eus/argazki-galeriak/landare-zorria-gertutik/	LANDARE:4 ZIENTZIA:1 BIZITZA:5 BIOLOGIA:2 JOAN:5 KLIMA:2 LURRA:2 URA:3 ENERGIA:2 TEKNOLOGIA:4 INGENIARITZA:2 ZIENTZIAK:2 HEZKUNTZA:4 FISIKA:2 KIMIKA:2 MATEMATIKA:2 ASTRONOMIA:2 GAI:2 JARRAITU:2 ZURE:3 ETXEAN:1 JASO:3 NAHI:1 DUZU:1 GURI:1 BURUZ:1 NOR:3 GARA:2 POLITIKA:2 VOUS:1 CONTENT:1 YOU:1 WANT:1 CONTINUE:1 YES:1 ITZULPEN:1 FRANCAIS:1 ARGAZKI:3 ENTZUN:1 ETA:5 ONGI:1 EZAGUTZEN:1 DITUZTE:1 BAINA:1 NEKEZ:1 IZANGO:1 ZUTEN:1 INOIZ:1 MODU:1 HONETAN:1 AUKERA:1 EME:1 BAT:1 GABE:1 SORTU:1 DITU:1 IKUS:1 AZKAR:1 ESTRATEGIA:1 BIKAINA:1 HONEK:1 WORLD:1 GURE:1 ASTEROKO:1 SARRERA:1 HONETATIK:1 DIRA:1 BALIABIDE:1 BAITA:1 ERE:1 DAUDE:1 COPYRIGHT:1
https://zientzia.eus/argazki-galeriak/perito-moreno/	ZIENTZIA:1 BIZITZA:5 BIOLOGIA:2 JOAN:5 KLIMA:2 LURRA:2 URA:4 ENERGIA:2 TEKNOLOGIA:4 INGENIARITZA:2 ZIENTZIAK:2 HEZKUNTZA:4 FISIKA:2 KIMIKA:2 MATEMATIKA:2 ASTRONOMIA:2 GAI:2 JARRAITU:2 ZURE:3 ETXEAN:1 JASO:2 NAHI:1 DUZU:1 GURI:1 BURUZ:1 NOR:3 GARA:2 POLITIKA:2 VOUS:1 CONTENT:1 YOU:1 WANT:1 CONTINUE:1 YES:1 ITZULPEN:1 FRANCAIS:1 ARGAZKI:2 ENTZUN:1 GLAZIAR:1 HORI:1 IZEN:1 IZENA:1 IBAI:1 ATZERA:1 EGITEN:5 ARI:1 IZOTZ:1 IZOTZA:2 ETA:11 BATEZ:1 BESTE:1 GABE:2 ZEHAR:1 AURRERA:1 BANATU:1 DITU:2 HAREN:1 ADARRA:2 HORMA:1 ADARRAK:1 ALDEETAN:1 ALDEA:1 DAITEKE:1 DIRA:2 GERO:1 TUNEL:1 BAT:1 ERORI:1 HORREK:1 EGIN:1 MUNDU:1 EZAGUN:1 PERTSONA:1 AHO:1 AZKEN:1 NEGU:1 GERTATU:1 ZEN:1 EZIN:1 NOIZ:1 IZANGO:1 GURE:1 ASTEROKO:1 SARRERA:1 HONETATIK:1 BALIABIDE:1 BAITA:1 ERE:1 DAUDE:1 COPYRIGHT:1
https://zientzia.eus/argazki-galeriak/zumaiako-fosilaren-erreskatea/	ZIENTZIA:1 BIZITZA:5 BIOLOGIA:2 JOAN:5 KLIMA:2 LURRA:2 URA:3 ENERGIA:2 TEKNOLOGIA:4 INGENIARITZA:2 ZIENTZIAK:2 HEZKUNTZA:4 FISIKA:2 KIMIKA:2 MATEMATIKA:2 ASTRONOMIA:2 GAI:2 JARRAITU:2 ZURE:3 ETXEAN:1 JASO:2 NAHI:2 DUZU:1 GURI:1 BURUZ:1 NOR:3 GARA:2 POLITIKA:2 VOUS:1 CONTENT:1 YOU:1 WANT:1 CONTINUE:1 YES:1 ITZULPEN:1 FRANCAIS:1 ARGAZKI:2 ENTZUN:1 EZEZAGUN:1 BATEN:2 DUTE:1 IZAN:1 BAINO:1 PISUA:1 HALA:1 ZORTZI:1 PERTSONA:1 ZIREN:1 HURA:1 DUELA:1 URTE:1 BIZI:1 ZEN:1 EGITEN:1 ORAIN:1 ARTE:1 ERA:1 LUZE:1 DIRA:2 ETA:6 HAU:1 EGONGO:1 IKUSI:1 AZTERTU:1 GURE:1 ASTEROKO:1 SARRERA:1 HONETATIK:1 BALIABIDE:1 BAITA:1 ERE:1 DAUDE:1 COPYRIGHT:1
https://zientzia.eus/argazki-galeriak/el-hierro/	ZIENTZIA:1 BIZITZA:5 BIOLOGIA:2 JOAN:5 KLIMA:2 LURRA:2 URA:3 ENERGIA:2 TEKNOLOGIA:4 INGENIARITZA:2 ZIENTZIAK:2 HEZKUNTZA:4 FISIKA:2 KIMIKA:2 MATEMATIKA:2 ASTRONOMIA:2 GAI:2 JARRAITU:2 ZURE:3 ETXEAN:1 JASO:2 NAHI:1 DUZU:1 GURI:1 BURUZ:2 NOR:3 GARA:2 POLITIKA:2 VOUS:1 CONTENT:1 YOU:1 WANT:1 CONTINUE:1 YES:1 ITZULPEN:1 FRANCAIS:1 ARGAZKI:2 ENTZUN:1 AZKEN:1 ASKO:1 HITZ:1 EGIN:1 JARDUERA:1 ETA:13 SUMENDI:1 KRATER:1 DITU:1 BAINA:2 BAITA:2 BESTE:2 BAT:4 ERE:3 ARTEAN:2 ZERO:1 ZUEN:2 PUNTU:1 IZAN:1 ZEN:2 HARIK:1 ARTE:1 GAUR:1 EGUN:1 GAIN:1 UHARTE:2 OSOA:1 ESKER:1 DIRA:4 ELKARREN:1 EDO:1 ADIBIDE:1 URTE:1 DITUZTE:1 HAIZE:1 DUTE:1 HAIEN:1 FORMA:1 METRO:1 NAGUSI:1 MUSKER:1 HONETAN:1 SOILIK:1 BIZI:1 ARTZAIN:1 BATEK:1 AURKITU:1 ZITUEN:1 ALE:1 BATZUK:1 SORTU:1 ZUTEN:1 DAUDE:2 ALTXOR:1 DAITEKE:1 EDOZEIN:1 ESATE:1 ROSA:1 GURE:1 ASTEROKO:1 SARRERA:1 HONETATIK:1 BALIABIDE:1 COPYRIGHT:1
https://zientzia.eus/argazki-galeriak/sokotora-beste-mundu-bat/	BESTE:5 MUNDU:4 BAT:7 ZIENTZIA:1 BIZITZA:5 BIOLOGIA:2 JOAN:5 KLIMA:3 LURRA:2 URA:3 ENERGIA:2 TEKNOLOGIA:4 INGENIARITZA:2 ZIENTZIAK:2 HEZKUNTZA:4 FISIKA:2 KIMIKA:2 MATEMATIKA:2 ASTRONOMIA:2 GAI:2 JARRAITU:2 ZURE:3 ETXEAN:1 JASO:2 NAHI:1 DUZU:1 GURI:1 BURUZ:1 NOR:3 GARA:2 POLITIKA:2 VOUS:1 CONTENT:1 YOU:1 WANT:1 CONTINUE:1 YES:1 ITZULPEN:1 FRANCAIS:1 ARGAZKI:2 ENTZUN:1 INON:1 IKUSI:1 ZUHAITZ:1 ETA:11 LANDARE:2 IKUSIKO:1 DITU:3 BATEAN:1 DAGOELA:1 DAGOEN:1 GAUR:1 EGUN:1 LAU:1 DUTE:2 BAINA:1 UHARTE:2 IZENA:1 DION:1 ZUZEN:1 ERE:3 BEROA:1 GOGOR:1 OSO:1 BALDINTZA:1 ERAGIN:1 IZAN:2 HALA:1 DIRA:3 HAU:1 BIZI:1 HAREN:1 IZERDI:1 ABERATSA:1 ESPEZIE:1 BERRIZ:1 SOILIK:1 AURKI:1 DAITEZKE:1 ALTXOR:1 AND:1 JAN:2 BORIS:1 GURE:1 ASTEROKO:1 SARRERA:1 HONETATIK:1 BALIABIDE:1 BAITA:1 DAUDE:1 COPYRIGHT:1
https://zientzia.eus/argazki-galeriak/itsasoetako-bitxikeriak/	ZIENTZIA:1 BIZITZA:5 BIOLOGIA:2 JOAN:5 KLIMA:2 LURRA:2 URA:3 ENERGIA:2 TEKNOLOGIA:4 INGENIARITZA:2 ZIENTZIAK:2 HEZKUNTZA:4 FISIKA:2 KIMIKA:2 MATEMATIKA:2 ASTRONOMIA:2 GAI:2 JARRAITU:2 ZURE:3 ETXEAN:1 JASO:2 NAHI:1 DUZU:1 GURI:1 BURUZ:1 NOR:3 GARA:2 POLITIKA:2 VOUS:1 CONTENT:1 YOU:1 WANT:1 CONTINUE:1 YES:1 ITZULPEN:1 FRANCAIS:1 ARGAZKI:4 ENTZUN:1 ARRAIN:2 AHOAN:1 DITUZTE:2 DAITEZEN:1 ETA:6 BERRIZ:1 ANIMALIEN:1 BAT:3 HAMAIKA:1 BILDU:1 DITU:1 SEX:1 AND:1 SEA:1 FORMA:1 ZALDI:1 BESTE:1 HONEK:1 PARE:1 BAINO:1 IZUGARRI:1 IZAN:1 ERE:2 HONETAN:1 HARTU:1 GURE:1 ASTEROKO:1 SARRERA:1 HONETATIK:1 DIRA:1 BALIABIDE:1 BAITA:1 DAUDE:1 COPYRIGHT:1
https://zientzia.eus/argazki-galeriak/transbordadorea-eta-iss-soyuzetik/	ETA:8 ZIENTZIA:1 BIZITZA:5 BIOLOGIA:2 JOAN:5 KLIMA:2 LURRA:2 URA:3 ENERGIA:2 TEKNOLOGIA:4 INGENIARITZA:2 ZIENTZIAK:2 HEZKUNTZA:4 FISIKA:2 KIMIKA:2 MATEMATIKA:2 ASTRONOMIA:2 GAI:2 JARRAITU:2 ZURE:3 ETXEAN:1 JASO:2 NAHI:1 DUZU:1 GURI:1 BURUZ:1 NOR:3 GARA:2 POLITIKA:2 VOUS:1 CONTENT:1 YOU:1 WANT:1 CONTINUE:1 YES:1 ITZULPEN:1 FRANCAIS:1 ARGAZKI:3 ENTZUN:1 NAZIOARTEKO:1 ESPAZIO:1 DOZENA:1 BAT:1 BURUAN:1 ETORRIKO:1 HORI:1 IZANGO:1 AMAIERA:1 HAU:1 NASA:1 GURE:1 ASTEROKO:1 SARRERA:1 HONETATIK:1 DIRA:1 BALIABIDE:1 BAITA:1 ERE:1 DAUDE:1 COPYRIGHT:1
https://zientzia.eus/argazki-galeriak/armiarmak-uholdeetatik-ihesi/	ARMIARMAK:5 IHESI:4 ZIENTZIA:1 BIZITZA:5 BIOLOGIA:2 JOAN:5 KLIMA:2 LURRA:2 URA:3 ENERGIA:2 TEKNOLOGIA:4 INGENIARITZA:2 ZIENTZIAK:2 HEZKUNTZA:4 FISIKA:2 KIMIKA:2 MATEMATIKA:2 ASTRONOMIA:2 GAI:2 JARRAITU:2 ZURE:3 ETXEAN:1 JASO:2 NAHI:1 DUZU:1 GURI:1 BURUZ:1 NOR:3 GARA:2 POLITIKA:2 VOUS:1 CONTENT:1 YOU:1 WANT:1 CONTINUE:1 YES:1 ITZULPEN:1 FRANCAIS:1 ARGAZKI:2 ENTZUN:1 GORA:1 EGIN:1 ZIOTEN:1 IHES:1 ARMIARMEK:1 IAZ:1 OSOAREN:1 BOSTEN:1 BAT:1 ZEN:1 ETA:6 LEKU:1 BATZUETAN:1 DENBORA:1 IRAUN:1 ZUEN:1 URAK:1 SEI:1 ARGAZKIA:1 HAU:1 ARMIARMA:2 NAZIOARTEKO:1 ARABERA:1 DAUDEN:1 ZITEKEEN:1 BAINO:1 ELTXO:1 DAGO:1 MALARIA:1 ARRISKU:1 TRANPA:1 DIRUDI:1 GURE:1 ASTEROKO:1 SARRERA:1 HONETATIK:1 DIRA:1 BALIABIDE:1 BAITA:1 ERE:1 DAUDE:1 COPYRIGHT:1
https://zientzia.eus/argazki-galeriak/hiesaren-birusa-molekulaz-molekula/	MOLEKULA:3 ZIENTZIA:1 BIZITZA:5 BIOLOGIA:2 JOAN:5 KLIMA:2 LURRA:2 URA:3 ENERGIA:2 TEKNOLOGIA:4 INGENIARITZA:2 ZIENTZIAK:2 HEZKUNTZA:4 FISIKA:2 KIMIKA:2 MATEMATIKA:2 ASTRONOMIA:2 GAI:2 JARRAITU:2 ZURE:3 ETXEAN:1 JASO:2 NAHI:1 DUZU:1 GURI:1 BURUZ:1 NOR:3 GARA:2 POLITIKA:2 VOUS:1 CONTENT:1 YOU:1 WANT:1 CONTINUE:1 YES:1 ITZULPEN:1 FRANCAIS:1 ARGAZKI:2 ENTZUN:1 INOIZ:1 XEHETASUNEZ:1 SCIENCE:3 ENPRESA:1 EHUN:1 BAINO:1 DUTE:2 HIRU:1 HAU:1 HAMAZAZPI:1 DITUZTE:1 HAIEN:1 EGITURAREKIN:1 ETA:7 PROPORTZIO:1 HORI:1 GUZTIA:1 KODE:1 BAT:1 BERAREN:1 LAN:1 IRABAZI:1 LEHENENGO:1 GURE:1 ASTEROKO:1 SARRERA:1 HONETATIK:1 DIRA:1 BALIABIDE:1 BAITA:1 ERE:1 DAUDE:1 COPYRIGHT:1
https://zientzia.eus/argazki-galeriak/inurrien-miran/	ZIENTZIA:1 BIZITZA:5 BIOLOGIA:2 JOAN:5 KLIMA:2 LURRA:2 URA:3 ENERGIA:2 TEKNOLOGIA:4 INGENIARITZA:2 ZIENTZIAK:2 HEZKUNTZA:4 FISIKA:2 KIMIKA:2 MATEMATIKA:2 ASTRONOMIA:2 GAI:2 JARRAITU:3 ZURE:3 ETXEAN:1 JASO:3 NAHI:1 DUZU:1 GURI:1 BURUZ:1 NOR:3 GARA:2 POLITIKA:2 VOUS:1 CONTENT:1 YOU:1 WANT:1 CONTINUE:1 YES:1 ITZULPEN:1 FRANCAIS:1 ARGAZKI:3 ENTZUN:1 ETA:11 HONEN:1 BERAK:1 ZITUZTEN:2 ZEN:3 BATZUETAN:1 INURRI:2 ARGAZKILARI:2 OIHAN:1 TROPIKAL:1 BATEAN:3 ATERA:1 ZUEN:1 ARGAZKIA:2 ONDOREN:1 GAU:1 ILARA:2 BATI:1 ZION:1 BARRENA:1 ZIHOAN:1 ADAR:1 BAKOITZA:1 ZUHAITZ:1 EDO:1 ZUHAIXKA:1 JARDUERA:1 MOZTU:1 ALDE:1 JARRI:1 BESTE:1 ALDEAN:1 ETZAN:1 ORAIN:1 IZAN:1 REN:1 BATEK:1 BAT:1 THE:1 YEAR:1 MATE:1 GURE:1 ASTEROKO:1 SARRERA:1 HONETATIK:1 DIRA:1 BALIABIDE:1 BAITA:1 ERE:1 DAUDE:1 COPYRIGHT:1
https://zientzia.eus/argazki-galeriak/fotocam-2010-eta-mate-ren-inurriak/	ETA:11 MATE:3 REN:2 ZIENTZIA:1 BIZITZA:5 BIOLOGIA:2 JOAN:5 KLIMA:2 LURRA:2 URA:3 ENERGIA:2 TEKNOLOGIA:4 INGENIARITZA:2 ZIENTZIAK:2 HEZKUNTZA:4 FISIKA:2 KIMIKA:2 MATEMATIKA:2 ASTRONOMIA:2 GAI:2 JARRAITU:2 ZURE:3 ETXEAN:1 JASO:3 NAHI:1 DUZU:1 GURI:1 BURUZ:1 NOR:3 GARA:2 POLITIKA:2 VOUS:1 CONTENT:1 YOU:1 WANT:1 CONTINUE:1 YES:1 ITZULPEN:1 FRANCAIS:1 ARGAZKI:3 ENTZUN:1 ARGAZKILARI:2 EMAN:1 ZITUEN:1 OIHAN:1 TROPIKAL:1 BATEAN:1 BAINA:1 BAT:1 BASORA:1 SARTU:1 IZAN:3 GABE:1 LORTU:1 ZUEN:3 ETXEKO:1 AURKITU:1 HOSTO:1 ARI:2 ZEN:1 INURRI:1 KARABANA:1 PUTZU:1 BATEN:1 SARI:1 EZAGUTU:1 GENUEN:1 BESTE:2 THE:2 YEAR:1 IRABAZI:3 ORAIN:1 VERA:4 GRAND:2 DIRA:2 PARKE:2 BERRIZ:1 GURE:1 ASTEROKO:1 SARRERA:1 HONETATIK:1 BALIABIDE:1 BAITA:1 ERE:1 DAUDE:1 COPYRIGHT:1
https://zientzia.eus/argazki-galeriak/kumulonimboa/	ZIENTZIA:1 BIZITZA:5 BIOLOGIA:2 JOAN:5 KLIMA:2 LURRA:2 URA:3 ENERGIA:2 TEKNOLOGIA:4 INGENIARITZA:2 ZIENTZIAK:2 HEZKUNTZA:4 FISIKA:2 KIMIKA:2 MATEMATIKA:2 ASTRONOMIA:2 GAI:2 JARRAITU:2 ZURE:3 ETXEAN:1 JASO:2 NAHI:1 DUZU:1 GURI:1 BURUZ:1 NOR:3 GARA:2 POLITIKA:2 VOUS:1 CONTENT:1 YOU:1 WANT:1 CONTINUE:1 YES:1 ITZULPEN:1 FRANCAIS:1 ARGAZKI:2 ENTZUN:1 OSO:1 DAGO:1 HAU:1 DIRA:2 ETA:6 BERTIKAL:1 IZATEN:1 DUTE:1 BATEN:1 GISA:1 AZPIAN:1 EKAITZA:1 SEGURU:1 NASA:1 GURE:1 ASTEROKO:1 SARRERA:1 HONETATIK:1 BALIABIDE:1 BAITA:1 ERE:1 DAUDE:1 COPYRIGHT:1
https://zientzia.eus/argazki-galeriak/ozeanotetako-biztanle-ezezagunak/	BIZTANLE:2 ZIENTZIA:1 BIZITZA:5 BIOLOGIA:2 JOAN:5 KLIMA:2 LURRA:2 URA:3 ENERGIA:2 TEKNOLOGIA:4 INGENIARITZA:2 ZIENTZIAK:2 HEZKUNTZA:4 FISIKA:2 KIMIKA:2 MATEMATIKA:2 ASTRONOMIA:2 GAI:3 JARRAITU:2 ZURE:3 ETXEAN:1 JASO:3 NAHI:1 DUZU:1 GURI:1 BURUZ:2 NOR:3 GARA:2 POLITIKA:2 VOUS:1 CONTENT:1 YOU:1 WANT:1 CONTINUE:1 YES:1 ITZULPEN:1 FRANCAIS:1 ARGAZKI:2 ENTZUN:1 HASI:1 ZEN:2 ETA:19 BUKATU:1 HAMAR:2 DIRA:4 MUNDU:2 OSOKO:1 ZIENTZIALARI:1 BAT:8 ARGAZKIA:1 BARRENA:1 IZAN:2 ERE:7 ESPEZIE:2 BERRI:2 DITUZTE:3 BESTE:3 GORA:1 DUTE:6 BANAKETA:1 DATU:2 SARTU:1 URTE:1 HAUETAN:1 ZIENTIFIKO:1 IKUSI:1 HONDAR:1 GRAMO:1 MOTA:1 DAUDELA:1 LITRO:1 BATEAN:1 EZAGUTZEN:3 ORAIN:2 LEHEN:1 BAINO:1 DUGU:1 EZEZAGUN:1 HORI:2 BAINA:3 FALTA:1 EMAN:3 DAGO:1 BAKAR:1 HEGO:2 DIOTE:2 AINGERU:1 IZENA:1 BATEN:1 ESPEZIEA:1 JAKIN:1 BIZI:3 BEZALA:2 HAU:5 AURKITU:10 ZUTEN:7 BURUAN:1 ANIMALIA:2 HONEK:2 LEHENAGO:1 DITU:4 JAN:1 LANDARE:1 BERE:1 STATE:1 UNIVERSITY:1 EDO:1 OXIGENO:1 KIM:1 IZEN:3 JARRI:1 OSO:1 KARRAMARRO:2 TXIMINIA:1 INGURU:1 FAMILIA:1 SORTU:1 BEHAR:1 OLAGARRO:1 ZUZEN:1 EGITEN:1 IGERIAN:1 ARROSA:1 IGERILARI:1 PEPINO:1 BILDU:1 ROBOT:1 IKERTZAILE:2 ISLAND:1 ZIZARE:2 KONTURATU:1 ZIREN:1 ZERBAIT:1 DEITU:1 ZIOTEN:1 BERRIKI:1 GURE:1 ASTEROKO:1 SARRERA:1 HONETATIK:1 BALIABIDE:1 BAITA:1 DAUDE:1 COPYRIGHT:1
https://zientzia.eus/argazki-galeriak/dallol-sumendia-koloreen-oasia/	ZIENTZIA:1 BIZITZA:5 BIOLOGIA:2 JOAN:5 KLIMA:2 LURRA:2 URA:4 ENERGIA:2 TEKNOLOGIA:4 INGENIARITZA:2 ZIENTZIAK:2 HEZKUNTZA:4 FISIKA:2 KIMIKA:2 MATEMATIKA:2 ASTRONOMIA:2 GAI:2 JARRAITU:2 ZURE:3 ETXEAN:1 JASO:2 NAHI:1 DUZU:1 GURI:1 BURUZ:1 NOR:3 GARA:2 POLITIKA:2 VOUS:1 CONTENT:1 YOU:1 WANT:1 CONTINUE:1 YES:1 ITZULPEN:1 FRANCAIS:1 ARGAZKI:2 ENTZUN:1 IPAR:1 HAU:1 DAGO:3 ALTITUDE:1 ALDE:1 BATERA:1 GATZ:3 BAT:3 METRO:1 BAINA:1 MAILA:1 BAINO:1 ETA:9 ERE:2 DIRA:4 BATEN:1 IZAN:1 ZEN:2 AZKEN:1 SORTU:1 GAUR:1 EGUN:1 JARDUERA:1 ITURBURU:2 URAK:1 EGITEN:1 DUTE:1 GURE:1 ASTEROKO:1 SARRERA:1 HONETATIK:1 BALIABIDE:1 BAITA:1 DAUDE:1 COPYRIGHT:1
https://zientzia.eus/argazki-galeriak/mundu-ikusgarriak-esotik/	MUNDU:4 ZIENTZIA:1 BIZITZA:5 BIOLOGIA:2 JOAN:5 KLIMA:2 LURRA:2 URA:3 ENERGIA:2 TEKNOLOGIA:4 INGENIARITZA:2 ZIENTZIAK:2 HEZKUNTZA:4 FISIKA:2 KIMIKA:2 MATEMATIKA:2 ASTRONOMIA:2 GAI:2 JARRAITU:2 ZURE:3 ETXEAN:1 JASO:2 NAHI:1 DUZU:1 GURI:1 BURUZ:1 NOR:3 GARA:2 POLITIKA:2 VOUS:1 CONTENT:1 YOU:1 WANT:1 CONTINUE:1 YES:1 ITZULPEN:1 FRANCAIS:1 ARGAZKI:2 ENTZUN:1 HONETATIK:2 BEGIRA:2 BESTE:2 BATZUK:3 IKUS:3 DAITEZKE:1 DIRA:5 DAUDE:4 TELESKOPIO:1 ETA:21 LARGE:1 EDO:1 ARI:6 ALMA:1 HAMAIKA:1 IRUDI:1 EMAN:1 DITU:2 AZKEN:1 BATEAN:1 BILDU:1 DITUZTE:1 HEMEN:1 IKUSTEN:1 LEHEN:1 BERA:1 ESNE:4 AZPIAN:1 GURE:2 GALAXIA:5 HODEI:2 HAREN:2 ZULO:2 NASA:1 RAY:1 ARGI:2 IZAR:6 BERRIZ:1 URDIN:2 GUNE:1 BAT:5 DAITEKE:3 LETRA:1 GAS:1 HONEN:1 MULTZO:1 HELIZE:2 NEBULOSA:4 DAGOEN:1 ERRADIAZIO:1 DAUDEN:1 OXIGENO:1 NAGUSI:1 ILARGIA:1 EGUNA:1 MENDIAN:1 GAU:1 OSOA:1 ONDOREN:1 PUNTU:2 ARTIFIZIAL:1 HORI:2 ERREFERENTZIA:1 GISA:1 ZARATA:1 ZUZENDU:1 EGIN:1 HONETAN:1 HAN:1 BELTZ:1 HANDI:1 HAU:1 KONO:1 ALDERANTZIZ:1 ASTEROKO:1 SARRERA:1 BALIABIDE:1 BAITA:1 ERE:1 COPYRIGHT:1
https://zientzia.eus/argazki-galeriak/teide/	ZIENTZIA:1 BIZITZA:5 BIOLOGIA:2 JOAN:5 KLIMA:2 LURRA:2 URA:3 ENERGIA:2 TEKNOLOGIA:4 INGENIARITZA:2 ZIENTZIAK:2 HEZKUNTZA:4 FISIKA:2 KIMIKA:2 MATEMATIKA:2 ASTRONOMIA:2 GAI:2 JARRAITU:2 ZURE:3 ETXEAN:1 JASO:2 NAHI:1 DUZU:1 GURI:1 BURUZ:1 NOR:3 GARA:2 POLITIKA:2 VOUS:1 CONTENT:1 YOU:1 WANT:1 CONTINUE:1 YES:1 ITZULPEN:1 FRANCAIS:1 ARGAZKI:2 ENTZUN:1 ITSASO:1 BERRIZ:1 GORA:2 DITU:2 HALA:1 HIRUGARREN:1 SUMENDI:1 LOA:1 ETA:10 ABORIGEN:1 ZIOTEN:1 ETXEA:1 ZEN:1 PARKE:1 GAUR:1 EGUN:1 BAT:1 HAMAIKA:1 BERE:2 BAITAN:1 ERRAUTS:1 BELTZ:2 EDO:1 GORRI:1 ARTEAN:2 ZUHAIXKA:1 MENDI:1 GUNE:1 HARRI:1 ZORROTZ:1 HELDU:1 BATEN:1 PROZESU:1 BIKAINA:1 ABERATSA:1 DIRA:2 DAUDE:2 BIZI:1 TURISMO:3 GURE:1 ASTEROKO:1 SARRERA:1 HONETATIK:1 BALIABIDE:1 BAITA:1 ERE:1 COPYRIGHT:1
https://zientzia.eus/argazki-galeriak/kornati-artxipelagoa/	ZIENTZIA:1 BIZITZA:5 BIOLOGIA:2 JOAN:5 KLIMA:2 LURRA:2 URA:3 ENERGIA:2 TEKNOLOGIA:4 INGENIARITZA:2 ZIENTZIAK:2 HEZKUNTZA:4 FISIKA:2 KIMIKA:2 MATEMATIKA:2 ASTRONOMIA:2 GAI:2 JARRAITU:2 ZURE:3 ETXEAN:1 JASO:2 NAHI:1 DUZU:1 GURI:1 BURUZ:1 NOR:3 GARA:2 POLITIKA:2 VOUS:1 CONTENT:1 YOU:1 WANT:1 CONTINUE:1 YES:1 ITZULPEN:1 FRANCAIS:1 ARGAZKI:2 ENTZUN:1 INON:1 BATA:1 BADAUDE:1 DAUDE:4 UHARTE:4 INGURU:3 ITSASO:1 ETA:8 ARABERA:1 BAINO:1 DIRA:3 METRO:1 KARRATU:2 DITU:2 BERRIZ:1 BERAK:1 EMAN:1 DIO:1 IZENA:1 TOKI:1 BAI:1 BAINA:1 BATEZ:1 ERE:3 NAGUSI:1 GUZTIA:1 DAGO:1 ITURRI:1 ERREKA:1 EDO:1 HALA:1 LANDARE:1 ESPEZIE:1 DAUDELA:1 DAUDEN:1 LABAR:1 AURKA:1 TALKA:1 EGIN:1 ONDORIO:1 NAHIKOA:1 INDAR:1 IZAN:1 ZUTEN:1 GAUR:1 EGUN:1 INOR:1 BIZI:1 HIRU:1 PARKE:1 GURE:1 ASTEROKO:1 SARRERA:1 HONETATIK:1 BALIABIDE:1 BAITA:1 COPYRIGHT:1
https://zientzia.eus/argazki-galeriak/ta-prohm-zuhaitzen-tenplua/	ZIENTZIA:1 BIZITZA:5 BIOLOGIA:2 JOAN:5 KLIMA:2 LURRA:2 URA:3 ENERGIA:2 TEKNOLOGIA:4 INGENIARITZA:2 ZIENTZIAK:2 HEZKUNTZA:4 FISIKA:2 KIMIKA:2 MATEMATIKA:2 ASTRONOMIA:2 GAI:2 JARRAITU:2 ZURE:3 ETXEAN:1 JASO:2 NAHI:1 DUZU:1 GURI:1 BURUZ:1 NOR:3 GARA:2 POLITIKA:2 VOUS:1 CONTENT:1 YOU:1 WANT:1 CONTINUE:1 YES:1 ITZULPEN:1 FRANCAIS:1 ARGAZKI:2 ENTZUN:1 INOIZ:1 GORA:1 BIZI:1 IZAN:3 ERE:3 AZKEN:1 DIRA:2 JAUN:1 ETA:11 DAGO:1 HAU:1 ERAIKI:1 ZEN:2 AMARI:1 ESKAINI:1 ZION:1 HURA:1 ZUTEN:3 IRUDI:1 JAINKOSA:1 ABANDONATU:1 BAITA:2 OSOA:1 BERE:2 EGIN:1 ZUEN:1 IRENTSI:1 ZITUEN:1 ZIREN:1 IRITSI:1 AURKITU:2 ZITUZTEN:2 ERABAKI:1 BALIO:1 HAIEK:1 NOLA:1 GISA:1 GAUR:1 EGUN:1 AMU:1 BAT:1 GURE:1 ASTEROKO:1 SARRERA:1 HONETATIK:1 BALIABIDE:1 DAUDE:1 COPYRIGHT:1
https://zientzia.eus/argazki-galeriak/munduko-10-baso-mehatxatuenak/	BASO:10 ZIENTZIA:1 BIZITZA:5 BIOLOGIA:2 JOAN:5 KLIMA:2 LURRA:2 URA:3 ENERGIA:2 TEKNOLOGIA:4 INGENIARITZA:2 ZIENTZIAK:2 HEZKUNTZA:4 FISIKA:2 KIMIKA:2 MATEMATIKA:2 ASTRONOMIA:2 GAI:2 JARRAITU:2 ZURE:3 ETXEAN:1 JASO:2 NAHI:1 DUZU:1 GURI:1 BURUZ:1 NOR:3 GARA:2 POLITIKA:2 VOUS:1 CONTENT:1 YOU:1 WANT:1 CONTINUE:1 YES:1 ITZULPEN:1 FRANCAIS:1 ARGAZKI:2 ENTZUN:1 NAZIOARTEKO:1 IZENDATU:1 HONETAN:2 ZERRENDA:1 EDO:3 GALDU:1 DUTE:2 ETA:24 LANDARE:4 ESPEZIE:6 DITUZTE:3 ARABERA:3 BAT:4 PERTSONA:1 INGURU:2 BIZI:6 HAUETAN:3 HAIEN:1 ZUZENEAN:1 HEGO:2 MENDIAK:2 MENDI:1 IKUR:1 BAITA:2 HAREN:1 LEHENGUSU:1 ERE:4 IBAI:3 IZUGARRI:1 ABERATSA:1 DAGO:3 THREE:1 NAGUSI:2 BERRIA:1 BOST:1 FAMILIA:1 DAUDE:6 HAN:2 DIRA:12 EZAGUTZEN:1 GAUR:1 EGUN:1 BAINO:3 BERAREN:2 DAUDEN:2 DOZENA:1 PARE:1 AZKEN:1 BEHINOLA:1 IZAN:1 ZIREN:1 DAGOENEKO:1 LUR:2 NEKAZARITZA:2 KENDU:1 DIZKIO:1 ADIBIDE:1 HAUEK:1 MAILA:1 GERTU:1 EGON:1 IRLA:1 EHIZA:1 EGURRAREN:1 ARI:1 HASI:1 BITARTEAN:1 MENDIEK:1 BATZUK:2 LAKU:1 HANDI:1 BESTE:3 ARRAIN:1 AMU:1 BIHURTU:2 HAUETAKO:1 HIRU:1 OSO:1 SUNTSITU:1 ARROZ:1 EGIN:1 HEGAZTI:1 HALA:1 NOLA:1 BIGARREN:1 ARRANO:1 UHARTE:1 SOILIK:1 ANIMALIEN:1 MEHATXU:1 GURE:1 ASTEROKO:1 SARRERA:1 HONETATIK:1 BALIABIDE:1 COPYRIGHT:1
https://zientzia.eus/argazki-galeriak/sumendiak-soja-hostoetan/	SOJA:4 ZIENTZIA:1 BIZITZA:5 BIOLOGIA:2 JOAN:5 KLIMA:3 LURRA:2 URA:3 ENERGIA:2 TEKNOLOGIA:4 INGENIARITZA:2 ZIENTZIAK:2 HEZKUNTZA:4 FISIKA:2 KIMIKA:2 MATEMATIKA:2 ASTRONOMIA:2 GAI:2 JARRAITU:2 ZURE:3 ETXEAN:1 JASO:2 NAHI:1 DUZU:1 GURI:1 BURUZ:1 NOR:3 GARA:2 POLITIKA:2 VOUS:1 CONTENT:1 YOU:1 WANT:1 CONTINUE:1 YES:1 ITZULPEN:1 FRANCAIS:1 ARGAZKI:2 ENTZUN:1 INOIZ:1 IKUSIKO:1 ZENITUEN:1 LANDARE:3 ARRE:1 EDO:1 BATZUK:1 ESPORA:2 HASTEN:2 GUZTIA:1 ETA:10 ONDDO:1 BERRI:1 BATEN:2 ZULATU:1 EHUN:1 IZANGO:3 LEHENENGO:1 LANA:1 GERO:2 HAN:1 HAREN:2 HAMAR:1 BAT:1 BURUAN:1 SUMENDI:1 GISAN:1 BERA:1 DAUDEN:1 LASTER:1 EGONGO:1 DIRA:3 EDOZEIN:1 IZAN:2 ZITEKEEN:1 BAINA:3 HONETAN:1 KALTE:1 DITU:1 BATEZ:1 ERE:3 PASATU:1 HEGO:1 OSOAN:1 ZABALDU:1 ZEN:2 ESTATU:1 IRITSI:1 OMEN:2 ZUEN:1 AURKI:1 GURE:1 ASTEROKO:1 SARRERA:1 HONETATIK:1 BALIABIDE:1 BAITA:1 DAUDE:1 COPYRIGHT:1
https://zientzia.eus/argazki-galeriak/urpekoak-azalera/	ZIENTZIA:1 BIZITZA:5 BIOLOGIA:2 JOAN:5 KLIMA:2 LURRA:2 URA:3 ENERGIA:2 TEKNOLOGIA:4 INGENIARITZA:2 ZIENTZIAK:2 HEZKUNTZA:4 FISIKA:2 KIMIKA:2 MATEMATIKA:2 ASTRONOMIA:2 GAI:2 JARRAITU:2 ZURE:3 ETXEAN:1 JASO:2 NAHI:1 DUZU:1 GURI:1 BURUZ:1 NOR:3 GARA:2 POLITIKA:2 VOUS:1 CONTENT:1 YOU:1 WANT:1 CONTINUE:1 YES:1 ITZULPEN:1 FRANCAIS:1 ARGAZKI:4 ENTZUN:1 AMA:2 BAT:1 ARI:3 ZAIO:1 ARNASA:1 HAR:1 DEZAN:1 BATZUK:2 ZITUEN:2 GORA:1 EGIN:2 AHALA:1 AGIAN:2 EDO:1 GABE:1 DIO:1 HONEK:1 BATEK:1 BERE:1 BAITA:2 GURE:2 ZEIN:1 ERE:3 ARGAZKILARIA:1 HAREN:1 ETA:12 HORRI:1 ESKER:1 ANGELU:1 AURKITU:1 ANIMALIA:1 DOTORE:1 FORMA:1 ARGI:1 GARBI:1 HORIXE:1 ZUEN:1 THE:3 YEAR:1 IZAN:2 RIVER:1 IZURDEEN:1 ALDEAN:1 DIRA:4 IZURDEAK:1 MUTUR:1 IZUGARRI:1 DUTE:2 BEGI:1 TXIKI:2 GORPUTZ:1 AZPIAN:1 BIZI:1 URETAN:1 IRUDI:1 MATCH:1 IZOKIN:2 BATEN:2 HARTU:2 MENDI:2 AINTZIRA:2 BATEAN:2 DISKO:2 LEHOIA:1 LION:1 ARRAIN:3 ZEGOEN:1 LEHOI:2 HAU:2 ZABAL:1 BIHURTU:1 ZIREN:1 MORE:1 ERRESUMA:1 ILARGI:1 DAUDE:2 DAGO:1 NEW:1 MOON:1 BADIA:1 ARTEAN:1 HAN:1 KORRONTE:1 BIKAINA:1 ASTEROKO:1 SARRERA:1 HONETATIK:1 BALIABIDE:1 COPYRIGHT:1
https://zientzia.eus/argazki-galeriak/rubin-behatokitik/	RUBIN:10 ZIENTZIA:1 BIZITZA:5 BIOLOGIA:2 JOAN:5 KLIMA:2 LURRA:2 URA:3 ENERGIA:2 TEKNOLOGIA:4 INGENIARITZA:2 ZIENTZIAK:2 HEZKUNTZA:4 FISIKA:2 KIMIKA:2 MATEMATIKA:2 ASTRONOMIA:2 GAI:2 JARRAITU:2 ZURE:3 ETXEAN:1 JASO:4 NAHI:2 DUZU:1 GURI:1 BURUZ:1 NOR:3 GARA:2 POLITIKA:2 VOUS:1 CONTENT:1 YOU:1 WANT:1 CONTINUE:1 YES:1 ITZULPEN:1 FRANCAIS:1 ARGAZKI:3 ENTZUN:1 MENDIAN:1 DAGO:3 VERA:6 KAMERA:1 DAUKA:1 AZKAR:1 ETA:19 AZPIEGITURA:1 OSO:1 HORRI:1 ESKER:1 GAUERO:1 DATU:1 AHAL:1 IZANGO:3 HIRU:2 GAUEZ:1 HEGO:1 ZERU:1 OSORIK:1 IRUDI:5 ALDAKETA:1 ERE:5 DITUZTE:1 EMAKUME:2 BATEN:1 IZENA:3 DARAMAN:1 LEHEN:4 AURKITU:1 ZITUEN:1 DARAMA:1 GAIN:1 HAREN:1 ZIRUDIEN:1 ALDE:1 LAN:1 EGINGO:1 IRITSI:1 DESAGERTU:1 ZIREN:2 HITZ:1 ZER:2 OTE:2 HELBURU:1 BAT:5 BAINA:2 BESTE:1 ERANTZUN:1 DIE:1 NOLA:2 SORTU:1 ZEN:1 EGUZKI:1 OBJEKTU:1 EGITURA:1 ESNE:2 ZITUZTEN:1 DITUGU:1 ORRI:1 HAUETAN:1 ZEIN:3 BAINO:2 DIRA:2 EZAGUTZEN:1 HAMAR:3 AURREAN:1 EZIN:1 JAKIN:1 EMAN:1 DION:1 INFORMAZIO:1 DUELA:1 GALAXIA:7 ESPIRAL:2 TXIKI:2 IKUS:2 LITEZKE:1 EGITEN:1 ARI:1 IZAR:1 BATZUK:1 ABAR:2 INGURU:2 MILA:2 EHUN:1 HONETAN:1 DAUDE:2 HOGEI:1 AINTZIRA:2 ZAZPI:1 HAU:1 EDO:1 ARGI:1 GARBI:1 DAITEZKE:1 HALA:1 GAS:1 GURE:1 ASTEROKO:1 SARRERA:1 HONETATIK:1 BALIABIDE:1 BAITA:1 COPYRIGHT:1
https://zientzia.eus/argazki-galeriak/basamortua/	ZIENTZIA:1 BIZITZA:7 BIOLOGIA:2 JOAN:5 KLIMA:2 LURRA:2 URA:3 ENERGIA:2 TEKNOLOGIA:4 INGENIARITZA:2 ZIENTZIAK:2 HEZKUNTZA:4 FISIKA:2 KIMIKA:2 MATEMATIKA:2 ASTRONOMIA:2 GAI:3 JARRAITU:2 ZURE:3 ETXEAN:1 JASO:2 NAHI:2 DUZU:1 GURI:1 BURUZ:1 NOR:3 GARA:2 POLITIKA:2 VOUS:1 CONTENT:1 YOU:1 WANT:1 CONTINUE:1 YES:1 ITZULPEN:1 FRANCAIS:1 ARGAZKI:3 ENTZUN:1 JANARI:1 DUTE:4 BAINA:1 BADAGO:1 ETA:10 ZEIN:1 EDERRA:1 ARGAZKILARI:1 IZAN:3 ZEN:1 BIZI:1 DIRA:4 HEMEN:1 BERE:2 DITUZTE:3 ANIMALIA:1 COPYRIGHT:2 HAREN:1 GORPUTZ:2 BELARRI:2 BATEK:1 ESAN:1 BURUAREN:1 HORRELA:1 HITZ:1 EGITEN:1 SOINU:1 GABE:2 ARGAZKILARIA:7 BEREK:1 GAUA:1 SOILIK:1 ODOL:1 DAUDE:4 AZAL:1 FIN:1 OSORAKO:1 AIRE:1 GISA:1 MUTUR:1 ATZEAN:1 HORTZ:1 DITU:1 DIETA:1 GAUEKO:2 MONARKA:1 HEGAL:1 BEREN:1 METRO:1 SAKONERA:1 DEZAKETE:1 BAT:1 HAREA:1 BERO:2 DAGO:1 ILE:1 KUXIN:1 HORRI:1 ESKER:1 HONDAR:1 DAITEKE:1 ERRE:1 AZERI:1 BAINO:2 BATEZ:1 ETXEKO:1 KATU:1 GURE:1 ASTEROKO:1 SARRERA:1 HONETATIK:1 BALIABIDE:1 BAITA:1 ERE:1
https://zientzia.eus/argazki-galeriak/basamortua-sugegorria/	ZIENTZIA:1 BIZITZA:5 BIOLOGIA:2 JOAN:5 KLIMA:2 LURRA:2 URA:3 ENERGIA:2 TEKNOLOGIA:4 INGENIARITZA:2 ZIENTZIAK:2 HEZKUNTZA:4 FISIKA:2 KIMIKA:2 MATEMATIKA:2 ASTRONOMIA:2 GAI:2 JARRAITU:2 ZURE:3 ETXEAN:1 JASO:2 NAHI:1 DUZU:1 GURI:1 BURUZ:1 NOR:3 GARA:2 POLITIKA:2 VOUS:1 CONTENT:1 YOU:1 WANT:1 CONTINUE:1 YES:1 ITZULPEN:1 FRANCAIS:1 ARGAZKI:3 ENTZUN:1 DIRA:3 DUTE:3 HONETAN:1 ARGI:1 IKUS:1 DAITEKE:1 LORTU:1 ZEIN:1 ATERA:1 ZITUEN:1 COPYRIGHT:2 ETA:10 ADARRAK:2 SUGEGORRI:3 ADAR:1 TXAPEL:1 GISA:2 DIZKIETE:1 EGUZKI:1 EGITEN:1 ERASO:2 DIETE:1 ARGAZKILARIA:5 BELDUR:1 ALBO:1 MUGIMENDU:2 AZPIAN:1 BAKARRIK:1 DITU:2 ZAIN:2 EHIZTARI:1 DITZAKE:1 ERDI:1 KAKALARDO:1 EDO:2 BATEN:2 ABIADURA:1 DUNA:1 BERE:2 BAINO:1 BEROA:1 AMU:1 DAGOEN:1 BITARTEAN:1 ZIZARE:1 TXORI:1 BAT:1 HOZKADA:1 GURE:1 ASTEROKO:1 SARRERA:1 HONETATIK:1 BALIABIDE:1 BAITA:1 ERE:1 DAUDE:1
https://zientzia.eus/argazki-galeriak/basabizitzaren-garaipen-isila/	GARAIPEN:3 ZIENTZIA:1 BIZITZA:5 BIOLOGIA:2 JOAN:6 KLIMA:2 LURRA:2 URA:3 ENERGIA:2 TEKNOLOGIA:4 INGENIARITZA:2 ZIENTZIAK:2 HEZKUNTZA:4 FISIKA:2 KIMIKA:2 MATEMATIKA:2 ASTRONOMIA:2 GAI:3 JARRAITU:3 ZURE:3 ETXEAN:2 JASO:2 NAHI:1 DUZU:1 GURI:1 BURUZ:1 NOR:3 GARA:2 POLITIKA:2 VOUS:1 CONTENT:1 YOU:1 WANT:1 CONTINUE:1 YES:1 ITZULPEN:1 FRANCAIS:1 ARGAZKI:7 ENTZUN:1 HIENA:4 ARRE:1 BAT:7 DIAMANTE:1 HERRI:2 ABANDONATU:1 BATEAN:3 ESPEZIE:1 DIRA:6 ETA:14 HAIEK:1 ERE:3 HAMAR:1 URTE:1 BEHAR:2 IZAN:2 DITU:1 HAUEN:1 KAMERA:1 TRANPA:1 HAU:5 ATERA:1 AHAL:2 HONEK:1 IRABAZI:1 THE:9 YEAR:8 IRUDI:1 BERAZ:1 NABARMENDU:1 BESTE:1 BATZUK:1 GHOST:1 TOWN:1 ETXETIK:1 GERTU:1 DAGO:2 MAIZ:1 ALDE:1 IHES:1 JAUZI:1 EGITEN:2 HONETAN:1 KENDU:1 ZION:1 ARRAINA:1 BATEK:1 AINGIRA:2 BEZALA:1 LIKE:1 WATER:1 PRIMERAN:1 DAUDE:2 LORTU:2 HORI:1 ZABORTEGI:3 TIP:1 HIRU:1 GORA:1 DARAMATZA:1 GATAZKA:1 PLASTIKO:1 BAKAR:1 ELEFANTE:1 HIL:1 ZORTZI:1 SPECIAL:1 LIZTOR:2 IKUSI:2 ZUEN:6 BERE:2 BATEN:1 ARI:1 ZEN:1 UTZI:1 LIZTORRAK:1 AZKENEAN:1 ETORTZEN:1 DITUZTE:1 HAN:1 BATA:1 ZEBILTZAN:1 ARGI:1 HORREN:1 ZAINDU:1 ZIREN:2 MATE:1 AUTO:1 ZUBI:2 ARMIARMA:1 JOKATU:1 GURE:1 ASTEROKO:1 SARRERA:1 HONETATIK:1 BALIABIDE:1 BAITA:1 COPYRIGHT:1
https://zientzia.eus/argazki-galeriak/artikoa-harrapariak/	ZIENTZIA:1 BIZITZA:5 BIOLOGIA:2 JOAN:5 KLIMA:3 LURRA:2 URA:3 ENERGIA:2 TEKNOLOGIA:4 INGENIARITZA:2 ZIENTZIAK:2 HEZKUNTZA:4 FISIKA:2 KIMIKA:2 MATEMATIKA:2 ASTRONOMIA:2 GAI:3 JARRAITU:3 ZURE:3 ETXEAN:1 JASO:2 NAHI:3 DUZU:1 GURI:1 BURUZ:1 NOR:3 GARA:2 POLITIKA:2 VOUS:1 CONTENT:1 YOU:1 WANT:1 CONTINUE:1 YES:1 ITZULPEN:1 FRANCAIS:1 ARGAZKI:2 ENTZUN:1 NEGU:1 AZAROA:1 OTSAILA:1 UDA:1 APIRILA:1 ABUZTUA:1 ARGI:1 ETA:16 MENDI:1 DITU:1 BAT:2 DIRA:4 COPYRIGHT:2 DUTE:3 HARTZ:1 DIE:1 ARGAZKILARIA:6 BETI:1 ARABERA:1 ALDATZEN:1 EDO:3 IZATEN:2 UDAN:1 BERRIZ:1 MARROI:1 BIZI:1 OSORAKO:1 DITUZTE:2 GORDELEKU:1 BATEAN:1 URTE:1 AZERI:1 IZEN:2 ERBI:1 ESAN:2 DIZKIEN:1 ERREFERENTZIA:1 HORREK:1 OINETAKO:1 GISA:4 IZOTZA:1 GABE:1 JASAN:1 DITZAKE:1 IGERILARI:1 ARRAUN:1 LEMA:1 URETAN:1 DIRUDI:1 BAINA:1 ILE:1 DAGO:2 AZPIAN:2 HELDU:1 BATEK:1 BAINO:2 DEZAKE:1 NON:1 FOKA:1 METRO:1 BERE:2 TXAKURRAK:1 IZOTZ:1 GURE:1 ASTEROKO:1 SARRERA:1 HONETATIK:1 BALIABIDE:1 BAITA:1 ERE:1 DAUDE:1
https://zientzia.eus/argazki-galeriak/sahara-bizikideak/	ZIENTZIA:1 BIZITZA:5 BIOLOGIA:2 JOAN:5 KLIMA:2 LURRA:2 URA:3 ENERGIA:2 TEKNOLOGIA:4 INGENIARITZA:2 ZIENTZIAK:2 HEZKUNTZA:4 FISIKA:2 KIMIKA:2 MATEMATIKA:2 ASTRONOMIA:2 GAI:2 JARRAITU:2 ZURE:3 ETXEAN:1 JASO:2 NAHI:2 DUZU:1 GURI:1 BURUZ:1 NOR:3 GARA:2 POLITIKA:2 VOUS:1 CONTENT:1 YOU:1 WANT:1 CONTINUE:1 YES:1 ITZULPEN:1 FRANCAIS:1 ARGAZKI:2 ENTZUN:1 LUZE:2 OZEANO:1 ITSASO:1 ETA:14 BAINO:2 DITU:3 LAGUN:1 BIZI:1 DIRA:4 BATERA:1 BESTE:1 ANIMALIA:1 COPYRIGHT:2 DUTE:3 BEGI:2 NINI:1 IZUGARRI:1 GAUEZ:1 ARGI:1 ERE:2 HORREK:2 GAUEKO:1 EHIZTARI:1 BERE:2 ARGAZKILARIA:5 KALE:1 ETXEETAKO:1 DITUZTE:2 AUKERA:1 JANARI:1 ESAN:1 DUELA:1 IKASI:1 EHIZA:1 FOSIL:1 ISATS:1 ARMA:1 GISA:1 SARTU:1 SARRERA:2 IGERI:1 HARE:1 SUDUR:1 HAREA:1 ODOL:1 HOTZ:1 LUR:1 BERO:1 ILUN:1 EGOTEN:1 BEROA:1 AZKAR:1 KOLORE:1 PIXKA:1 BAT:2 ALDATU:1 DEZAKE:1 ARI:1 BAINA:1 GURE:1 ASTEROKO:1 HONETATIK:1 BALIABIDE:1 BAITA:1 DAUDE:1
https://zientzia.eus/argazki-galeriak/artikoa-erritmo-motela/	ZIENTZIA:1 BIZITZA:6 BIOLOGIA:2 JOAN:5 KLIMA:2 LURRA:3 URA:3 ENERGIA:2 TEKNOLOGIA:4 INGENIARITZA:2 ZIENTZIAK:2 HEZKUNTZA:4 FISIKA:2 KIMIKA:2 MATEMATIKA:2 ASTRONOMIA:2 GAI:2 JARRAITU:2 ZURE:3 ETXEAN:1 JASO:2 NAHI:1 DUZU:1 GURI:1 BURUZ:1 NOR:3 GARA:2 POLITIKA:2 VOUS:1 CONTENT:1 YOU:1 WANT:1 CONTINUE:1 YES:1 ITZULPEN:1 FRANCAIS:1 ARGAZKI:2 ENTZUN:1 NAGUSI:1 ETA:18 DAGO:1 MIHI:1 MENDIAK:1 DITUZTE:3 BIZI:1 UGAZTUN:1 ERE:3 BEREN:2 DUTE:3 IZOTZ:1 COPYRIGHT:2 ELUR:3 OREINA:1 EGON:1 ZEN:1 GEHIEGIZKO:1 BAINA:1 NEURRI:1 ESKER:1 DIRA:5 ARGAZKILARIA:4 ARTEAN:1 HAU:1 HANKA:1 BEROA:1 HOBETO:1 NEKE:1 TALDE:2 BEZALA:1 EDO:1 OSO:1 HORI:1 AZERI:1 IZAN:1 DEZAKETE:1 SOILIK:1 GISA:3 GORPUTZ:1 BAITA:2 BIBOTE:2 LODI:1 HOTZ:1 TXIRLAK:1 BESTE:1 BATZUK:1 AUKERA:1 DIETE:1 GURE:1 ASTEROKO:1 SARRERA:1 HONETATIK:1 BALIABIDE:1 DAUDE:1
https://zientzia.eus/argazki-galeriak/mexiko-teknologia-altua/	TEKNOLOGIA:8 ZIENTZIA:1 BIZITZA:5 BIOLOGIA:2 JOAN:5 KLIMA:2 LURRA:2 URA:3 ENERGIA:2 INGENIARITZA:2 ZIENTZIAK:2 HEZKUNTZA:4 FISIKA:2 KIMIKA:2 MATEMATIKA:2 ASTRONOMIA:2 GAI:2 JARRAITU:2 ZURE:3 ETXEAN:1 JASO:2 NAHI:2 DUZU:1 GURI:1 BURUZ:1 NOR:3 GARA:2 POLITIKA:2 VOUS:1 CONTENT:1 YOU:1 WANT:1 CONTINUE:1 YES:1 ITZULPEN:1 FRANCAIS:1 ARGAZKI:3 ENTZUN:1 BADAGO:1 ZUZEN:1 ERE:3 DITUZTE:2 ETA:11 HONETAN:1 DITUZU:1 BATZUK:2 DIRA:4 COPYRIGHT:2 DUTE:2 SUGE:1 BEZALA:1 HORREK:2 ESAN:1 AMAREN:1 AMAK:1 DAUDEN:1 ARGAZKILARIA:3 LORE:1 SUDUR:1 ARTEAN:1 BERO:1 ZEHAZTASUN:1 OSOZ:1 AUKERA:1 DIE:1 BAITA:2 BERE:1 SOINU:1 DAGOEN:1 BATEK:1 ELKARREKIN:1 TALKA:1 EGITEN:1 AZAL:1 BERRI:1 BAT:1 BAINA:1 BALIO:1 GURE:1 ASTEROKO:1 SARRERA:1 HONETATIK:1 BALIABIDE:1 DAUDE:1
https://zientzia.eus/argazki-galeriak/sahara-abeslariak/	ZIENTZIA:1 BIZITZA:5 BIOLOGIA:2 JOAN:5 KLIMA:2 LURRA:2 URA:4 ENERGIA:3 TEKNOLOGIA:4 INGENIARITZA:2 ZIENTZIAK:2 HEZKUNTZA:4 FISIKA:2 KIMIKA:2 MATEMATIKA:2 ASTRONOMIA:2 GAI:3 JARRAITU:2 ZURE:3 ETXEAN:1 JASO:2 NAHI:1 DUZU:1 GURI:1 BURUZ:1 NOR:3 GARA:2 POLITIKA:2 VOUS:1 CONTENT:1 YOU:1 WANT:1 CONTINUE:1 YES:1 ITZULPEN:1 FRANCAIS:1 ARGAZKI:2 ENTZUN:1 EDO:1 DIRA:4 EGITEN:3 DUTE:4 ALDE:1 BATERA:1 NOLA:1 BIZI:1 DAITEZKE:1 NON:1 ETA:12 HABIA:1 COPYRIGHT:2 BIZIRAUPEN:1 IRAUN:1 DEZAKE:1 EDAN:2 GABE:1 BEHAR:1 HEGAZTI:1 BAT:2 ONDOEN:1 BEGI:1 BERE:2 DITU:2 BAINA:1 MUGA:1 HORI:1 IKUSMEN:1 ZEHAZTASUN:1 BAINO:1 DIOTE:1 ATERPE:1 EGUZKI:1 DITUZTE:2 FRESKO:1 GAUEKO:1 ARGAZKILARIA:3 BATEN:1 HOTS:1 HAZI:1 BILA:1 IRITSI:1 BULARREKO:1 LUMA:1 BUSTI:1 DEZATEN:1 GURE:1 ASTEROKO:1 SARRERA:1 HONETATIK:1 BALIABIDE:1 BAITA:1 ERE:1 DAUDE:1
https://zientzia.eus/argazki-galeriak/artikoa-begiraleku-zuria/	ZIENTZIA:1 BIZITZA:5 BIOLOGIA:2 JOAN:5 KLIMA:3 LURRA:2 URA:3 ENERGIA:3 TEKNOLOGIA:4 INGENIARITZA:2 ZIENTZIAK:2 HEZKUNTZA:4 FISIKA:2 KIMIKA:2 MATEMATIKA:2 ASTRONOMIA:2 GAI:2 JARRAITU:2 ZURE:3 ETXEAN:1 JASO:2 NAHI:2 DUZU:1 GURI:1 BURUZ:1 NOR:3 GARA:2 POLITIKA:2 VOUS:1 CONTENT:1 YOU:1 WANT:1 CONTINUE:1 YES:1 ITZULPEN:1 FRANCAIS:1 ARGAZKI:2 ENTZUN:1 IZOTZA:1 BAINO:2 HISTORIA:1 DIRA:5 AIRE:2 ETA:15 SUMENDI:1 DITUZTE:1 DUELA:1 MENDE:1 ZEN:1 COPYRIGHT:2 DUTE:4 URTE:1 OSOAN:1 GOI:1 BIZI:1 HEGAZTI:1 BAT:2 EGON:1 AZERI:2 BEZALA:1 BERE:4 IZEN:1 ALDATZEN:1 ERBI:1 ESAN:1 UDAN:1 BERRIZ:1 ARRE:1 EDO:1 HORI:2 EZIN:1 ZAPATA:1 DITU:1 BAITA:3 ERE:2 BOTA:1 ESKER:1 DAITEKE:1 GABE:2 BEROA:1 BIKAINA:1 DIOTE:1 ARGAZKILARIA:4 IZATEN:1 HORREK:1 BAKARRIK:1 GAIZKI:1 BIHUR:1 DEZAKE:1 KONTSUMO:1 ASTINDU:1 EGITEN:1 ORDU:1 HABIA:1 ONDOREN:1 MODU:1 BALIABIDE:2 DATOR:1 IZENA:1 GURE:1 ASTEROKO:1 SARRERA:1 HONETATIK:1 DAUDE:1
https://zientzia.eus/argazki-galeriak/eklipseak-miran/	ZIENTZIA:2 BIZITZA:5 BIOLOGIA:2 JOAN:5 KLIMA:2 LURRA:2 URA:3 ENERGIA:2 TEKNOLOGIA:4 INGENIARITZA:2 ZIENTZIAK:2 HEZKUNTZA:4 FISIKA:2 KIMIKA:2 MATEMATIKA:2 ASTRONOMIA:4 GAI:2 JARRAITU:2 ZURE:3 ETXEAN:1 JASO:2 NAHI:1 DUZU:1 GURI:1 BURUZ:1 NOR:3 GARA:2 POLITIKA:2 VOUS:1 CONTENT:1 YOU:1 WANT:1 CONTINUE:1 YES:1 ITZULPEN:1 FRANCAIS:1 ARGAZKI:2 ENTZUN:1 GAU:1 TXIKI:1 BAT:3 IKUSTEN:4 MAGIA:1 PLASMA:1 DANTZA:1 MINUTU:1 EDO:3 HIRU:2 AGIAN:1 GERO:1 BERRIRO:1 EGUZKI:9 OSOA:1 SOIL:1 SOINU:1 LEKU:1 DAGOEN:1 LEHENENGO:1 ATERA:4 ZITUZTEN:1 BATZUK:1 DIRA:5 RUE:2 BERRIZ:1 MENDE:1 ETA:20 ERDI:1 ZUTEN:2 BESTE:3 INOIZ:2 IZAN:3 GURE:2 ERE:5 ARTEAN:1 ARGI:1 IKUSI:1 EZIN:1 KOROA:1 OSOAN:1 ZUEN:4 IRUDI:2 HAU:2 HART:3 XEHETASUN:1 IKUS:1 DAITEZKE:1 GAS:1 EGITURA:1 KORAPILATSU:1 BAITA:2 OSO:2 BATI:1 ARGAZKIA:2 IRAKURRI:1 HAREN:1 FROGATU:1 AHAL:1 THE:2 SUN:1 OSOAREN:1 ASTRONOMO:1 BATEN:1 CESAR:1 ESPAZIO:2 HARTU:1 ARI:2 ZIREN:1 ILARGI:2 NASA:3 AND:3 UNIVERSITY:1 LAU:1 BIREN:1 ERRALDOI:1 LARANJA:1 MERKURIO:1 PLANETA:1 BAINO:1 TEAM:1 SARTU:1 AHALA:1 ZEN:1 ILARGIA:1 ASTEROKO:1 SARRERA:1 HONETATIK:1 BALIABIDE:1 DAUDE:1 COPYRIGHT:1
https://zientzia.eus/argazki-galeriak/zientzialariak-lanean/	ZIENTZIA:2 BIZITZA:5 BIOLOGIA:2 JOAN:5 KLIMA:3 LURRA:2 URA:3 ENERGIA:2 TEKNOLOGIA:4 INGENIARITZA:2 ZIENTZIAK:2 HEZKUNTZA:4 FISIKA:2 KIMIKA:2 MATEMATIKA:2 ASTRONOMIA:2 GAI:2 JARRAITU:2 ZURE:3 ETXEAN:1 JASO:2 NAHI:1 DUZU:1 GURI:1 BURUZ:1 NOR:3 GARA:2 POLITIKA:2 VOUS:1 CONTENT:1 YOU:1 WANT:1 CONTINUE:1 YES:1 ITZULPEN:1 FRANCAIS:1 ARGAZKI:5 ENTZUN:1 IKERTZAILE:2 SALDO:1 BAT:7 ARI:8 DIRA:7 ETA:16 OLIBONDO:1 ZEHAR:1 HEGO:2 BIDAIA:3 BERRIRO:1 ESKUZ:1 DITUZTE:2 ESTUA:1 ARTEAN:1 HALA:1 DIETE:1 BEREN:1 HARRERA:1 HAIEK:1 TALDE:1 HAREN:1 LANA:1 ZEN:1 IRABAZI:1 BALEA:2 MARRAZOA:1 BIOLOGO:1 MARRAZO:1 BATEN:1 AZALEKO:1 ALGA:3 AINTZIRA:1 UDA:1 ORO:1 BERDE:1 DUTE:2 BESTE:1 ESPEZIE:1 NOLA:2 ITSASO:1 EZARRI:1 HORRI:1 ESKER:1 HAIEN:1 OXIGENO:1 DEZAKETE:1 ELTXO:1 ARGI:1 ERABILI:1 OTE:1 GURE:1 ASTEROKO:1 SARRERA:1 HONETATIK:1 BALIABIDE:1 BAITA:1 ERE:1 DAUDE:1 COPYRIGHT:1
https://zientzia.eus/argazki-galeriak/yellowstone-sua-eta-ura/	ETA:10 URA:4 ZIENTZIA:1 BIZITZA:5 BIOLOGIA:2 JOAN:5 KLIMA:2 LURRA:2 ENERGIA:3 TEKNOLOGIA:4 INGENIARITZA:2 ZIENTZIAK:2 HEZKUNTZA:4 FISIKA:2 KIMIKA:2 MATEMATIKA:2 ASTRONOMIA:2 GAI:2 JARRAITU:2 ZURE:3 ETXEAN:1 JASO:3 NAHI:1 DUZU:1 GURI:1 BURUZ:1 NOR:3 GARA:2 POLITIKA:2 VOUS:1 CONTENT:1 YOU:1 WANT:1 CONTINUE:1 YES:1 ITZULPEN:1 FRANCAIS:1 ARGAZKI:2 ENTZUN:1 PARKE:3 EGITEN:1 DATORKION:1 BEROA:2 NEGU:1 ARE:1 BERO:1 HORREK:1 DUTE:3 DIRA:4 COPYRIGHT:2 LEHEN:1 IZAN:1 ZEN:1 ZUEN:1 HORI:1 AZPIAN:1 BAT:2 DAGO:1 PINU:1 ESKER:1 PINABURU:1 BATZUK:1 BAKARRIK:1 ALDATU:1 GABE:1 AZKEN:1 GEOGRAFIA:1 SUMENDI:1 GLAZIAR:1 HAREN:1 GOI:1 GURE:1 ASTEROKO:1 SARRERA:1 HONETATIK:1 BALIABIDE:1 BAITA:1 ERE:1 DAUDE:1
https://zientzia.eus/argazki-galeriak/yellowstone-muturreko-bizitzaren-koloreak/	ZIENTZIA:2 BIZITZA:7 BIOLOGIA:2 JOAN:5 KLIMA:2 LURRA:2 URA:3 ENERGIA:2 TEKNOLOGIA:4 INGENIARITZA:2 ZIENTZIAK:2 HEZKUNTZA:4 FISIKA:2 KIMIKA:2 MATEMATIKA:2 ASTRONOMIA:2 GAI:3 JARRAITU:2 ZURE:3 ETXEAN:1 JASO:2 NAHI:1 DUZU:1 GURI:1 BURUZ:1 NOR:3 GARA:2 POLITIKA:2 VOUS:1 CONTENT:1 YOU:1 WANT:1 CONTINUE:1 YES:1 ITZULPEN:1 FRANCAIS:1 ARGAZKI:2 ENTZUN:1 DAGOEN:1 BATEN:2 KAMERA:1 MAGNETIKO:1 DAGO:1 BERO:1 IZUGARRI:1 HORREK:2 LUR:1 DITU:2 IRITSI:1 ARTE:1 ETA:13 DIRA:4 COPYRIGHT:2 DUTE:2 NAHIKOA:1 LIKIDO:1 ZUZENEAN:1 DITUZTE:2 BESTE:1 HIDROGENO:1 MAIZ:1 ARRAUTZA:1 USTEL:1 ITURRI:1 TONU:1 HORI:1 LARANJA:1 DATOZ:1 URETAN:1 ALDATU:2 ZUTEN:1 EGIN:1 BEROA:1 BAINO:1 IRABAZI:1 PUTZU:1 MAILA:1 ORAIN:2 BAI:1 ALDATZEN:1 HALA:1 JARDUERA:1 EGITEN:1 URTE:1 GURE:1 ASTEROKO:1 SARRERA:1 HONETATIK:1 BALIABIDE:1 BAITA:1 ERE:1 DAUDE:1
https://zientzia.eus/multimedia/onintze-salazar-perez-eguraldia-aldatu-da-ala-alda/	ALDATU:3 ALA:2 ALDAKETA:5 ZIENTZIA:3 BIZITZA:3 BIOLOGIA:1 JOAN:5 KLIMA:2 LURRA:1 URA:1 ENERGIA:3 TEKNOLOGIA:3 INGENIARITZA:1 ZIENTZIAK:1 HEZKUNTZA:3 FISIKA:4 KIMIKA:1 MATEMATIKA:1 ASTRONOMIA:2 GAI:2 JARRAITU:2 ZURE:5 ETXEAN:1 JASO:3 NAHI:1 DUZU:1 GURI:1 BURUZ:2 NOR:3 GARA:2 POLITIKA:2 VOUS:1 CONTENT:1 YOU:1 WANT:1 CONTINUE:1 YES:1 ITZULPEN:1 FRANCAIS:1 IKUSTEN:1 DIRA:6 GURE:2 BATERA:1 IKUSI:2 ARI:2 ANIMALIA:1 DITUZTE:1 EGITURA:1 ETA:9 ERE:2 ALDATZEN:1 GARAI:1 EDO:1 HITZ:1 EGIN:1 FISIKARI:1 ANA:1 EMAKUME:2 HELBURU:1 ENTZUN:2 ASTEROKO:2 SARRERA:2 EGUZKI:2 JOTA:1 SCIENCE:1 REN:1 NIRE:1 GAIXOTASUN:1 BAT:1 KOROA:1 PROGRAMA:1 GUZTIAK:1 IRA:1 MAR:1 ABE:1 HONETATIK:1 BALIABIDE:1 ARGAZKI:1 BAITA:1 DAUDE:1 COPYRIGHT:1
https://zientzia.eus/multimedia/uzuri-albizu-mallea-matematika-hezkuntza-eta-gener/	MATEMATIKA:6 HEZKUNTZA:6 ETA:12 ZIENTZIA:4 BIZITZA:3 BIOLOGIA:1 JOAN:5 KLIMA:1 LURRA:1 URA:4 ENERGIA:3 TEKNOLOGIA:3 INGENIARITZA:1 ZIENTZIAK:1 FISIKA:1 KIMIKA:1 ASTRONOMIA:2 GAI:2 JARRAITU:2 ZURE:5 ETXEAN:1 JASO:3 NAHI:1 DUZU:1 GURI:1 BURUZ:2 NOR:3 GARA:2 POLITIKA:2 VOUS:1 CONTENT:1 YOU:1 WANT:1 CONTINUE:1 YES:1 ITZULPEN:1 FRANCAIS:1 EMAKUME:2 SAIO:1 HONEN:1 EGIN:1 HORRI:1 ANA:1 HAREN:1 OSO:1 DAGO:1 PERTSONA:1 BEREZIKI:1 BAKARRIK:1 IKASI:1 ULERTU:1 GIZON:1 BATEK:1 IRUDI:1 HORI:1 HORREK:1 SEI:1 NESKEK:1 JADA:1 DUTE:2 BEREN:1 BIDE:1 BATZUK:1 DITUZTE:1 MATEMATIKARI:1 ZAIZKION:1 DADIN:1 EGON:1 IZAN:1 ERE:2 EZIN:1 DUGU:1 ALDE:1 BATERA:1 UTZI:1 ELKARREKIN:1 ENTZUN:2 ASTEROKO:2 SARRERA:2 EGUZKI:2 JOTA:1 SCIENCE:1 REN:1 NIRE:1 GAIXOTASUN:1 BAT:1 KOROA:1 IKUSI:1 PROGRAMA:1 GUZTIAK:1 IRA:1 MAR:1 ABE:1 HONETATIK:1 DIRA:1 BALIABIDE:1 ARGAZKI:1 BAITA:1 DAUDE:1 COPYRIGHT:1
https://zientzia.eus/multimedia/covid-19aren-txertoak-eta-birusaren-aldaera-berria/	ETA:8 ZIENTZIA:3 BIZITZA:3 BIOLOGIA:2 JOAN:5 KLIMA:1 LURRA:1 URA:1 ENERGIA:3 TEKNOLOGIA:3 INGENIARITZA:1 ZIENTZIAK:1 HEZKUNTZA:3 FISIKA:1 KIMIKA:1 MATEMATIKA:1 ASTRONOMIA:2 GAI:2 JARRAITU:3 ZURE:5 ETXEAN:1 JASO:3 NAHI:1 DUZU:1 GURI:1 BURUZ:2 NOR:3 GARA:2 POLITIKA:2 VOUS:1 CONTENT:1 YOU:1 WANT:1 CONTINUE:1 YES:1 ITZULPEN:1 FRANCAIS:1 HASI:1 BERRI:1 DIRA:3 ARI:2 ZERGATIK:1 DUGU:1 ZER:1 ERAGIN:1 DUTE:1 HORRI:1 ANA:1 HALA:1 ENTZUN:2 ASTEROKO:2 SARRERA:2 EGUZKI:2 JOTA:1 SCIENCE:1 REN:1 NIRE:1 GAIXOTASUN:1 BAT:1 KOROA:1 IKUSI:1 PROGRAMA:1 GUZTIAK:1 IRA:1 MAR:1 ABE:1 HONETATIK:1 BALIABIDE:1 ARGAZKI:1 BAITA:1 ERE:1 DAUDE:1 COPYRIGHT:1
https://zientzia.eus/multimedia/covid-19aren-txertoa-transmisioa-eta-5g/	ETA:8 ZIENTZIA:3 BIZITZA:3 BIOLOGIA:2 JOAN:5 KLIMA:1 LURRA:1 URA:1 ENERGIA:3 TEKNOLOGIA:3 INGENIARITZA:1 ZIENTZIAK:2 HEZKUNTZA:3 FISIKA:1 KIMIKA:1 MATEMATIKA:1 ASTRONOMIA:2 GAI:2 JARRAITU:2 ZURE:5 ETXEAN:1 JASO:3 NAHI:1 DUZU:1 GURI:1 BURUZ:1 NOR:3 GARA:2 POLITIKA:2 VOUS:1 CONTENT:1 YOU:1 WANT:1 CONTINUE:1 YES:1 ITZULPEN:1 FRANCAIS:1 AZTERTU:1 DITU:1 ANA:1 HALA:1 BEDI:1 ENTZUN:2 ASTEROKO:2 SARRERA:2 EGUZKI:2 JOTA:1 SCIENCE:1 REN:1 NIRE:1 GAIXOTASUN:1 BAT:1 KOROA:1 IKUSI:1 PROGRAMA:1 GUZTIAK:1 IRA:1 MAR:1 ABE:1 HONETATIK:1 DIRA:1 BALIABIDE:1 ARGAZKI:1 BAITA:1 ERE:1 DAUDE:1 COPYRIGHT:1
https://zientzia.eus/multimedia/uneak-norteko-ferrokarrillean/	ZIENTZIA:3 BIZITZA:3 BIOLOGIA:1 JOAN:5 KLIMA:1 LURRA:1 URA:2 ENERGIA:1 TEKNOLOGIA:3 INGENIARITZA:1 ZIENTZIAK:1 HEZKUNTZA:3 FISIKA:1 KIMIKA:1 MATEMATIKA:1 ASTRONOMIA:1 GAI:3 JARRAITU:2 ZURE:5 ETXEAN:1 JASO:3 NAHI:1 DUZU:1 GURI:1 BURUZ:1 NOR:3 GARA:2 POLITIKA:2 VOUS:1 CONTENT:1 YOU:1 WANT:1 CONTINUE:1 YES:1 ITZULPEN:1 FRANCAIS:1 ATZERA:1 BEGIRA:1 BUKATU:1 BERRI:1 UNE:1 BATZUK:2 DITUGU:1 JENDE:1 INTERESGARRI:2 ASKO:2 IZAN:1 DUGU:1 ETA:6 ERE:2 BAI:1 AUKERATU:1 BEHAR:1 ENTZUN:2 ASTEROKO:2 SARRERA:2 GOI:1 MENDIKO:1 ARI:1 DIRA:2 MENDIETAN:1 ARGAZKIA:1 BAT:1 EGUZKI:1 KOROA:1 IKUSI:1 PROGRAMA:1 GUZTIAK:1 IRA:1 MAR:1 ABE:1 HONETATIK:1 BALIABIDE:1 ARGAZKI:1 BAITA:1 DAUDE:1 COPYRIGHT:1
https://zientzia.eus/multimedia/5g-sareen-eragina-koronabirus-berriaren-hedapenean/	ZIENTZIA:3 BIZITZA:3 BIOLOGIA:5 JOAN:5 KLIMA:1 LURRA:1 URA:1 ENERGIA:1 TEKNOLOGIA:3 INGENIARITZA:2 ZIENTZIAK:3 HEZKUNTZA:3 FISIKA:2 KIMIKA:1 MATEMATIKA:1 ASTRONOMIA:1 GAI:2 JARRAITU:2 ZURE:5 ETXEAN:1 JASO:3 NAHI:1 DUZU:1 GURI:1 BURUZ:1 NOR:3 GARA:2 POLITIKA:2 VOUS:1 CONTENT:1 YOU:1 WANT:1 CONTINUE:1 YES:1 ITZULPEN:1 FRANCAIS:1 ASKO:1 ZABALDU:1 BERRIA:1 ALABAINA:1 SUSMO:1 HORREK:1 OINARRI:1 ANA:1 EMAN:1 DITU:1 ANTXETA:1 ENTZUN:2 ETA:4 ASTEROKO:2 SARRERA:2 ESKER:1 AHAL:1 IZANGO:1 DUGU:1 GIRO:1 BAT:1 EGUZKI:1 KOROA:1 IKUSI:1 PROGRAMA:1 GUZTIAK:1 IRA:1 MAR:1 ABE:1 HONETATIK:1 DIRA:1 BALIABIDE:1 ARGAZKI:1 BAITA:1 ERE:1 DAUDE:1 COPYRIGHT:1
https://zientzia.eus/multimedia/lo-faltak-hezurrak-ahultzen-ditu/	DITU:2 ZIENTZIA:3 BIZITZA:3 BIOLOGIA:1 JOAN:5 KLIMA:1 LURRA:1 URA:1 ENERGIA:1 TEKNOLOGIA:3 INGENIARITZA:9 ZIENTZIAK:1 HEZKUNTZA:3 FISIKA:1 KIMIKA:1 MATEMATIKA:1 ASTRONOMIA:1 GAI:2 JARRAITU:2 ZURE:5 ETXEAN:1 JASO:3 NAHI:1 DUZU:1 GURI:1 BURUZ:1 NOR:3 GARA:2 POLITIKA:2 VOUS:1 CONTENT:1 YOU:1 WANT:1 CONTINUE:1 YES:1 ITZULPEN:1 FRANCAIS:1 ETA:5 DUELA:1 ONDORIOZTATU:1 DUTE:1 BATEAN:1 ENTZUN:2 ASTEROKO:2 SARRERA:2 TREN:1 BIDAIA:1 ARE:1 EHUN:1 BAT:1 EGUZKI:1 KOROA:1 IKUSI:1 PROGRAMA:1 GUZTIAK:1 IRA:1 MAR:1 ABE:1 HONETATIK:1 DIRA:1 BALIABIDE:1 ARGAZKI:1 BAITA:1 ERE:1 DAUDE:1 COPYRIGHT:1
https://zientzia.eus/multimedia/voyager-2-izarrarteko-espazioan/	ZIENTZIA:3 BIZITZA:3 BIOLOGIA:1 JOAN:5 KLIMA:1 LURRA:1 URA:1 ENERGIA:1 TEKNOLOGIA:3 INGENIARITZA:1 ZIENTZIAK:1 HEZKUNTZA:3 FISIKA:1 KIMIKA:1 MATEMATIKA:1 ASTRONOMIA:8 GAI:2 JARRAITU:2 ZURE:5 ETXEAN:1 JASO:3 NAHI:1 DUZU:1 GURI:1 BURUZ:1 NOR:3 GARA:2 POLITIKA:2 VOUS:1 CONTENT:1 YOU:1 WANT:1 CONTINUE:1 YES:1 ITZULPEN:1 FRANCAIS:1 BIDAIA:1 EGIN:1 JADA:1 ESPAZIO:2 ERAKUTSI:1 DUTE:2 DUELA:1 URTEBETE:1 ATERA:1 EGUZKI:3 ETA:7 MUGA:1 AZTERTU:1 DITUZTE:2 LEHENENGO:1 EMAITZAK:1 ENTZUN:2 ASTEROKO:2 SARRERA:2 JOTA:1 ARGAZKIA:1 LEHOI:1 NEBULOSA:1 HEGO:1 BAT:2 KOROA:1 IKUSI:1 PROGRAMA:1 GUZTIAK:1 IRA:1 MAR:1 ABE:1 HONETATIK:1 DIRA:1 BALIABIDE:1 ARGAZKI:1 BAITA:1 ERE:1 DAUDE:1 COPYRIGHT:1
https://zientzia.eus/multimedia/saturnoko-ekaitz-sistemak/	EKAITZ:4 ZIENTZIA:3 BIZITZA:3 BIOLOGIA:1 JOAN:5 KLIMA:1 LURRA:1 URA:1 ENERGIA:1 TEKNOLOGIA:3 INGENIARITZA:1 ZIENTZIAK:1 HEZKUNTZA:3 FISIKA:1 KIMIKA:1 MATEMATIKA:1 ASTRONOMIA:8 GAI:2 JARRAITU:2 ZURE:5 ETXEAN:1 JASO:3 NAHI:1 DUZU:1 GURI:1 BURUZ:1 NOR:3 GARA:2 POLITIKA:2 VOUS:1 CONTENT:1 YOU:1 WANT:1 CONTINUE:1 YES:1 ITZULPEN:1 FRANCAIS:1 AZTERTU:1 DITU:1 GERTATU:1 ZIREN:1 DIRA:2 ENTZUN:2 ETA:5 ASTEROKO:2 SARRERA:2 EGUZKI:2 JOTA:1 ARGAZKIA:1 LEHOI:1 NEBULOSA:1 HEGO:1 BAT:2 DUTE:1 KOROA:1 IKUSI:1 PROGRAMA:1 GUZTIAK:1 IRA:1 MAR:1 ABE:1 HONETATIK:1 BALIABIDE:1 ARGAZKI:1 BAITA:1 ERE:1 DAUDE:1 COPYRIGHT:1
https://zientzia.eus/multimedia/musika-garuna-eta-plazera/	MUSIKA:2 ETA:9 ZIENTZIA:3 BIZITZA:3 BIOLOGIA:1 JOAN:5 KLIMA:1 LURRA:4 URA:1 ENERGIA:1 TEKNOLOGIA:3 INGENIARITZA:1 ZIENTZIAK:1 HEZKUNTZA:3 FISIKA:1 KIMIKA:1 MATEMATIKA:1 ASTRONOMIA:1 GAI:2 JARRAITU:2 ZURE:5 ETXEAN:1 JASO:3 NAHI:1 DUZU:1 GURI:1 BURUZ:2 NOR:3 GARA:2 POLITIKA:2 VOUS:1 CONTENT:1 YOU:1 WANT:1 CONTINUE:1 YES:1 ITZULPEN:1 FRANCAIS:1 ANA:1 BATEN:1 ARABERA:1 OREKA:1 GILTZA:1 ENTZUN:2 ASTEROKO:2 SARRERA:2 ADIMEN:1 DIRA:2 NAHIKOA:1 BAINO:1 HIZKUNTZA:1 BAT:1 EGUZKI:1 KOROA:1 IKUSI:1 PROGRAMA:1 GUZTIAK:1 IRA:1 MAR:1 ABE:1 HONETATIK:1 BALIABIDE:1 ARGAZKI:1 BAITA:1 ERE:1 DAUDE:1 COPYRIGHT:1
https://zientzia.eus/multimedia/diferentzia-sozio-ekonomikoen-arrastoa-ur-hondakin/	ZIENTZIA:3 BIZITZA:3 BIOLOGIA:1 JOAN:5 KLIMA:1 LURRA:1 URA:3 ENERGIA:1 TEKNOLOGIA:3 INGENIARITZA:1 ZIENTZIAK:2 HEZKUNTZA:3 FISIKA:1 KIMIKA:1 MATEMATIKA:1 ASTRONOMIA:1 GAI:2 JARRAITU:2 ZURE:5 ETXEAN:1 JASO:3 NAHI:1 DUZU:1 GURI:1 BURUZ:1 NOR:3 GARA:2 POLITIKA:2 VOUS:1 CONTENT:1 YOU:1 WANT:1 CONTINUE:1 YES:1 ITZULPEN:1 FRANCAIS:1 LEHEN:1 AZTERTU:1 DUTE:2 ETA:6 MAILA:1 ANA:1 EMAN:1 DITU:1 DIRA:3 GURE:1 ENTZUN:2 ASTEROKO:2 SARRERA:2 GOI:1 MENDIKO:1 ARI:1 MENDIETAN:1 ARGAZKIA:1 BAT:1 EGUZKI:1 KOROA:1 IKUSI:1 PROGRAMA:1 GUZTIAK:1 IRA:1 MAR:1 ABE:1 HONETATIK:1 BALIABIDE:1 ARGAZKI:1 BAITA:1 ERE:1 DAUDE:1 COPYRIGHT:1
https://zientzia.eus/multimedia/mikroorganismoak-eta-asma/	ETA:7 ASMA:3 ZIENTZIA:3 BIZITZA:3 BIOLOGIA:1 JOAN:5 KLIMA:1 LURRA:1 URA:2 ENERGIA:1 TEKNOLOGIA:3 INGENIARITZA:1 ZIENTZIAK:1 HEZKUNTZA:3 FISIKA:1 KIMIKA:1 MATEMATIKA:1 ASTRONOMIA:1 GAI:2 JARRAITU:2 ZURE:5 ETXEAN:1 JASO:3 NAHI:1 DUZU:1 GURI:1 BURUZ:1 NOR:3 GARA:2 POLITIKA:2 VOUS:1 CONTENT:1 YOU:1 WANT:1 CONTINUE:1 YES:1 ITZULPEN:1 FRANCAIS:1 ETXEETAKO:1 LANDA:1 ARRISKU:1 DAGO:1 ENTZUN:2 ASTEROKO:2 SARRERA:2 GOI:1 MENDIKO:1 ARI:1 DIRA:2 MENDIETAN:1 ARGAZKIA:1 BAT:1 EGUZKI:1 KOROA:1 IKUSI:1 PROGRAMA:1 GUZTIAK:1 IRA:1 MAR:1 ABE:1 HONETATIK:1 BALIABIDE:1 ARGAZKI:1 BAITA:1 ERE:1 DAUDE:1 COPYRIGHT:1
https://zientzia.eus/multimedia/ukimen-artifiziala-ahalbidetzen-duen-eskularrua/	ZIENTZIA:3 BIZITZA:3 BIOLOGIA:1 JOAN:5 KLIMA:1 LURRA:1 URA:1 ENERGIA:1 TEKNOLOGIA:3 INGENIARITZA:2 ZIENTZIAK:2 HEZKUNTZA:3 FISIKA:1 KIMIKA:1 MATEMATIKA:1 ASTRONOMIA:1 GAI:2 JARRAITU:2 ZURE:5 ETXEAN:1 JASO:3 NAHI:1 DUZU:1 GURI:1 BURUZ:1 NOR:3 GARA:2 POLITIKA:2 VOUS:1 CONTENT:1 YOU:1 WANT:1 CONTINUE:1 YES:1 ITZULPEN:1 FRANCAIS:1 ETA:8 HAIEI:1 BALIO:1 ESKULARRU:1 BAT:2 SORTU:1 DUTE:1 OSO:1 IZAN:1 DAITEKE:1 ESKU:1 BESTE:1 ENTZUN:2 ASTEROKO:2 SARRERA:2 ADIMEN:1 DIRA:2 NAHIKOA:1 BAINO:1 HIZKUNTZA:1 EGUZKI:1 KOROA:1 IKUSI:1 PROGRAMA:1 GUZTIAK:1 IRA:1 MAR:1 ABE:1 HONETATIK:1 BALIABIDE:1 ARGAZKI:1 BAITA:1 ERE:1 DAUDE:1 COPYRIGHT:1
https://zientzia.eus/multimedia/caf-elhuyar-sariak-2019/	ZIENTZIA:5 BIZITZA:3 BIOLOGIA:1 JOAN:5 KLIMA:1 LURRA:1 URA:1 ENERGIA:1 TEKNOLOGIA:4 INGENIARITZA:1 ZIENTZIAK:1 HEZKUNTZA:3 FISIKA:1 KIMIKA:1 MATEMATIKA:1 ASTRONOMIA:2 GAI:2 JARRAITU:2 ZURE:5 ETXEAN:1 JASO:3 NAHI:1 DUZU:1 GURI:1 BURUZ:1 NOR:3 GARA:2 POLITIKA:2 VOUS:1 CONTENT:1 YOU:1 WANT:1 CONTINUE:1 YES:1 ITZULPEN:1 FRANCAIS:1 BANATU:1 DIRA:2 AURTEN:1 URTE:1 BETE:1 DITU:1 ETA:5 EGIN:1 ZUTEN:1 EGOITZA:1 ENTZUN:2 ASTEROKO:2 SARRERA:2 ELKARRIZKETA:1 DUGU:1 BAT:3 NAHIKOA:1 EGUZKI:1 KOROA:1 IKUSI:1 PROGRAMA:1 GUZTIAK:1 IRA:1 MAR:1 ABE:1 HONETATIK:1 BALIABIDE:1 ARGAZKI:1 BAITA:1 ERE:1 DAUDE:1 COPYRIGHT:1
https://zientzia.eus/multimedia/denisovatik-kanpoko-lehen-denisovarra/	LEHEN:3 ZIENTZIA:3 BIZITZA:3 BIOLOGIA:1 JOAN:5 KLIMA:1 LURRA:1 URA:1 ENERGIA:1 TEKNOLOGIA:3 INGENIARITZA:4 ZIENTZIAK:1 HEZKUNTZA:3 FISIKA:2 KIMIKA:1 MATEMATIKA:1 ASTRONOMIA:2 GAI:2 JARRAITU:2 ZURE:5 ETXEAN:1 JASO:3 NAHI:1 DUZU:1 GURI:1 BURUZ:1 NOR:3 GARA:2 POLITIKA:2 VOUS:1 CONTENT:1 YOU:1 WANT:1 CONTINUE:1 YES:1 ITZULPEN:1 FRANCAIS:1 BAT:2 ONDORIOZTATU:1 DUTE:2 URTE:1 DITU:1 ETA:8 HAREN:1 GIZAKI:1 IRITSI:1 BAINO:1 ENTZUN:2 ASTEROKO:2 SARRERA:2 ARGAZKIA:1 BESTE:1 KONTU:1 ZITUZTEN:1 EHIZTARI:1 ZIREN:1 EGUZKI:1 KOROA:1 IKUSI:1 PROGRAMA:1 GUZTIAK:1 IRA:1 MAR:1 ABE:1 HONETATIK:1 DIRA:1 BALIABIDE:1 ARGAZKI:1 BAITA:1 ERE:1 DAUDE:1 COPYRIGHT:1
https://zientzia.eus/multimedia/mikroplastikoak-airean/	AIREAN:2 ZIENTZIA:3 BIZITZA:3 BIOLOGIA:1 JOAN:5 KLIMA:1 LURRA:4 URA:2 ENERGIA:1 TEKNOLOGIA:3 INGENIARITZA:1 ZIENTZIAK:1 HEZKUNTZA:3 FISIKA:1 KIMIKA:1 MATEMATIKA:1 ASTRONOMIA:1 GAI:2 JARRAITU:2 ZURE:5 ETXEAN:1 JASO:3 NAHI:1 DUZU:1 GURI:1 BURUZ:1 NOR:3 GARA:2 POLITIKA:2 VOUS:1 CONTENT:1 YOU:1 WANT:1 CONTINUE:1 YES:1 ITZULPEN:1 FRANCAIS:1 AIREZ:1 DITUZTE:1 ENTZUN:2 ETA:5 ASTEROKO:2 SARRERA:2 GOI:1 MENDIKO:1 ARI:1 DIRA:2 MENDIETAN:1 ARGAZKIA:1 BAT:1 EGUZKI:1 KOROA:1 IKUSI:1 PROGRAMA:1 GUZTIAK:1 IRA:1 MAR:1 ABE:1 HONETATIK:1 BALIABIDE:1 ARGAZKI:1 BAITA:1 ERE:1 DAUDE:1 COPYRIGHT:1
https://zientzia.eus/multimedia/zulo-beltz-baten-lehen-irudia/	ZULO:6 BELTZ:4 BATEN:4 LEHEN:3 ZIENTZIA:3 BIZITZA:3 BIOLOGIA:1 JOAN:5 KLIMA:1 LURRA:1 URA:1 ENERGIA:1 TEKNOLOGIA:3 INGENIARITZA:1 ZIENTZIAK:1 HEZKUNTZA:3 FISIKA:1 KIMIKA:1 MATEMATIKA:1 ASTRONOMIA:7 GAI:2 JARRAITU:2 ZURE:5 ETXEAN:1 JASO:3 NAHI:1 DUZU:1 GURI:1 BURUZ:1 NOR:3 GARA:2 POLITIKA:2 VOUS:1 CONTENT:1 YOU:1 WANT:1 CONTINUE:1 YES:1 ITZULPEN:1 FRANCAIS:1 ERAKUTSI:1 ZUZEN:1 ORAIN:1 ARTE:1 BAINO:1 DIRA:2 ALDIA:1 BAT:3 ZUZENEAN:1 ENTZUN:2 ETA:4 ASTEROKO:2 SARRERA:2 EGUZKI:2 LORTU:1 DITUZTE:1 AURKITU:2 DUTE:2 IZAR:1 OSO:1 GALAXIA:1 BATEAN:1 KOROA:1 IKUSI:1 PROGRAMA:1 GUZTIAK:1 IRA:1 MAR:1 ABE:1 HONETATIK:1 BALIABIDE:1 ARGAZKI:1 BAITA:1 ERE:1 DAUDE:1 COPYRIGHT:1
https://zientzia.eus/multimedia/testosterona-atleta-emakumezkoetan/	ZIENTZIA:3 BIZITZA:3 BIOLOGIA:1 JOAN:5 KLIMA:1 LURRA:1 URA:1 ENERGIA:3 TEKNOLOGIA:3 INGENIARITZA:1 ZIENTZIAK:1 HEZKUNTZA:3 FISIKA:1 KIMIKA:1 MATEMATIKA:1 ASTRONOMIA:2 GAI:2 JARRAITU:2 ZURE:5 ETXEAN:1 JASO:3 NAHI:1 DUZU:1 GURI:1 BURUZ:1 NOR:3 GARA:2 POLITIKA:2 VOUS:1 CONTENT:1 YOU:1 WANT:1 CONTINUE:1 YES:1 ITZULPEN:1 FRANCAIS:1 MAILA:1 OINARRI:1 ENTZUN:2 ETA:5 ASTEROKO:2 SARRERA:2 EGUZKI:2 JOTA:1 SCIENCE:1 REN:1 NIRE:1 GAIXOTASUN:1 BAT:1 KOROA:1 IKUSI:1 PROGRAMA:1 GUZTIAK:1 IRA:1 MAR:1 ABE:1 HONETATIK:1 DIRA:1 BALIABIDE:1 ARGAZKI:1 BAITA:1 ERE:1 DAUDE:1 COPYRIGHT:1
https://zientzia.eus/multimedia/hezur-muineko-transplantearekin-hiesa-sendatzea/	HEZUR:3 ZIENTZIA:1 BIZITZA:3 BIOLOGIA:1 JOAN:5 KLIMA:1 LURRA:1 URA:1 ENERGIA:1 TEKNOLOGIA:3 INGENIARITZA:1 ZIENTZIAK:1 HEZKUNTZA:3 FISIKA:1 KIMIKA:1 MATEMATIKA:1 ASTRONOMIA:1 GAI:2 JARRAITU:2 ZURE:5 ETXEAN:1 JASO:3 NAHI:1 DUZU:1 GURI:1 BURUZ:1 NOR:3 GARA:2 POLITIKA:2 VOUS:1 CONTENT:1 YOU:1 WANT:1 CONTINUE:1 YES:1 ITZULPEN:1 FRANCAIS:1 SENDA:1 BERRETSI:1 DUTE:1 ENTZUN:2 ARANTZA:2 ETA:4 ASTEROKO:2 SARRERA:2 AIRE:1 BURMUIN:1 NAZIOARTEKO:1 EGUNA:1 SCIENCE:1 REN:1 BAT:1 EGUZKI:1 KOROA:1 IKUSI:1 PROGRAMA:1 GUZTIAK:1 IRA:1 MAR:1 ABE:1 HONETATIK:1 DIRA:1 BALIABIDE:1 ARGAZKI:1 BAITA:1 ERE:1 DAUDE:1 COPYRIGHT:1
https://zientzia.eus/multimedia/behe-paleolitoko-gizakiak-praileaitzen/	BEHE:2 ZIENTZIA:2 BIZITZA:3 BIOLOGIA:1 JOAN:5 KLIMA:1 LURRA:1 URA:1 ENERGIA:1 TEKNOLOGIA:4 INGENIARITZA:2 ZIENTZIAK:1 HEZKUNTZA:3 FISIKA:2 KIMIKA:1 MATEMATIKA:1 ASTRONOMIA:2 GAI:2 JARRAITU:2 ZURE:5 ETXEAN:1 JASO:3 NAHI:1 DUZU:1 GURI:1 BURUZ:1 NOR:3 GARA:2 POLITIKA:2 VOUS:1 CONTENT:1 YOU:1 WANT:1 CONTINUE:1 YES:1 ITZULPEN:2 FRANCAIS:1 DUELA:1 URTE:3 INGURU:1 EGON:1 DITUZTE:1 HALA:1 NOLA:1 HAIEK:1 ETA:15 ANIMALIEN:1 UGAZTUN:1 HANDI:1 BATEN:1 ENTZUN:2 IKASI:1 ONDOREN:1 HASI:1 ZEN:1 DIHARDU:1 ERE:3 EGIN:4 DITU:1 ARI:1 GEHIENBAT:1 ZUZENDU:1 EMAN:1 TERMINOLOGIA:2 LAN:1 ASTEROKO:2 SARRERA:2 ARGAZKIA:1 BESTE:1 KONTU:1 ZITUZTEN:1 EHIZTARI:1 ZIREN:1 BAT:1 EGUZKI:1 KOROA:1 IKUSI:1 PROGRAMA:1 GUZTIAK:1 IRA:1 MAR:1 ABE:1 HONETATIK:1 DIRA:1 BALIABIDE:1 ARGAZKI:1 BAITA:1 DAUDE:1 COPYRIGHT:1
https://zientzia.eus/multimedia/pentsamendua-irakurtzen-duen-sistema-adimendun-bat/	ADIMENDUN:2 BAT:5 ZIENTZIA:2 BIZITZA:3 BIOLOGIA:1 JOAN:5 KLIMA:1 LURRA:1 URA:1 ENERGIA:1 TEKNOLOGIA:3 INGENIARITZA:1 ZIENTZIAK:4 HEZKUNTZA:3 FISIKA:1 KIMIKA:1 MATEMATIKA:1 ASTRONOMIA:1 GAI:3 JARRAITU:2 ZURE:5 ETXEAN:1 JASO:3 NAHI:2 DUZU:1 GURI:1 BURUZ:1 NOR:3 GARA:2 POLITIKA:2 VOUS:1 CONTENT:1 YOU:1 WANT:1 CONTINUE:1 YES:1 ITZULPEN:1 FRANCAIS:1 ETA:10 ORDENAGAILU:1 BATEN:1 ADIMEN:2 PERTSONA:1 BATEK:1 ESKU:1 EZKERRA:1 ALA:1 ESKUINA:1 MUGITU:1 GARATU:1 DUTE:1 UNIBERTSITATE:1 ENTZUN:2 ASTEROKO:2 SARRERA:2 DIRA:2 NAHIKOA:1 BAINO:1 HIZKUNTZA:1 EGUZKI:1 KOROA:1 IKUSI:1 PROGRAMA:1 GUZTIAK:1 IRA:1 MAR:1 ABE:1 HONETATIK:1 BALIABIDE:1 ARGAZKI:1 BAITA:1 ERE:1 DAUDE:1 COPYRIGHT:1
https://zientzia.eus/multimedia/inbaditzailen-kotra-droneak/	ZIENTZIA:1 BIZITZA:3 BIOLOGIA:1 JOAN:5 KLIMA:1 LURRA:1 URA:2 ENERGIA:1 TEKNOLOGIA:3 INGENIARITZA:1 ZIENTZIAK:1 HEZKUNTZA:3 FISIKA:1 KIMIKA:1 MATEMATIKA:1 ASTRONOMIA:1 GAI:2 JARRAITU:2 ZURE:5 ETXEAN:1 JASO:3 NAHI:1 DUZU:1 GURI:1 BURUZ:1 NOR:3 GARA:2 POLITIKA:2 VOUS:1 CONTENT:1 YOU:1 WANT:1 CONTINUE:1 YES:1 ITZULPEN:1 FRANCAIS:1 DIRA:6 BATERA:1 IRITSI:1 ZIREN:2 ETA:7 IZAN:1 IPAR:1 EMAN:1 BAINA:1 BERRIZ:1 ERE:2 AGERTU:1 ARRATOI:1 ESPEZIE:1 BAT:2 ABIATU:1 DUTE:1 HASI:1 ENTZUN:2 ASTEROKO:2 SARRERA:2 GOI:1 MENDIKO:1 ARI:1 MENDIETAN:1 ARGAZKIA:1 EGUZKI:1 KOROA:1 IKUSI:1 PROGRAMA:1 GUZTIAK:1 IRA:1 MAR:1 ABE:1 HONETATIK:1 BALIABIDE:1 ARGAZKI:1 BAITA:1 DAUDE:1 COPYRIGHT:1
https://zientzia.eus/multimedia/erditzea-gako-izan-liteke-autismoan/	IZAN:4 LITEKE:2 ZIENTZIA:1 BIZITZA:3 BIOLOGIA:1 JOAN:5 KLIMA:2 LURRA:1 URA:1 ENERGIA:6 TEKNOLOGIA:3 INGENIARITZA:1 ZIENTZIAK:1 HEZKUNTZA:3 FISIKA:2 KIMIKA:1 MATEMATIKA:1 ASTRONOMIA:1 GAI:2 JARRAITU:2 ZURE:5 ETXEAN:1 JASO:3 NAHI:1 DUZU:1 GURI:1 BURUZ:1 NOR:3 GARA:2 POLITIKA:2 VOUS:1 CONTENT:1 YOU:1 WANT:1 CONTINUE:1 YES:1 ITZULPEN:1 FRANCAIS:1 SCIENCE:1 BATEN:1 ARABERA:1 DAITEKE:1 HARTU:1 DUTE:2 EGIN:1 DITUZTE:2 BAINA:1 ERAKUTSI:1 GARAPEN:1 ENTZUN:2 ZIENTZIAREN:1 ETA:6 ASTEROKO:2 SARRERA:2 ONDOREN:1 BAT:1 EGUZKI:1 KOROA:1 IKUSI:1 PROGRAMA:1 GUZTIAK:1 IRA:1 MAR:1 ABE:1 HONETATIK:1 DIRA:1 BALIABIDE:1 ARGAZKI:1 BAITA:1 ERE:1 DAUDE:1 COPYRIGHT:1
https://zientzia.eus/multimedia/ipar-polo-magnetikoari-segika/	IPAR:3 POLO:4 ZIENTZIA:3 BIZITZA:4 BIOLOGIA:1 JOAN:5 KLIMA:1 LURRA:1 URA:1 ENERGIA:1 TEKNOLOGIA:3 INGENIARITZA:1 ZIENTZIAK:2 HEZKUNTZA:3 FISIKA:1 KIMIKA:1 MATEMATIKA:1 ASTRONOMIA:1 GAI:2 JARRAITU:2 ZURE:5 ETXEAN:1 JASO:3 NAHI:1 DUZU:1 GURI:1 BURUZ:1 NOR:3 GARA:2 POLITIKA:2 VOUS:1 CONTENT:1 YOU:1 WANT:1 CONTINUE:1 YES:1 ITZULPEN:1 FRANCAIS:1 ASKO:1 ARI:2 ETA:8 HORREK:1 WORLD:1 BATEAN:1 HORREN:1 OSO:1 LAN:1 IZANGO:1 BERRITU:1 ENTZUN:2 ASTEROKO:2 SARRERA:2 EUSKAL:1 HORRELA:1 KOROA:2 AZKEN:1 BAT:1 EGUZKI:1 IKUSI:1 PROGRAMA:1 GUZTIAK:1 IRA:1 MAR:1 ABE:1 HONETATIK:1 DIRA:1 BALIABIDE:1 ARGAZKI:1 BAITA:1 ERE:1 DAUDE:1 COPYRIGHT:1
https://zientzia.eus/multimedia/zulo-beltzei-buruzko-datu-berriak/	ZULO:5 DATU:3 ZIENTZIA:3 BIZITZA:3 BIOLOGIA:1 JOAN:5 KLIMA:1 LURRA:1 URA:1 ENERGIA:1 TEKNOLOGIA:3 INGENIARITZA:1 ZIENTZIAK:1 HEZKUNTZA:3 FISIKA:1 KIMIKA:1 MATEMATIKA:1 ASTRONOMIA:5 GAI:2 JARRAITU:2 ZURE:5 ETXEAN:1 JASO:3 NAHI:1 DUZU:1 GURI:1 BURUZ:1 NOR:3 GARA:2 POLITIKA:2 VOUS:1 CONTENT:1 YOU:1 WANT:1 CONTINUE:1 YES:1 ITZULPEN:1 FRANCAIS:1 BELTZEN:2 DITUZTE:2 ETA:6 SCIENCE:1 BELTZ:1 TXIKI:1 BATEN:2 DUTE:4 ABIADURA:1 AURKITU:3 ENTZUN:2 ASTEROKO:2 SARRERA:2 EGUZKI:2 LORTU:1 IZAR:1 BAT:2 OSO:1 GALAXIA:1 BATEAN:1 KOROA:1 IKUSI:1 PROGRAMA:1 GUZTIAK:1 IRA:1 MAR:1 ABE:1 HONETATIK:1 DIRA:1 BALIABIDE:1 ARGAZKI:1 BAITA:1 ERE:1 DAUDE:1 COPYRIGHT:1
https://zientzia.eus/multimedia/taula-periodikoaren-nazioarteko-urteaz/	TAULA:3 NAZIOARTEKO:3 ZIENTZIA:3 BIZITZA:3 BIOLOGIA:2 JOAN:5 KLIMA:1 LURRA:1 URA:1 ENERGIA:1 TEKNOLOGIA:3 INGENIARITZA:1 ZIENTZIAK:1 HEZKUNTZA:3 FISIKA:1 KIMIKA:6 MATEMATIKA:1 ASTRONOMIA:2 GAI:2 JARRAITU:2 ZURE:5 ETXEAN:1 JASO:3 NAHI:1 DUZU:1 GURI:1 BURUZ:1 NOR:3 GARA:2 POLITIKA:2 VOUS:1 CONTENT:1 YOU:1 WANT:1 CONTINUE:1 YES:1 ITZULPEN:1 FRANCAIS:1 IZENDATU:1 DUTE:2 NOLA:1 SORTU:1 ZEN:1 ETA:7 ZER:1 AZALDU:1 ANA:1 ENTZUN:2 ASTEROKO:2 SARRERA:2 MAILA:1 EGON:1 HIZKUNTZA:1 BERA:1 DUGU:1 GURE:1 ARTEAN:1 ERREGINAREN:1 ANTZU:1 DITU:1 AZUKRE:1 MOLEKULA:1 BAT:2 OINARRIZKO:1 EGUZKI:1 KOROA:1 IKUSI:1 PROGRAMA:1 GUZTIAK:1 IRA:1 MAR:1 ABE:1 HONETATIK:1 DIRA:1 BALIABIDE:1 ARGAZKI:1 BAITA:1 ERE:1 DAUDE:1 COPYRIGHT:1
https://zientzia.eus/multimedia/ultima-thule/	ZIENTZIA:3 BIZITZA:4 BIOLOGIA:1 JOAN:5 KLIMA:1 LURRA:1 URA:1 ENERGIA:1 TEKNOLOGIA:3 INGENIARITZA:1 ZIENTZIAK:2 HEZKUNTZA:3 FISIKA:1 KIMIKA:1 MATEMATIKA:1 ASTRONOMIA:1 GAI:2 JARRAITU:2 ZURE:5 ETXEAN:1 JASO:3 NAHI:1 DUZU:1 GURI:1 BURUZ:1 NOR:3 GARA:2 POLITIKA:2 VOUS:1 CONTENT:1 YOU:1 WANT:1 CONTINUE:1 YES:1 ITZULPEN:1 FRANCAIS:1 LEHEN:1 NEW:1 ASTEROIDE:3 GERTU:1 PASATU:1 ZEN:1 DEITU:1 DIOTE:1 ETA:6 IZAN:1 HORI:2 DAGO:1 BERE:1 ORBITA:1 MODU:1 POLITA:1 URTE:1 HAU:1 ENTZUN:2 ASTEROKO:2 SARRERA:2 EUSKAL:1 HORRELA:1 KOROA:2 AZKEN:1 BAT:1 EGUZKI:1 IKUSI:1 PROGRAMA:1 GUZTIAK:1 IRA:1 MAR:1 ABE:1 HONETATIK:1 DIRA:1 BALIABIDE:1 ARGAZKI:1 BAITA:1 ERE:1 DAUDE:1 COPYRIGHT:1
https://zientzia.eus/multimedia/ioien-bidez-hegan/	ZIENTZIA:3 BIZITZA:3 BIOLOGIA:1 JOAN:5 KLIMA:1 LURRA:1 URA:1 ENERGIA:1 TEKNOLOGIA:3 INGENIARITZA:1 ZIENTZIAK:1 HEZKUNTZA:3 FISIKA:5 KIMIKA:1 MATEMATIKA:2 ASTRONOMIA:1 GAI:2 JARRAITU:2 ZURE:5 ETXEAN:1 JASO:3 NAHI:1 DUZU:1 GURI:1 BURUZ:1 NOR:3 GARA:2 POLITIKA:2 VOUS:1 CONTENT:1 YOU:1 WANT:1 CONTINUE:1 YES:1 ITZULPEN:1 FRANCAIS:1 MIT:1 MODU:1 BERRI:1 BAT:2 DUTE:2 EGIN:1 SASKIBALOI:1 BATEAN:2 ETA:9 HEGAZKIN:1 TXIKI:1 BAINA:1 FUNTZIONATU:1 AIREAN:1 DAUDEN:1 DIEN:1 DAGO:1 AGIAN:1 LITEKE:1 LASTER:1 ENTZUN:2 ASTEROKO:2 SARRERA:2 BESTE:1 KONTU:1 ADIMEN:1 ONDOREN:1 DORRE:1 EGUZKI:1 KOROA:1 IKUSI:1 PROGRAMA:1 GUZTIAK:1 IRA:1 MAR:1 ABE:1 HONETATIK:1 DIRA:1 BALIABIDE:1 ARGAZKI:1 BAITA:1 ERE:1 DAUDE:1 COPYRIGHT:1
https://zientzia.eus/multimedia/2018ko-zientzia-albiste-aipagarrienak/	ZIENTZIA:4 BIZITZA:4 BIOLOGIA:1 JOAN:5 KLIMA:1 LURRA:1 URA:1 ENERGIA:1 TEKNOLOGIA:3 INGENIARITZA:1 ZIENTZIAK:2 HEZKUNTZA:3 FISIKA:1 KIMIKA:1 MATEMATIKA:1 ASTRONOMIA:1 GAI:2 JARRAITU:2 ZURE:5 ETXEAN:1 JASO:3 NAHI:1 DUZU:1 GURI:1 BURUZ:1 NOR:3 GARA:2 POLITIKA:2 VOUS:1 CONTENT:1 YOU:1 WANT:1 CONTINUE:1 YES:1 ITZULPEN:1 FRANCAIS:1 EGINGO:1 DUGU:1 UTZI:1 ZIZKIGUN:1 BILDU:1 DITUGU:1 ENTZUN:2 ETA:5 ASTEROKO:2 SARRERA:2 EUSKAL:1 HORRELA:1 KOROA:2 AZKEN:1 BAT:1 EGUZKI:1 IKUSI:1 PROGRAMA:1 GUZTIAK:1 IRA:1 MAR:1 ABE:1 HONETATIK:1 DIRA:1 BALIABIDE:1 ARGAZKI:1 BAITA:1 ERE:1 DAUDE:1 COPYRIGHT:1
https://zientzia.eus/multimedia/plastikozko-nanopartikulak-bieiratan/	ZIENTZIA:3 BIZITZA:3 BIOLOGIA:4 JOAN:5 KLIMA:1 LURRA:1 URA:2 ENERGIA:1 TEKNOLOGIA:3 INGENIARITZA:1 ZIENTZIAK:1 HEZKUNTZA:3 FISIKA:1 KIMIKA:1 MATEMATIKA:1 ASTRONOMIA:1 GAI:2 JARRAITU:2 ZURE:5 ETXEAN:1 JASO:3 NAHI:1 DUZU:1 GURI:1 BURUZ:1 NOR:3 GARA:2 POLITIKA:2 VOUS:1 CONTENT:1 YOU:1 WANT:1 CONTINUE:1 YES:1 ITZULPEN:1 FRANCAIS:1 ZER:1 AZTERTU:1 DUTE:2 ERAKUTSI:1 ORDU:1 BATZUK:1 NAHIKOA:1 ETA:6 NAGUSI:1 ENTZUN:2 ASTEROKO:2 SARRERA:2 GOI:1 MENDIKO:1 ARI:1 DIRA:2 MENDIETAN:1 ARGAZKIA:1 BAT:1 EGUZKI:1 KOROA:1 IKUSI:1 PROGRAMA:1 GUZTIAK:1 IRA:1 MAR:1 ABE:1 HONETATIK:1 BALIABIDE:1 ARGAZKI:1 BAITA:1 ERE:1 DAUDE:1 COPYRIGHT:1
https://zientzia.eus/multimedia/gripe-pandemiak-ehun-urte/	EHUN:3 URTE:3 ZIENTZIA:3 BIZITZA:3 BIOLOGIA:5 JOAN:5 KLIMA:1 LURRA:1 URA:1 ENERGIA:1 TEKNOLOGIA:3 INGENIARITZA:4 ZIENTZIAK:2 HEZKUNTZA:3 FISIKA:1 KIMIKA:1 MATEMATIKA:1 ASTRONOMIA:1 GAI:2 JARRAITU:2 ZURE:5 ETXEAN:1 JASO:3 NAHI:1 DUZU:1 GURI:1 BURUZ:1 NOR:3 GARA:2 POLITIKA:2 VOUS:1 CONTENT:1 YOU:1 WANT:1 CONTINUE:1 YES:1 ITZULPEN:1 FRANCAIS:1 ITURRI:1 EDO:1 ESPAINIAR:1 IZAN:1 ZEN:1 IGARO:1 DIRA:2 ETA:6 DESAGERTU:1 ASKO:1 APALDU:1 ESKER:2 HORRI:1 HAN:1 DITU:1 ANA:1 ENTZUN:2 ASTEROKO:2 SARRERA:2 AHAL:1 IZANGO:1 DUGU:1 GIRO:1 BAT:1 EGUZKI:1 KOROA:1 IKUSI:1 PROGRAMA:1 GUZTIAK:1 IRA:1 MAR:1 ABE:1 HONETATIK:1 BALIABIDE:1 ARGAZKI:1 BAITA:1 ERE:1 DAUDE:1 COPYRIGHT:1
https://zientzia.eus/multimedia/modela-euskarazko-itzultzaile-adimenduna/	ITZULTZAILE:3 ZIENTZIA:3 BIZITZA:3 BIOLOGIA:1 JOAN:5 KLIMA:1 LURRA:1 URA:1 ENERGIA:1 TEKNOLOGIA:4 INGENIARITZA:1 ZIENTZIAK:1 HEZKUNTZA:3 FISIKA:1 KIMIKA:1 MATEMATIKA:1 ASTRONOMIA:1 GAI:2 JARRAITU:2 ZURE:5 ETXEAN:1 JASO:3 NAHI:1 DUZU:1 GURI:1 BURUZ:1 NOR:3 GARA:2 POLITIKA:2 VOUS:1 CONTENT:1 YOU:1 WANT:1 CONTINUE:1 YES:1 ITZULPEN:1 FRANCAIS:1 BERRI:1 ORAIN:1 AZKEN:1 OINARRI:1 ETA:10 TRESNA:1 EUSKAL:1 BESTE:1 ESKER:1 GARATU:1 ENTZUN:2 ASTEROKO:2 SARRERA:2 ADIMEN:1 DIRA:2 NAHIKOA:1 BAINO:1 HIZKUNTZA:1 BAT:1 EGUZKI:1 KOROA:1 IKUSI:1 PROGRAMA:1 GUZTIAK:1 IRA:1 MAR:1 ABE:1 HONETATIK:1 BALIABIDE:1 ARGAZKI:1 BAITA:1 ERE:1 DAUDE:1 COPYRIGHT:1
https://zientzia.eus/multimedia/amintxeko-grabatuen-teknika/	ZIENTZIA:3 BIZITZA:3 BIOLOGIA:1 JOAN:5 KLIMA:1 LURRA:1 URA:1 ENERGIA:1 TEKNOLOGIA:3 INGENIARITZA:1 ZIENTZIAK:6 HEZKUNTZA:3 FISIKA:1 KIMIKA:1 MATEMATIKA:1 ASTRONOMIA:2 GAI:2 JARRAITU:2 ZURE:5 ETXEAN:1 JASO:3 NAHI:1 DUZU:1 GURI:1 BURUZ:1 NOR:3 GARA:2 POLITIKA:2 VOUS:1 CONTENT:1 YOU:1 WANT:1 CONTINUE:1 YES:1 ITZULPEN:1 FRANCAIS:1 ZEN:1 ERABILI:1 ZUTEN:1 ENTZUN:2 ETA:4 ASTEROKO:2 SARRERA:2 EGUZKI:2 JOTA:1 BAINO:1 ZIREN:1 NIRE:1 GAIXOTASUN:1 BAT:1 KOROA:1 IKUSI:1 PROGRAMA:1 GUZTIAK:1 IRA:1 MAR:1 ABE:1 HONETATIK:1 DIRA:1 BALIABIDE:1 ARGAZKI:1 BAITA:1 ERE:1 DAUDE:1 COPYRIGHT:1
https://zientzia.eus/multimedia/kilogramoaren-definizioa/	ZIENTZIA:1 BIZITZA:3 BIOLOGIA:1 JOAN:5 KLIMA:1 LURRA:1 URA:2 ENERGIA:1 TEKNOLOGIA:3 INGENIARITZA:1 ZIENTZIAK:1 HEZKUNTZA:3 FISIKA:1 KIMIKA:1 MATEMATIKA:1 ASTRONOMIA:1 GAI:2 JARRAITU:2 ZURE:5 ETXEAN:1 JASO:3 NAHI:1 DUZU:1 GURI:1 BURUZ:1 NOR:3 GARA:2 POLITIKA:2 VOUS:1 CONTENT:1 YOU:1 WANT:1 CONTINUE:1 YES:1 ITZULPEN:1 FRANCAIS:1 ORAIN:1 ARTE:1 DAGOEN:1 OBJEKTU:2 BATEN:2 BAT:2 BAINA:1 BATEK:1 DITU:1 BEHARRA:1 ZEGOEN:1 ENTZUN:2 ETA:5 ASTEROKO:2 SARRERA:2 GOI:1 MENDIKO:1 ARI:1 DIRA:2 MENDIETAN:1 ARGAZKIA:1 EGUZKI:1 KOROA:1 IKUSI:1 PROGRAMA:1 GUZTIAK:1 IRA:1 MAR:1 ABE:1 HONETATIK:1 BALIABIDE:1 ARGAZKI:1 BAITA:1 ERE:1 DAUDE:1 COPYRIGHT:1
https://zientzia.eus/multimedia/sexu-bereko-saguen-kumeak/	SEXU:2 ZIENTZIA:1 BIZITZA:3 BIOLOGIA:7 JOAN:5 KLIMA:1 LURRA:1 URA:1 ENERGIA:1 TEKNOLOGIA:3 INGENIARITZA:1 ZIENTZIAK:2 HEZKUNTZA:3 FISIKA:1 KIMIKA:1 MATEMATIKA:1 ASTRONOMIA:1 GAI:2 JARRAITU:2 ZURE:5 ETXEAN:1 JASO:3 NAHI:1 DUZU:1 GURI:1 BURUZ:1 NOR:3 GARA:2 POLITIKA:2 VOUS:1 CONTENT:1 YOU:1 WANT:1 CONTINUE:1 YES:1 ITZULPEN:1 FRANCAIS:1 ENTZUN:2 ZUBIA:2 ETA:5 ASTEROKO:2 SARRERA:2 ESKER:1 AHAL:1 IZANGO:1 DUGU:1 GIRO:1 BAT:1 EGUZKI:1 KOROA:1 IKUSI:1 PROGRAMA:1 GUZTIAK:1 IRA:1 MAR:1 ABE:1 HONETATIK:1 DIRA:1 BALIABIDE:1 ARGAZKI:1 BAITA:1 ERE:1 DAUDE:1 COPYRIGHT:1
https://zientzia.eus/multimedia/planetaketamisioak/	ZIENTZIA:1 BIZITZA:4 BIOLOGIA:1 JOAN:5 KLIMA:1 LURRA:1 URA:1 ENERGIA:1 TEKNOLOGIA:3 INGENIARITZA:2 ZIENTZIAK:1 HEZKUNTZA:3 FISIKA:1 KIMIKA:1 MATEMATIKA:1 ASTRONOMIA:1 GAI:2 JARRAITU:2 ZURE:5 ETXEAN:1 JASO:3 NAHI:1 DUZU:1 GURI:1 BURUZ:1 NOR:3 GARA:2 POLITIKA:2 VOUS:1 CONTENT:1 YOU:1 WANT:1 CONTINUE:1 YES:1 ITZULPEN:1 FRANCAIS:1 AZTERTU:1 DUTE:2 ZENBAT:1 IZAN:2 EDO:1 DAUDEN:1 ETA:8 PLANETA:1 BANA:1 ONDORIO:1 ATERA:1 LITEZKE:1 ENTZUN:2 ZUBIA:2 ASTEROKO:2 SARRERA:2 LITZAIDAKE:1 AUKERA:1 EUSKAL:1 ALDIZKARI:1 SORTU:1 BAT:1 EGUZKI:1 KOROA:1 IKUSI:1 PROGRAMA:1 GUZTIAK:1 IRA:1 MAR:1 ABE:1 HONETATIK:1 DIRA:1 BALIABIDE:1 ARGAZKI:1 BAITA:1 ERE:1 DAUDE:1 COPYRIGHT:1
https://zientzia.eus/multimedia/herpes-birusa-eta-alzheimerra/	HERPES:3 ETA:8 ZIENTZIA:2 BIZITZA:3 BIOLOGIA:1 JOAN:5 KLIMA:1 LURRA:1 URA:1 ENERGIA:1 TEKNOLOGIA:3 INGENIARITZA:1 ZIENTZIAK:1 HEZKUNTZA:3 FISIKA:1 KIMIKA:1 MATEMATIKA:1 ASTRONOMIA:1 GAI:2 JARRAITU:2 ZURE:5 ETXEAN:1 JASO:3 NAHI:1 DUZU:1 GURI:1 BURUZ:1 NOR:3 GARA:2 POLITIKA:2 VOUS:1 CONTENT:1 YOU:1 WANT:1 CONTINUE:1 YES:1 ITZULPEN:1 FRANCAIS:1 GERO:1 ARRISKU:1 ENTZUN:2 ASTEROKO:2 SARRERA:2 AIRE:1 BURMUIN:1 NAZIOARTEKO:1 EGUNA:1 SCIENCE:1 REN:1 BAT:1 EGUZKI:1 KOROA:1 IKUSI:1 PROGRAMA:1 GUZTIAK:1 IRA:1 MAR:1 ABE:1 HONETATIK:1 DIRA:1 BALIABIDE:1 ARGAZKI:1 BAITA:1 ERE:1 DAUDE:1 COPYRIGHT:1
https://zientzia.eus/multimedia/5000-aurpegi/	AURPEGI:3 ZIENTZIA:2 BIZITZA:4 BIOLOGIA:1 JOAN:5 KLIMA:1 LURRA:1 URA:1 ENERGIA:1 TEKNOLOGIA:3 INGENIARITZA:2 ZIENTZIAK:1 HEZKUNTZA:3 FISIKA:1 KIMIKA:1 MATEMATIKA:1 ASTRONOMIA:1 GAI:2 JARRAITU:2 ZURE:5 ETXEAN:1 JASO:3 NAHI:1 DUZU:1 GURI:1 BURUZ:1 NOR:3 GARA:2 POLITIKA:2 VOUS:1 CONTENT:1 YOU:1 WANT:1 CONTINUE:1 YES:1 ITZULPEN:1 FRANCAIS:1 BATEN:1 ARABERA:1 PERTSONA:1 BATEK:1 DITU:1 BAINA:1 OSO:1 DATU:1 JAKIN:1 HORI:1 BEREK:1 AUTOKRITIKA:1 EGIN:1 DUTE:1 ERE:2 BESTE:1 BALIO:1 ENTZUN:2 ETA:7 ASTEROKO:2 SARRERA:2 LITZAIDAKE:1 AUKERA:1 EUSKAL:1 ALDIZKARI:1 SORTU:1 BAT:1 EGUZKI:1 KOROA:1 IKUSI:1 PROGRAMA:1 GUZTIAK:1 IRA:1 MAR:1 ABE:1 HONETATIK:1 DIRA:1 BALIABIDE:1 ARGAZKI:1 BAITA:1 DAUDE:1 COPYRIGHT:1
https://zientzia.eus/multimedia/nobelak-auzitan/	ZIENTZIA:1 BIZITZA:3 BIOLOGIA:1 JOAN:5 KLIMA:1 LURRA:1 URA:1 ENERGIA:3 TEKNOLOGIA:3 INGENIARITZA:1 ZIENTZIAK:1 HEZKUNTZA:3 FISIKA:1 KIMIKA:1 MATEMATIKA:1 ASTRONOMIA:2 GAI:2 JARRAITU:2 ZURE:5 ETXEAN:1 JASO:3 NAHI:1 DUZU:1 GURI:1 BURUZ:1 NOR:3 GARA:2 POLITIKA:2 VOUS:1 CONTENT:1 YOU:1 WANT:1 CONTINUE:1 YES:1 ITZULPEN:1 FRANCAIS:1 AZKEN:1 GERO:1 ETA:6 NOBEL:1 BESTE:1 ENTZUN:2 ZIENTZIAREN:1 ASTEROKO:2 SARRERA:2 EGUZKI:2 JOTA:1 SCIENCE:1 REN:1 NIRE:1 GAIXOTASUN:1 BAT:1 KOROA:1 IKUSI:1 PROGRAMA:1 GUZTIAK:1 IRA:1 MAR:1 ABE:1 HONETATIK:1 DIRA:1 BALIABIDE:1 ARGAZKI:1 BAITA:1 ERE:1 DAUDE:1 COPYRIGHT:1
https://zientzia.eus/multimedia/ignobel-sariak-nobel-dibertigarrienak/	NOBEL:2 ZIENTZIA:1 BIZITZA:3 BIOLOGIA:1 JOAN:5 KLIMA:1 LURRA:1 URA:1 ENERGIA:1 TEKNOLOGIA:3 INGENIARITZA:9 ZIENTZIAK:1 HEZKUNTZA:3 FISIKA:1 KIMIKA:1 MATEMATIKA:1 ASTRONOMIA:1 GAI:2 JARRAITU:2 ZURE:5 ETXEAN:1 JASO:3 NAHI:1 DUZU:1 GURI:1 BURUZ:1 NOR:3 GARA:2 POLITIKA:2 VOUS:1 CONTENT:1 YOU:1 WANT:1 CONTINUE:1 YES:1 ITZULPEN:1 FRANCAIS:1 BANATU:1 BERRI:2 DIRA:3 GAIN:1 DUTE:1 HAIEN:1 EMAN:1 ANA:1 ENTZUN:2 MENDIA:2 ETA:4 ASTEROKO:2 SARRERA:2 TREN:1 BIDAIA:1 ARE:1 EHUN:1 BAT:1 EGUZKI:1 KOROA:1 IKUSI:1 PROGRAMA:1 GUZTIAK:1 IRA:1 MAR:1 ABE:1 HONETATIK:1 BALIABIDE:1 ARGAZKI:1 BAITA:1 ERE:1 DAUDE:1 COPYRIGHT:1
https://zientzia.eus/multimedia/surfean-energiaren-gainetik/	ZIENTZIA:1 BIZITZA:3 BIOLOGIA:1 JOAN:5 KLIMA:2 LURRA:1 URA:1 ENERGIA:6 TEKNOLOGIA:3 INGENIARITZA:4 ZIENTZIAK:1 HEZKUNTZA:3 FISIKA:2 KIMIKA:1 MATEMATIKA:1 ASTRONOMIA:1 GAI:2 JARRAITU:2 ZURE:5 ETXEAN:1 JASO:3 NAHI:1 DUZU:1 GURI:1 BURUZ:1 NOR:3 GARA:2 POLITIKA:2 VOUS:1 CONTENT:1 YOU:1 WANT:1 CONTINUE:1 YES:1 ITZULPEN:1 FRANCAIS:1 METRO:1 ALTU:1 INGURU:1 DIRA:3 OSO:1 BAINA:1 DUTE:2 BAT:2 EGIN:1 ERRALDOI:1 BATEK:1 ENTZUN:2 MENDIA:2 ETA:6 ASTEROKO:2 SARRERA:2 ONDOREN:1 DITUZTE:1 EGUZKI:1 KOROA:1 IKUSI:1 PROGRAMA:1 GUZTIAK:1 IRA:1 MAR:1 ABE:1 HONETATIK:1 BALIABIDE:1 ARGAZKI:1 BAITA:1 ERE:1 DAUDE:1 COPYRIGHT:1
https://zientzia.eus/multimedia/antartikan-urtzen-ari-den-izotza/	ARI:3 IZOTZA:2 ZIENTZIA:1 BIZITZA:3 BIOLOGIA:1 JOAN:5 KLIMA:4 LURRA:1 URA:2 ENERGIA:1 TEKNOLOGIA:3 INGENIARITZA:1 ZIENTZIAK:1 HEZKUNTZA:3 FISIKA:1 KIMIKA:1 MATEMATIKA:1 ASTRONOMIA:1 GAI:2 JARRAITU:2 ZURE:5 ETXEAN:1 JASO:3 NAHI:1 DUZU:1 GURI:1 BURUZ:1 NOR:3 GARA:2 POLITIKA:2 VOUS:1 CONTENT:1 YOU:1 WANT:1 CONTINUE:1 YES:1 ITZULPEN:1 FRANCAIS:1 IZOTZ:3 HIRU:2 TONA:1 GALDU:1 DITU:1 BOST:2 ETA:7 HORREK:1 MAILA:1 ZORTZI:2 ERAGIN:1 GORA:1 EGIN:1 AZKEN:2 IGO:1 DIRA:3 HORIXE:1 DIO:1 NAZIOARTEKO:1 TALDE:1 HANDI:1 BATEK:1 ENTZUN:2 ASTEROKO:2 SARRERA:2 GOI:1 MENDIKO:1 MENDIETAN:1 ARGAZKIA:1 BAT:1 EGUZKI:1 KOROA:1 IKUSI:1 PROGRAMA:1 GUZTIAK:1 IRA:1 MAR:1 ABE:1 HONETATIK:1 BALIABIDE:1 ARGAZKI:1 BAITA:1 ERE:1 DAUDE:1 COPYRIGHT:1
https://zientzia.eus/multimedia/kristal-likido-biaxiala-laborategian/	KRISTAL:4 LIKIDO:4 ZIENTZIA:1 BIZITZA:3 BIOLOGIA:7 JOAN:5 KLIMA:1 LURRA:1 URA:1 ENERGIA:1 TEKNOLOGIA:4 INGENIARITZA:1 ZIENTZIAK:2 HEZKUNTZA:3 FISIKA:1 KIMIKA:1 MATEMATIKA:1 ASTRONOMIA:1 GAI:2 JARRAITU:2 ZURE:6 ETXEAN:1 JASO:3 NAHI:1 DUZU:1 GURI:1 BURUZ:1 NOR:3 GARA:2 POLITIKA:2 VOUS:1 CONTENT:1 YOU:1 WANT:1 CONTINUE:1 YES:1 ITZULPEN:1 FRANCAIS:1 BERRI:1 BAT:4 DUTE:1 HORREN:1 DIRA:2 ETA:6 HORREK:1 OSO:2 DIO:1 BATEAN:2 GARAI:1 BERRIA:1 ZEN:1 BATEN:1 ENTZUN:2 ZUBIA:2 ASTEROKO:2 SARRERA:2 ESKER:1 AHAL:1 IZANGO:1 DUGU:1 GIRO:1 EGUZKI:1 KOROA:1 IKUSI:1 PROGRAMA:1 GUZTIAK:1 IRA:1 MAR:1 ABE:1 HONETATIK:1 BALIABIDE:1 ARGAZKI:1 BAITA:1 ERE:1 DAUDE:1 COPYRIGHT:1
https://zientzia.eus/multimedia/lau-emakume-eta-hiru-gizon-sarituak-kavli-sarietan/	LAU:3 EMAKUME:2 ETA:10 HIRU:3 GIZON:2 ZIENTZIA:1 BIZITZA:3 BIOLOGIA:4 JOAN:5 KLIMA:1 LURRA:1 URA:1 ENERGIA:1 TEKNOLOGIA:3 INGENIARITZA:1 ZIENTZIAK:1 HEZKUNTZA:3 FISIKA:1 KIMIKA:1 MATEMATIKA:1 ASTRONOMIA:2 GAI:2 JARRAITU:2 ZURE:5 ETXEAN:1 JASO:3 NAHI:1 DUZU:1 GURI:1 BURUZ:1 NOR:3 GARA:2 POLITIKA:2 VOUS:1 CONTENT:1 YOU:1 WANT:1 CONTINUE:1 YES:1 ITZULPEN:1 FRANCAIS:1 DIRA:4 GUZTIRA:1 ZAZPI:1 AURTEN:1 ANA:1 ENTZUN:2 ASTEROKO:2 SARRERA:2 ZUTEN:1 ALDAKETA:1 IDENTIFIKATU:1 DITUZTE:1 ARIKETA:1 FROGATU:1 DUTE:1 PINPILINPAUXA:1 NOLA:1 GURE:1 BAT:1 EGUZKI:1 KOROA:1 IKUSI:1 PROGRAMA:1 GUZTIAK:1 IRA:1 MAR:1 ABE:1 HONETATIK:1 BALIABIDE:1 ARGAZKI:1 BAITA:1 ERE:1 DAUDE:1 COPYRIGHT:1
https://zientzia.eus/multimedia/zuntz-optiko-berri-bat-eguzki-energia-modu-eragink/	BERRI:3 BAT:4 EGUZKI:4 ENERGIA:4 MODU:2 ETA:7 MERKE:2 ZIENTZIA:3 BIZITZA:3 BIOLOGIA:7 JOAN:5 KLIMA:1 LURRA:1 URA:1 TEKNOLOGIA:3 INGENIARITZA:1 ZIENTZIAK:2 HEZKUNTZA:3 FISIKA:1 KIMIKA:1 MATEMATIKA:1 ASTRONOMIA:1 GAI:2 JARRAITU:2 ZURE:5 ETXEAN:1 JASO:3 NAHI:1 DUZU:1 GURI:1 BURUZ:1 NOR:3 GARA:2 POLITIKA:2 VOUS:1 CONTENT:1 YOU:1 WANT:1 CONTINUE:1 YES:1 ITZULPEN:1 FRANCAIS:1 GISA:1 LORTU:1 DOMINGO:1 ENTZUN:2 ASTEROKO:2 SARRERA:2 ESKER:1 AHAL:1 IZANGO:1 DUGU:1 GIRO:1 KOROA:1 IKUSI:1 PROGRAMA:1 GUZTIAK:1 IRA:1 MAR:1 ABE:1 HONETATIK:1 DIRA:1 BALIABIDE:1 ARGAZKI:1 BAITA:1 ERE:1 DAUDE:1 COPYRIGHT:1
https://zientzia.eus/multimedia/new-yorkeko-taxiak/	NEW:2 ZIENTZIA:3 BIZITZA:3 BIOLOGIA:7 JOAN:5 KLIMA:1 LURRA:1 URA:1 ENERGIA:1 TEKNOLOGIA:3 INGENIARITZA:1 ZIENTZIAK:2 HEZKUNTZA:3 FISIKA:1 KIMIKA:1 MATEMATIKA:1 ASTRONOMIA:1 GAI:2 JARRAITU:2 ZURE:5 ETXEAN:1 JASO:4 NAHI:1 DUZU:1 GURI:1 BURUZ:1 NOR:3 GARA:2 POLITIKA:2 VOUS:1 CONTENT:1 YOU:1 WANT:1 CONTINUE:1 YES:1 ITZULPEN:1 FRANCAIS:1 MIT:1 BAT:3 EGIN:1 DUTE:3 HIRIKO:1 LANA:1 DITUZTE:1 TAXI:1 ETA:6 SARE:1 GERO:1 IZANGO:2 AZTERTU:1 ENTZUN:2 ASTEROKO:2 SARRERA:2 ESKER:1 AHAL:1 DUGU:1 GIRO:1 EGUZKI:1 KOROA:1 IKUSI:1 PROGRAMA:1 GUZTIAK:1 IRA:1 MAR:1 ABE:1 HONETATIK:1 DIRA:1 BALIABIDE:1 ARGAZKI:1 BAITA:1 ERE:1 DAUDE:1 COPYRIGHT:1
https://zientzia.eus/multimedia/erreka-idorrek-uste-baion-co2-gehiago-isurtzen-dut/	ERREKA:3 BAINO:3 DUTE:4 ZIENTZIA:3 BIZITZA:3 BIOLOGIA:1 JOAN:5 KLIMA:1 LURRA:1 URA:2 ENERGIA:1 TEKNOLOGIA:3 INGENIARITZA:1 ZIENTZIAK:1 HEZKUNTZA:3 FISIKA:1 KIMIKA:1 MATEMATIKA:1 ASTRONOMIA:1 GAI:2 JARRAITU:2 ZURE:5 ETXEAN:1 JASO:3 NAHI:1 DUZU:1 GURI:1 BURUZ:1 NOR:3 GARA:2 POLITIKA:2 VOUS:1 CONTENT:1 YOU:1 WANT:1 CONTINUE:1 YES:1 ITZULPEN:1 FRANCAIS:1 NAZIOARTEKO:1 BATEK:1 EDO:1 AZTERTU:1 ORAIN:1 ARTE:1 ERE:2 EKARPEN:1 EGITEN:1 ETA:6 HARTU:1 ENTZUN:2 ASTEROKO:2 SARRERA:2 GOI:1 MENDIKO:1 ARI:1 DIRA:2 MENDIETAN:1 ARGAZKIA:1 BAT:1 EGUZKI:1 KOROA:1 IKUSI:1 PROGRAMA:1 GUZTIAK:1 IRA:1 MAR:1 ABE:1 HONETATIK:1 BALIABIDE:1 ARGAZKI:1 BAITA:1 DAUDE:1 COPYRIGHT:1
https://zientzia.eus/multimedia/caf-elhuyar-sariak-2018/	ZIENTZIA:4 BIZITZA:3 BIOLOGIA:1 JOAN:5 KLIMA:1 LURRA:1 URA:1 ENERGIA:1 TEKNOLOGIA:4 INGENIARITZA:1 ZIENTZIAK:1 HEZKUNTZA:3 FISIKA:1 KIMIKA:1 MATEMATIKA:1 ASTRONOMIA:1 GAI:2 JARRAITU:2 ZURE:5 ETXEAN:1 JASO:3 NAHI:1 DUZU:1 GURI:1 BURUZ:1 NOR:3 GARA:2 POLITIKA:2 VOUS:1 CONTENT:1 YOU:1 WANT:1 CONTINUE:1 YES:1 ITZULPEN:1 FRANCAIS:1 BANATU:1 DIRA:2 EGIN:2 JAUZI:1 ETA:7 SORTU:1 ZEN:1 AURTEN:1 AUSARTU:1 ZUZEN:1 EGITEN:2 LANA:1 BAITA:2 BAT:2 ERE:2 ENTZUN:2 ASTEROKO:2 SARRERA:2 AIRE:1 BURMUIN:1 NAZIOARTEKO:1 EGUNA:1 SCIENCE:1 REN:1 EGUZKI:1 KOROA:1 IKUSI:1 PROGRAMA:1 GUZTIAK:1 IRA:1 MAR:1 ABE:1 HONETATIK:1 BALIABIDE:1 ARGAZKI:1 DAUDE:1 COPYRIGHT:1
https://zientzia.eus/multimedia/gorilak-eta-txinpantzeak/	ETA:10 ZIENTZIA:3 BIZITZA:4 BIOLOGIA:1 JOAN:5 KLIMA:1 LURRA:1 URA:1 ENERGIA:1 TEKNOLOGIA:3 INGENIARITZA:1 ZIENTZIAK:2 HEZKUNTZA:3 FISIKA:1 KIMIKA:1 MATEMATIKA:1 ASTRONOMIA:1 GAI:2 JARRAITU:2 ZURE:5 ETXEAN:1 JASO:3 NAHI:1 DUZU:1 GURI:1 BURUZ:1 NOR:3 GARA:2 POLITIKA:2 VOUS:1 CONTENT:1 YOU:1 WANT:1 CONTINUE:1 YES:1 ITZULPEN:1 FRANCAIS:1 BAINO:2 GORILA:1 DAUDE:3 HAIEN:1 EGOERA:1 BATEZ:1 ERE:2 HIRU:1 UKITU:1 BAINA:1 DIRA:2 ENTZUN:2 ASTEROKO:2 SARRERA:2 EUSKAL:1 HORRELA:1 KOROA:2 AZKEN:1 BAT:1 EGUZKI:1 IKUSI:1 PROGRAMA:1 GUZTIAK:1 IRA:1 MAR:1 ABE:1 HONETATIK:1 BALIABIDE:1 ARGAZKI:1 BAITA:1 COPYRIGHT:1
https://zientzia.eus/multimedia/onkologoak-eztabaidan/	ZIENTZIA:3 BIZITZA:3 BIOLOGIA:2 JOAN:5 KLIMA:1 LURRA:1 URA:1 ENERGIA:1 TEKNOLOGIA:3 INGENIARITZA:1 ZIENTZIAK:1 HEZKUNTZA:3 FISIKA:1 KIMIKA:1 MATEMATIKA:1 ASTRONOMIA:1 GAI:2 JARRAITU:2 ZURE:5 ETXEAN:1 JASO:3 NAHI:1 DUZU:1 GURI:1 BURUZ:2 NOR:3 GARA:2 POLITIKA:2 VOUS:1 CONTENT:1 YOU:1 WANT:1 CONTINUE:1 YES:1 ITZULPEN:1 FRANCAIS:1 AZKEN:1 BAT:2 PIZTU:1 BERRI:1 ETA:7 ASKO:1 ARI:1 BAINA:1 GAUR:1 EGUN:1 ARRAKASTA:1 ADITU:1 OIHARTZUN:1 ZAIO:1 EMAITZAK:1 ENTZUN:2 ASTEROKO:2 SARRERA:2 DAGO:1 ESKER:1 DESAGERTU:1 DIRA:2 LEPOKO:1 ARIKETA:1 EGUZKI:1 KOROA:1 IKUSI:1 PROGRAMA:1 GUZTIAK:1 IRA:1 MAR:1 ABE:1 HONETATIK:1 BALIABIDE:1 ARGAZKI:1 BAITA:1 ERE:1 DAUDE:1 COPYRIGHT:1
https://zientzia.eus/multimedia/neandertalak-eta-gizaki-modernoak-eremu-kantauriar/	ETA:12 GIZAKI:2 ZIENTZIA:3 BIZITZA:3 BIOLOGIA:1 JOAN:5 KLIMA:1 LURRA:1 URA:1 ENERGIA:1 TEKNOLOGIA:3 INGENIARITZA:1 ZIENTZIAK:1 HEZKUNTZA:3 FISIKA:2 KIMIKA:1 MATEMATIKA:1 ASTRONOMIA:2 GAI:2 JARRAITU:2 ZURE:5 ETXEAN:1 JASO:3 NAHI:1 DUZU:1 GURI:1 BURUZ:1 NOR:3 GARA:2 POLITIKA:2 VOUS:1 CONTENT:1 YOU:1 WANT:1 CONTINUE:1 YES:1 ITZULPEN:1 FRANCAIS:1 BIZI:1 IZAN:2 ZIREN:2 AZKEN:1 LEHEN:1 HOMO:1 IKERTU:1 DUTE:1 ONDORIO:1 HONETARA:1 IRITSI:1 DIRA:2 BESTE:2 LEKU:1 BATZUETAN:1 BEZALA:1 OSO:1 DENBORA:1 TARTE:1 EGIN:1 BAT:2 BERAZ:1 AUKERA:1 ENTZUN:2 ASTEROKO:2 SARRERA:2 ARGAZKIA:1 KONTU:1 ZITUZTEN:1 EHIZTARI:1 EGUZKI:1 KOROA:1 IKUSI:1 PROGRAMA:1 GUZTIAK:1 IRA:1 MAR:1 ABE:1 HONETATIK:1 BALIABIDE:1 ARGAZKI:1 BAITA:1 ERE:1 DAUDE:1 COPYRIGHT:1
https://zientzia.eus/multimedia/etna-sumendia-labaintzen-ari-da/	ARI:6 ZIENTZIA:3 BIZITZA:3 BIOLOGIA:1 JOAN:5 KLIMA:1 LURRA:1 URA:2 ENERGIA:1 TEKNOLOGIA:3 INGENIARITZA:1 ZIENTZIAK:1 HEZKUNTZA:3 FISIKA:1 KIMIKA:1 MATEMATIKA:1 ASTRONOMIA:1 GAI:2 JARRAITU:2 ZURE:5 ETXEAN:1 JASO:3 NAHI:1 DUZU:1 GURI:1 BURUZ:1 NOR:3 GARA:2 POLITIKA:2 VOUS:1 CONTENT:1 YOU:1 WANT:1 CONTINUE:1 YES:1 ITZULPEN:1 FRANCAIS:1 DUTE:1 MALDA:1 TXIKI:1 BATEN:1 ETA:8 OSO:1 EGITEN:1 DAGO:2 BERAZ:1 HAN:1 BIZI:1 BAINA:1 ZUZENDU:1 ENTZUN:2 ASTEROKO:2 SARRERA:2 GOI:1 MENDIKO:1 DIRA:2 MENDIETAN:1 ARGAZKIA:1 BAT:1 EGUZKI:1 KOROA:1 IKUSI:1 PROGRAMA:1 GUZTIAK:1 IRA:1 MAR:1 ABE:1 HONETATIK:1 BALIABIDE:1 ARGAZKI:1 BAITA:1 ERE:1 DAUDE:1 COPYRIGHT:1
https://zientzia.eus/multimedia/ozeano-bareko-plastikozko-uhartea-gero-eta-handiag/	OZEANO:3 GERO:2 ETA:8 ZIENTZIA:3 BIZITZA:3 BIOLOGIA:1 JOAN:5 KLIMA:1 LURRA:1 URA:3 ENERGIA:1 TEKNOLOGIA:3 INGENIARITZA:1 ZIENTZIAK:1 HEZKUNTZA:3 FISIKA:1 KIMIKA:1 MATEMATIKA:1 ASTRONOMIA:1 GAI:2 JARRAITU:2 ZURE:5 ETXEAN:1 JASO:3 NAHI:1 DUZU:1 GURI:1 BURUZ:1 NOR:3 GARA:2 POLITIKA:2 VOUS:1 CONTENT:1 YOU:1 WANT:1 CONTINUE:1 YES:1 ITZULPEN:1 FRANCAIS:1 AZKEN:1 ARABERA:1 BAINO:2 ARE:1 ARTEAN:1 PLASTIKO:1 HAU:1 EUSKAL:1 HERRIA:1 HORREN:1 EMAN:1 ANA:1 ENTZUN:2 ASTEROKO:2 SARRERA:2 GOI:1 MENDIKO:1 ARI:1 DIRA:2 MENDIETAN:1 ARGAZKIA:1 BAT:1 EGUZKI:1 KOROA:1 IKUSI:1 PROGRAMA:1 GUZTIAK:1 IRA:1 MAR:1 ABE:1 HONETATIK:1 BALIABIDE:1 ARGAZKI:1 BAITA:1 ERE:1 DAUDE:1 COPYRIGHT:1
https://zientzia.eus/multimedia/zulo-beltz-txiki-ugari-galaxiaren-erdialdean/	ZULO:4 BELTZ:4 TXIKI:3 ZIENTZIA:3 BIZITZA:3 BIOLOGIA:4 JOAN:5 KLIMA:1 LURRA:1 URA:1 ENERGIA:1 TEKNOLOGIA:3 INGENIARITZA:1 ZIENTZIAK:1 HEZKUNTZA:3 FISIKA:1 KIMIKA:1 MATEMATIKA:1 ASTRONOMIA:6 GAI:2 JARRAITU:2 ZURE:5 ETXEAN:1 JASO:3 NAHI:1 DUZU:1 GURI:1 BURUZ:1 NOR:3 GARA:2 POLITIKA:2 VOUS:1 CONTENT:1 YOU:1 WANT:1 CONTINUE:1 YES:1 ITZULPEN:1 FRANCAIS:1 ESNE:1 ETA:7 ARGI:1 DAGOEN:1 DOZENA:1 BAT:3 DITU:1 ASTRONOMO:1 TALDE:1 BATEK:1 IZAN:1 DUTE:2 ENTZUN:2 ASTEROKO:2 SARRERA:2 EGUZKI:2 JOTA:1 ARGAZKIA:1 LEHOI:1 NEBULOSA:1 HEGO:1 KOROA:1 IKUSI:1 PROGRAMA:1 GUZTIAK:1 IRA:1 MAR:1 ABE:1 HONETATIK:1 DIRA:1 BALIABIDE:1 ARGAZKI:1 BAITA:1 ERE:1 DAUDE:1 COPYRIGHT:1
https://zientzia.eus/multimedia/arkeologia-eta-egurra/	ARKEOLOGIA:2 ETA:6 ZIENTZIA:3 BIZITZA:3 BIOLOGIA:1 JOAN:5 KLIMA:1 LURRA:1 URA:1 ENERGIA:1 TEKNOLOGIA:3 INGENIARITZA:1 ZIENTZIAK:6 HEZKUNTZA:3 FISIKA:1 KIMIKA:1 MATEMATIKA:1 ASTRONOMIA:2 GAI:2 JARRAITU:2 ZURE:5 ETXEAN:1 JASO:3 NAHI:1 DUZU:1 GURI:1 BURUZ:1 NOR:3 GARA:2 POLITIKA:2 VOUS:1 CONTENT:1 YOU:1 WANT:1 CONTINUE:1 YES:1 ITZULPEN:1 FRANCAIS:1 DUELA:1 AURKITU:2 DUTE:1 BESTE:1 BOST:1 BAKARRIK:1 HONETAN:1 TRESNA:1 BAT:2 ENTZUN:2 ASTEROKO:2 SARRERA:2 EGUZKI:2 JOTA:1 BAINO:1 ZIREN:1 NIRE:1 GAIXOTASUN:1 KOROA:1 IKUSI:1 PROGRAMA:1 GUZTIAK:1 IRA:1 MAR:1 ABE:1 HONETATIK:1 DIRA:1 BALIABIDE:1 ARGAZKI:1 BAITA:1 ERE:1 DAUDE:1 COPYRIGHT:1
https://zientzia.eus/multimedia/garagardoa-lupulurik-gabe/	GARAGARDOA:3 GABE:3 ZIENTZIA:3 BIZITZA:3 BIOLOGIA:2 JOAN:5 KLIMA:1 LURRA:1 URA:1 ENERGIA:1 TEKNOLOGIA:3 INGENIARITZA:1 ZIENTZIAK:1 HEZKUNTZA:3 FISIKA:1 KIMIKA:1 MATEMATIKA:1 ASTRONOMIA:1 GAI:2 JARRAITU:2 ZURE:5 ETXEAN:1 JASO:3 NAHI:1 DUZU:1 GURI:1 BURUZ:1 NOR:3 GARA:2 POLITIKA:2 VOUS:1 CONTENT:1 YOU:1 WANT:1 CONTINUE:1 YES:1 ITZULPEN:1 FRANCAIS:1 LORTU:1 DUTE:2 MOLEKULA:1 DITU:1 ENTZUN:2 ETA:4 ASTEROKO:2 SARRERA:2 LEHEN:1 ZELULA:1 SORTU:1 ERLOJU:1 BAT:2 NOLA:1 ARI:1 BIZKAR:1 EGUZKI:1 KOROA:1 IKUSI:1 PROGRAMA:1 GUZTIAK:1 IRA:1 MAR:1 ABE:1 HONETATIK:1 DIRA:1 BALIABIDE:1 ARGAZKI:1 BAITA:1 ERE:1 DAUDE:1 COPYRIGHT:1
https://zientzia.eus/multimedia/stephen-hawking-hil-da/	HIL:2 ZIENTZIA:3 BIZITZA:3 BIOLOGIA:1 JOAN:5 KLIMA:1 LURRA:1 URA:1 ENERGIA:1 TEKNOLOGIA:3 INGENIARITZA:1 ZIENTZIAK:1 HEZKUNTZA:3 FISIKA:4 KIMIKA:1 MATEMATIKA:1 ASTRONOMIA:5 GAI:2 JARRAITU:2 ZURE:5 ETXEAN:1 JASO:3 NAHI:2 DUZU:1 GURI:1 BURUZ:1 NOR:3 GARA:2 POLITIKA:2 VOUS:1 CONTENT:1 YOU:1 WANT:1 CONTINUE:1 YES:1 ITZULPEN:1 FRANCAIS:1 BAT:3 ZEN:1 ZIENTZIAREN:1 BAINA:1 ZEIN:1 HAREN:1 EKARPEN:1 ZITUEN:1 HORREK:1 ESAN:1 GARATU:1 BATEZ:1 ERE:2 ZULO:1 BELTZEN:1 GABE:1 ENTZUN:2 ETA:4 ASTEROKO:2 SARRERA:2 EGUZKI:2 BATEN:1 LORTU:1 DITUZTE:1 AURKITU:2 DUTE:2 IZAR:1 OSO:1 GALAXIA:1 BATEAN:1 KOROA:1 IKUSI:1 PROGRAMA:1 GUZTIAK:1 IRA:1 MAR:1 ABE:1 HONETATIK:1 DIRA:1 BALIABIDE:1 ARGAZKI:1 BAITA:1 DAUDE:1 COPYRIGHT:1
https://zientzia.eus/multimedia/estatubatuarrak-ilargira-itzultzea-nahi-du-trumpek/	NAHI:3 ZIENTZIA:3 BIZITZA:3 BIOLOGIA:1 JOAN:5 KLIMA:1 LURRA:1 URA:2 ENERGIA:1 TEKNOLOGIA:3 INGENIARITZA:1 ZIENTZIAK:1 HEZKUNTZA:3 FISIKA:1 KIMIKA:1 MATEMATIKA:1 ASTRONOMIA:1 GAI:2 JARRAITU:2 ZURE:5 ETXEAN:1 JASO:3 DUZU:1 GURI:1 BURUZ:1 NOR:3 GARA:2 POLITIKA:2 VOUS:1 CONTENT:1 YOU:1 WANT:1 CONTINUE:1 YES:1 ITZULPEN:1 FRANCAIS:1 ETA:6 AURTEN:1 EGINGO:1 GAIN:1 ANA:1 ENTZUN:2 ASTEROKO:2 SARRERA:2 GOI:1 MENDIKO:1 ARI:1 DIRA:2 MENDIETAN:1 ARGAZKIA:1 BAT:1 EGUZKI:1 KOROA:1 IKUSI:1 PROGRAMA:1 GUZTIAK:1 IRA:1 MAR:1 ABE:1 HONETATIK:1 BALIABIDE:1 ARGAZKI:1 BAITA:1 ERE:1 DAUDE:1 COPYRIGHT:1
https://zientzia.eus/multimedia/iberiar-penintsulako-neolito-ondorengo-migrazioak/	ZIENTZIA:3 BIZITZA:3 BIOLOGIA:1 JOAN:5 KLIMA:1 LURRA:1 URA:2 ENERGIA:1 TEKNOLOGIA:3 INGENIARITZA:1 ZIENTZIAK:2 HEZKUNTZA:3 FISIKA:1 KIMIKA:1 MATEMATIKA:1 ASTRONOMIA:1 GAI:2 JARRAITU:2 ZURE:5 ETXEAN:1 JASO:3 NAHI:1 DUZU:1 GURI:1 BURUZ:1 NOR:3 GARA:2 POLITIKA:2 VOUS:1 CONTENT:1 YOU:1 WANT:1 CONTINUE:1 YES:1 ITZULPEN:1 FRANCAIS:1 ETA:7 DIETA:1 AZTERTU:1 DITUZTE:1 DATU:1 HORRI:1 ESKER:1 BERRETSI:1 DUTE:1 BESTE:1 IRITSI:1 ZIREN:1 LEHEN:1 EUSKALDUNAK:1 ENTZUN:2 ASTEROKO:2 SARRERA:2 GOI:1 MENDIKO:1 ARI:1 DIRA:2 MENDIETAN:1 ARGAZKIA:1 BAT:1 EGUZKI:1 KOROA:1 IKUSI:1 PROGRAMA:1 GUZTIAK:1 IRA:1 MAR:1 ABE:1 HONETATIK:1 BALIABIDE:1 ARGAZKI:1 BAITA:1 ERE:1 DAUDE:1 COPYRIGHT:1
https://zientzia.eus/multimedia/antimateria-furgoneta-batean/	BATEAN:3 ZIENTZIA:3 BIZITZA:3 BIOLOGIA:1 JOAN:5 KLIMA:1 LURRA:1 URA:1 ENERGIA:1 TEKNOLOGIA:3 INGENIARITZA:1 ZIENTZIAK:1 HEZKUNTZA:3 FISIKA:5 KIMIKA:1 MATEMATIKA:2 ASTRONOMIA:1 GAI:2 JARRAITU:2 ZURE:5 ETXEAN:1 JASO:3 NAHI:2 DUZU:1 GURI:1 BURUZ:1 NOR:3 GARA:2 POLITIKA:2 VOUS:1 CONTENT:1 YOU:1 WANT:1 CONTINUE:1 YES:1 ITZULPEN:1 FRANCAIS:1 IKERTU:1 DITUZTE:1 BAINA:1 ETA:9 DIRA:2 TOKI:1 BERA:1 METRO:1 DAGO:1 BAT:2 EGIN:1 BEHAR:1 DUTE:1 OSO:1 ENTZUN:2 ASTEROKO:2 SARRERA:2 BESTE:1 KONTU:1 ADIMEN:1 ONDOREN:1 DORRE:1 EGUZKI:1 KOROA:1 IKUSI:1 PROGRAMA:1 GUZTIAK:1 IRA:1 MAR:1 ABE:1 HONETATIK:1 BALIABIDE:1 ARGAZKI:1 BAITA:1 ERE:1 DAUDE:1 COPYRIGHT:1
https://zientzia.eus/multimedia/lehen-izarren-seinalea/	LEHEN:3 ZIENTZIA:3 BIZITZA:3 BIOLOGIA:1 JOAN:5 KLIMA:1 LURRA:1 URA:1 ENERGIA:1 TEKNOLOGIA:3 INGENIARITZA:1 ZIENTZIAK:4 HEZKUNTZA:3 FISIKA:1 KIMIKA:1 MATEMATIKA:1 ASTRONOMIA:5 GAI:2 JARRAITU:2 ZURE:5 ETXEAN:1 JASO:3 NAHI:1 DUZU:1 GURI:1 BURUZ:1 NOR:3 GARA:2 POLITIKA:2 VOUS:1 CONTENT:1 YOU:1 WANT:1 CONTINUE:1 YES:1 ITZULPEN:1 FRANCAIS:1 DUTE:3 ETA:6 BIG:1 HIDROGENO:1 ERAKUTSI:1 GARAI:1 BAITA:2 BAINO:1 ERE:2 ENTZUN:2 ASTEROKO:2 SARRERA:2 EGUZKI:2 BATEN:1 LORTU:1 DITUZTE:1 AURKITU:2 IZAR:1 BAT:2 OSO:1 GALAXIA:1 BATEAN:1 KOROA:1 IKUSI:1 PROGRAMA:1 GUZTIAK:1 IRA:1 MAR:1 ABE:1 HONETATIK:1 DIRA:1 BALIABIDE:1 ARGAZKI:1 DAUDE:1 COPYRIGHT:1
https://zientzia.eus/multimedia/grafenoa-konektatu/	ZIENTZIA:3 BIZITZA:4 BIOLOGIA:1 JOAN:5 KLIMA:1 LURRA:1 URA:1 ENERGIA:1 TEKNOLOGIA:3 INGENIARITZA:1 ZIENTZIAK:2 HEZKUNTZA:3 FISIKA:1 KIMIKA:1 MATEMATIKA:1 ASTRONOMIA:1 GAI:2 JARRAITU:2 ZURE:5 ETXEAN:1 JASO:3 NAHI:1 DUZU:1 GURI:1 BURUZ:1 NOR:3 GARA:2 POLITIKA:2 VOUS:1 CONTENT:1 YOU:1 WANT:1 CONTINUE:1 YES:1 ITZULPEN:1 FRANCAIS:1 LEHEN:1 DUTE:2 BESTE:1 MOLEKULA:1 ELEKTRONIKO:1 BAT:2 ETA:6 BATERA:1 ENTZUN:2 ASTEROKO:2 SARRERA:2 EUSKAL:1 HORRELA:1 KOROA:2 AZKEN:1 EGUZKI:1 IKUSI:1 PROGRAMA:1 GUZTIAK:1 IRA:1 MAR:1 ABE:1 HONETATIK:1 DIRA:1 BALIABIDE:1 ARGAZKI:1 BAITA:1 ERE:1 DAUDE:1 COPYRIGHT:1
https://zientzia.eus/multimedia/zahartzean-minbizi-arriskua-areagotzeko-arrazoia/	MINBIZI:2 ZIENTZIA:3 BIZITZA:3 BIOLOGIA:2 JOAN:5 KLIMA:1 LURRA:1 URA:1 ENERGIA:1 TEKNOLOGIA:3 INGENIARITZA:1 ZIENTZIAK:1 HEZKUNTZA:3 FISIKA:1 KIMIKA:1 MATEMATIKA:1 ASTRONOMIA:1 GAI:2 JARRAITU:2 ZURE:5 ETXEAN:1 JASO:3 NAHI:1 DUZU:1 GURI:1 BURUZ:1 NOR:3 GARA:2 POLITIKA:2 VOUS:1 CONTENT:1 YOU:1 WANT:1 CONTINUE:1 YES:1 ITZULPEN:1 FRANCAIS:1 ETA:6 HORI:1 BAZEN:1 ERE:2 ARRAZOI:1 BESTE:1 BAT:2 IZAN:1 LITEKE:1 HORREN:1 BERRI:1 EMAN:1 ANA:1 ENTZUN:2 ASTEROKO:2 SARRERA:2 DAGO:1 ESKER:1 DESAGERTU:1 DIRA:2 LEPOKO:1 ARIKETA:1 EGUZKI:1 KOROA:1 IKUSI:1 PROGRAMA:1 GUZTIAK:1 IRA:1 MAR:1 ABE:1 HONETATIK:1 BALIABIDE:1 ARGAZKI:1 BAITA:1 DAUDE:1 COPYRIGHT:1
https://zientzia.eus/multimedia/adinarekin-minbizi-gehiago-izatearen-arrazoia-immu/	MINBIZI:2 IZAN:3 LITEKE:3 ZIENTZIA:3 BIZITZA:3 BIOLOGIA:7 JOAN:5 KLIMA:1 LURRA:1 URA:1 ENERGIA:1 TEKNOLOGIA:3 INGENIARITZA:1 ZIENTZIAK:2 HEZKUNTZA:3 FISIKA:1 KIMIKA:1 MATEMATIKA:1 ASTRONOMIA:1 GAI:2 JARRAITU:2 ZURE:5 ETXEAN:1 JASO:3 NAHI:1 DUZU:1 GURI:1 BURUZ:1 NOR:3 GARA:2 POLITIKA:2 VOUS:1 CONTENT:1 YOU:1 WANT:1 CONTINUE:1 YES:1 ITZULPEN:1 FRANCAIS:1 ETA:5 HORI:1 BAZEN:1 ERE:2 ARRAZOI:1 BESTE:1 BAT:2 ENTZUN:2 ASTEROKO:2 SARRERA:2 ESKER:1 AHAL:1 IZANGO:1 DUGU:1 GIRO:1 EGUZKI:1 KOROA:1 IKUSI:1 PROGRAMA:1 GUZTIAK:1 IRA:1 MAR:1 ABE:1 HONETATIK:1 DIRA:1 BALIABIDE:1 ARGAZKI:1 BAITA:1 DAUDE:1 COPYRIGHT:1
https://zientzia.eus/multimedia/zientziako-emakume-eta-nesken-nazioarteko-egunaz/	EMAKUME:3 ETA:8 NESKEN:3 NAZIOARTEKO:3 EGUNA:2 ZIENTZIA:4 BIZITZA:3 BIOLOGIA:1 JOAN:5 KLIMA:1 LURRA:1 URA:1 ENERGIA:3 TEKNOLOGIA:3 INGENIARITZA:1 ZIENTZIAK:1 HEZKUNTZA:3 FISIKA:1 KIMIKA:1 MATEMATIKA:1 ASTRONOMIA:2 GAI:2 JARRAITU:2 ZURE:5 ETXEAN:1 JASO:3 NAHI:1 DUZU:1 GURI:1 BURUZ:1 NOR:3 GARA:2 POLITIKA:2 VOUS:1 CONTENT:1 YOU:1 WANT:1 CONTINUE:1 YES:1 ITZULPEN:1 FRANCAIS:1 GOGOETA:1 ANA:1 HARIRA:1 ENTZUN:2 ASTEROKO:2 SARRERA:2 EGUZKI:2 JOTA:1 SCIENCE:1 REN:1 NIRE:1 GAIXOTASUN:1 BAT:1 KOROA:1 IKUSI:1 PROGRAMA:1 GUZTIAK:1 IRA:1 MAR:1 ABE:1 HONETATIK:1 DIRA:1 BALIABIDE:1 ARGAZKI:1 BAITA:1 ERE:1 DAUDE:1 COPYRIGHT:1
https://zientzia.eus/multimedia/karramarro-alemaniarra/	KARRAMARRO:3 ZIENTZIA:3 BIZITZA:4 BIOLOGIA:1 JOAN:5 KLIMA:1 LURRA:1 URA:1 ENERGIA:1 TEKNOLOGIA:3 INGENIARITZA:1 ZIENTZIAK:2 HEZKUNTZA:3 FISIKA:1 KIMIKA:1 MATEMATIKA:1 ASTRONOMIA:1 GAI:2 JARRAITU:2 ZURE:5 ETXEAN:1 JASO:3 NAHI:1 DUZU:1 GURI:1 BURUZ:1 NOR:3 GARA:2 POLITIKA:2 VOUS:1 CONTENT:1 YOU:1 WANT:1 CONTINUE:1 YES:1 ITZULPEN:1 FRANCAIS:1 ESPEZIE:2 BERRI:1 BAT:2 DUTE:1 SORTU:1 ZEN:1 PROZESU:1 BATEN:1 OSO:1 GAUR:1 EGUN:1 ARI:1 AZKAR:1 ENTZUN:2 ETA:5 ASTEROKO:2 SARRERA:2 EUSKAL:1 HORRELA:1 KOROA:2 AZKEN:1 EGUZKI:1 IKUSI:1 PROGRAMA:1 GUZTIAK:1 IRA:1 MAR:1 ABE:1 HONETATIK:1 DIRA:1 BALIABIDE:1 ARGAZKI:1 BAITA:1 ERE:1 DAUDE:1 COPYRIGHT:1
https://zientzia.eus/multimedia/marrazoa-eta-itsas-belarra/	MARRAZOA:2 ETA:8 ZIENTZIA:3 BIZITZA:3 BIOLOGIA:1 JOAN:5 KLIMA:1 LURRA:1 URA:1 ENERGIA:1 TEKNOLOGIA:3 INGENIARITZA:1 ZIENTZIAK:1 HEZKUNTZA:3 FISIKA:2 KIMIKA:1 MATEMATIKA:2 ASTRONOMIA:1 GAI:3 JARRAITU:2 ZURE:5 ETXEAN:1 JASO:3 NAHI:1 DUZU:1 GURI:1 BURUZ:1 NOR:3 GARA:2 POLITIKA:2 VOUS:1 CONTENT:1 YOU:1 WANT:1 CONTINUE:1 YES:1 ITZULPEN:1 FRANCAIS:1 MARRAZO:3 ESPEZIEA:1 DUELA:1 URTE:1 ZIENTZIALARI:1 BATEK:1 AURKITU:1 ZUEN:1 ALGA:1 BATEAN:1 ESPERIMENTU:1 BAT:3 EGIN:1 DUTE:1 BERE:1 BAINA:1 ENTZUN:2 ASTEROKO:2 SARRERA:2 ADIMEN:3 DORRE:1 EGUZKI:1 KOROA:1 IKUSI:1 PROGRAMA:1 GUZTIAK:1 IRA:1 MAR:1 ABE:1 HONETATIK:1 DIRA:1 BALIABIDE:1 ARGAZKI:1 BAITA:1 ERE:1 DAUDE:1 COPYRIGHT:1
https://zientzia.eus/multimedia/afrikatik-kanpo-aurkitu-diren-gizaki-modernoen-arr/	AURKITU:3 GIZAKI:3 ZIENTZIA:3 BIZITZA:3 BIOLOGIA:1 JOAN:5 KLIMA:1 LURRA:1 URA:1 ENERGIA:1 TEKNOLOGIA:3 INGENIARITZA:1 ZIENTZIAK:1 HEZKUNTZA:3 FISIKA:2 KIMIKA:1 MATEMATIKA:1 ASTRONOMIA:2 GAI:2 JARRAITU:2 ZURE:5 ETXEAN:1 JASO:3 NAHI:1 DUZU:1 GURI:1 BURUZ:1 NOR:3 GARA:2 POLITIKA:2 VOUS:1 CONTENT:1 YOU:1 WANT:1 CONTINUE:1 YES:1 ITZULPEN:1 FRANCAIS:1 EKIALDE:1 AZTARNA:1 BERRI:1 JARRI:1 DUTE:1 BAINO:1 LEHENAGO:1 ATERA:1 ETA:8 URTE:1 BITARTEAN:1 DITUZTE:1 GURE:1 ENTZUN:2 ASTEROKO:2 SARRERA:2 ARGAZKIA:1 BESTE:1 KONTU:1 ZITUZTEN:1 EHIZTARI:1 ZIREN:1 BAT:1 EGUZKI:1 KOROA:1 IKUSI:1 PROGRAMA:1 GUZTIAK:1 IRA:1 MAR:1 ABE:1 HONETATIK:1 DIRA:1 BALIABIDE:1 ARGAZKI:1 BAITA:1 ERE:1 DAUDE:1 COPYRIGHT:1
https://zientzia.eus/multimedia/aste-osoko-boitkak-pilula-bakarrean/	ASTE:3 OSOKO:2 ZIENTZIA:3 BIZITZA:3 BIOLOGIA:1 JOAN:5 KLIMA:1 LURRA:1 URA:1 ENERGIA:1 TEKNOLOGIA:3 INGENIARITZA:1 ZIENTZIAK:1 HEZKUNTZA:3 FISIKA:1 KIMIKA:1 MATEMATIKA:1 ASTRONOMIA:1 GAI:2 JARRAITU:2 ZURE:5 ETXEAN:1 JASO:3 NAHI:1 DUZU:1 GURI:1 BURUZ:1 NOR:3 GARA:2 POLITIKA:2 VOUS:1 CONTENT:1 YOU:1 WANT:1 CONTINUE:1 YES:1 ITZULPEN:1 FRANCAIS:1 OSORAKO:1 ASMATU:1 DUTE:2 EGUNERO:1 HARTU:1 BAKARRIK:1 BAT:2 GARATU:1 ENTZUN:2 ETA:4 ASTEROKO:2 SARRERA:2 DAGO:1 ESKER:1 DESAGERTU:1 DIRA:2 LEPOKO:1 OSASUN:1 ZEIN:1 LEHEN:1 ADIN:1 EGUZKI:1 KOROA:1 IKUSI:1 PROGRAMA:1 GUZTIAK:1 IRA:1 MAR:1 ABE:1 HONETATIK:1 BALIABIDE:1 ARGAZKI:1 BAITA:1 ERE:1 DAUDE:1 COPYRIGHT:1
https://zientzia.eus/multimedia/edari-energetikoak-kaltegarriak-osasunerako/	EDARI:3 ZIENTZIA:1 BIZITZA:3 BIOLOGIA:1 JOAN:5 KLIMA:1 LURRA:1 URA:1 ENERGIA:1 TEKNOLOGIA:3 INGENIARITZA:4 ZIENTZIAK:2 HEZKUNTZA:3 FISIKA:1 KIMIKA:1 MATEMATIKA:1 ASTRONOMIA:1 GAI:2 JARRAITU:2 ZURE:5 ETXEAN:1 JASO:3 NAHI:1 DUZU:1 GURI:1 BURUZ:1 NOR:3 GARA:2 POLITIKA:2 VOUS:1 CONTENT:1 YOU:1 WANT:1 CONTINUE:1 YES:1 ITZULPEN:1 FRANCAIS:1 BATEK:1 ERAKUTSI:1 ONDORIO:1 IZAN:1 BATEZ:1 ERE:2 ETA:5 BIHOTZ:1 TAUPADAK:1 BERRI:1 EMAN:1 ANA:1 ENTZUN:2 ZIENTZIAREN:1 ASTEROKO:2 SARRERA:2 BIZI:1 FROGATU:1 DUTE:1 BIZKAR:1 BIDAIA:1 LEHENGAI:1 BAT:1 EGUZKI:1 KOROA:1 IKUSI:1 PROGRAMA:1 GUZTIAK:1 IRA:1 MAR:1 ABE:1 HONETATIK:1 DIRA:1 BALIABIDE:1 ARGAZKI:1 BAITA:1 DAUDE:1 COPYRIGHT:1
https://zientzia.eus/multimedia/2017ko-aipagarrienak/	ZIENTZIA:1 BIZITZA:4 BIOLOGIA:1 JOAN:5 KLIMA:1 LURRA:1 URA:1 ENERGIA:1 TEKNOLOGIA:3 INGENIARITZA:1 ZIENTZIAK:2 HEZKUNTZA:3 FISIKA:1 KIMIKA:1 MATEMATIKA:1 ASTRONOMIA:1 GAI:2 JARRAITU:2 ZURE:5 ETXEAN:1 JASO:3 NAHI:1 DUZU:1 GURI:1 BURUZ:1 NOR:3 GARA:2 POLITIKA:2 VOUS:1 CONTENT:1 YOU:1 WANT:1 CONTINUE:1 YES:1 ITZULPEN:1 FRANCAIS:1 BEGIRA:1 DUGU:1 ARTEAN:1 DITUGU:1 ENTZUN:2 ETA:5 ASTEROKO:2 SARRERA:2 EUSKAL:1 HORRELA:1 KOROA:2 AZKEN:1 BAT:1 EGUZKI:1 IKUSI:1 PROGRAMA:1 GUZTIAK:1 IRA:1 MAR:1 ABE:1 HONETATIK:1 DIRA:1 BALIABIDE:1 ARGAZKI:1 BAITA:1 ERE:1 DAUDE:1 COPYRIGHT:1
https://zientzia.eus/multimedia/lurra-laua-balitz/	LURRA:5 LAUA:4 BALITZ:3 ZIENTZIA:1 BIZITZA:3 BIOLOGIA:1 JOAN:5 KLIMA:1 URA:1 ENERGIA:1 TEKNOLOGIA:3 INGENIARITZA:1 ZIENTZIAK:6 HEZKUNTZA:3 FISIKA:1 KIMIKA:1 MATEMATIKA:1 ASTRONOMIA:2 GAI:2 JARRAITU:2 ZURE:5 ETXEAN:1 JASO:3 NAHI:1 DUZU:1 GURI:1 BURUZ:1 NOR:3 GARA:2 POLITIKA:2 VOUS:1 CONTENT:1 YOU:1 WANT:1 CONTINUE:1 YES:1 ITZULPEN:1 FRANCAIS:1 DEZAGUN:2 BAINA:1 PLANETA:1 LAU:1 HORREK:1 ETA:6 BERAK:1 LUKE:1 ENTZUN:2 ZIENTZIAREN:1 ASTEROKO:2 SARRERA:2 EGUZKI:2 JOTA:1 BAINO:1 ZIREN:1 NIRE:1 GAIXOTASUN:1 BAT:1 KOROA:1 IKUSI:1 PROGRAMA:1 GUZTIAK:1 IRA:1 MAR:1 ABE:1 HONETATIK:1 DIRA:1 BALIABIDE:1 ARGAZKI:1 BAITA:1 ERE:1 DAUDE:1 COPYRIGHT:1
https://zientzia.eus/multimedia/zientzia-eta-teknologiarekiko-interesa-eaen/	ZIENTZIA:6 ETA:11 BIZITZA:3 BIOLOGIA:1 JOAN:5 KLIMA:1 LURRA:1 URA:1 ENERGIA:1 TEKNOLOGIA:3 INGENIARITZA:9 ZIENTZIAK:1 HEZKUNTZA:3 FISIKA:1 KIMIKA:1 MATEMATIKA:1 ASTRONOMIA:1 GAI:3 JARRAITU:2 ZURE:5 ETXEAN:1 JASO:3 NAHI:1 DUZU:1 GURI:1 BURUZ:1 NOR:3 GARA:2 POLITIKA:2 VOUS:1 CONTENT:1 YOU:1 WANT:1 CONTINUE:1 YES:1 ITZULPEN:1 FRANCAIS:1 BERRI:1 EUSKO:1 HAREN:1 ARABERA:1 AZKEN:1 BOST:1 HAZI:1 EGIN:1 ZUZEN:1 IZAN:1 ZEN:2 BEZALA:1 ORAIN:1 BERRIZ:1 HALA:1 BAINO:1 DUTE:1 ALDATU:1 ENTZUN:2 ASTEROKO:2 SARRERA:2 TREN:1 BIDAIA:1 ARE:1 EHUN:1 BAT:1 EGUZKI:1 KOROA:1 IKUSI:1 PROGRAMA:1 GUZTIAK:1 IRA:1 MAR:1 ABE:1 HONETATIK:1 DIRA:1 BALIABIDE:1 ARGAZKI:1 BAITA:1 ERE:1 DAUDE:1 COPYRIGHT:1
https://zientzia.eus/multimedia/zetazeoek-entzumen-moldagarria/	ENTZUMEN:2 ZIENTZIA:2 BIZITZA:3 BIOLOGIA:1 JOAN:5 KLIMA:1 LURRA:4 URA:1 ENERGIA:1 TEKNOLOGIA:4 INGENIARITZA:2 ZIENTZIAK:4 HEZKUNTZA:3 FISIKA:1 KIMIKA:1 MATEMATIKA:1 ASTRONOMIA:2 GAI:3 JARRAITU:2 ZURE:5 ETXEAN:1 JASO:3 NAHI:1 DUZU:1 GURI:1 BURUZ:1 NOR:3 GARA:2 POLITIKA:2 VOUS:1 CONTENT:1 YOU:1 WANT:1 CONTINUE:1 YES:1 ITZULPEN:2 FRANCAIS:1 DIE:1 BATEK:1 AURKITU:1 LAU:1 SOINU:1 ANIMALIA:1 ENTZUN:2 IKASI:1 ONDOREN:1 HASI:1 ZEN:1 URTE:2 ETA:11 DIHARDU:1 ERE:3 EGIN:4 DITU:1 ARI:1 GEHIENBAT:1 ZUZENDU:1 EMAN:1 TERMINOLOGIA:2 LAN:1 ASTEROKO:2 SARRERA:2 EGUZKI:2 JOTA:1 BAINO:1 ZIREN:1 NIRE:1 GAIXOTASUN:1 BAT:1 KOROA:1 IKUSI:1 PROGRAMA:1 GUZTIAK:1 IRA:1 MAR:1 ABE:1 HONETATIK:1 DIRA:1 BALIABIDE:1 ARGAZKI:1 BAITA:1 DAUDE:1 COPYRIGHT:1
https://zientzia.eus/multimedia/urruneneko-zulo-beltza/	ZULO:2 ZIENTZIA:3 BIZITZA:3 BIOLOGIA:1 JOAN:5 KLIMA:1 LURRA:1 URA:1 ENERGIA:1 TEKNOLOGIA:3 INGENIARITZA:1 ZIENTZIAK:1 HEZKUNTZA:3 FISIKA:1 KIMIKA:1 MATEMATIKA:1 ASTRONOMIA:7 GAI:2 JARRAITU:2 ZURE:5 ETXEAN:1 JASO:3 NAHI:1 DUZU:1 GURI:1 BURUZ:1 NOR:3 GARA:2 POLITIKA:2 VOUS:1 CONTENT:1 YOU:1 WANT:1 CONTINUE:1 YES:1 ITZULPEN:1 FRANCAIS:1 BAINO:1 MASA:1 BAT:3 DUTE:3 URTE:1 HORREN:1 BERRI:1 EMAN:1 ANA:1 ENTZUN:2 ETA:4 ASTEROKO:2 SARRERA:2 EGUZKI:2 BATEN:1 LORTU:1 DITUZTE:1 AURKITU:2 IZAR:1 OSO:1 GALAXIA:1 BATEAN:1 KOROA:1 IKUSI:1 PROGRAMA:1 GUZTIAK:1 IRA:1 MAR:1 ABE:1 HONETATIK:1 DIRA:1 BALIABIDE:1 ARGAZKI:1 BAITA:1 ERE:1 DAUDE:1 COPYRIGHT:1
https://zientzia.eus/multimedia/bakterio-erdisintetikoak-proteinak-sortzeko-gai/	GAI:5 ZIENTZIA:2 BIZITZA:3 BIOLOGIA:5 JOAN:5 KLIMA:1 LURRA:1 URA:1 ENERGIA:1 TEKNOLOGIA:4 INGENIARITZA:2 ZIENTZIAK:5 HEZKUNTZA:3 FISIKA:1 KIMIKA:1 MATEMATIKA:1 ASTRONOMIA:1 JARRAITU:2 ZURE:5 ETXEAN:1 JASO:3 NAHI:1 DUZU:1 GURI:1 BURUZ:1 NOR:3 GARA:2 POLITIKA:2 VOUS:1 CONTENT:1 YOU:1 WANT:1 CONTINUE:1 YES:1 ITZULPEN:2 FRANCAIS:1 KODE:2 DIRA:2 HORI:1 DITUZTE:1 HALA:1 BAT:2 IZAN:1 DAITEKE:1 ENTZUN:2 ZIENTZIAREN:1 IKASI:1 ONDOREN:1 HASI:1 ZEN:1 URTE:2 ETA:11 DIHARDU:1 ERE:3 EGIN:4 DITU:1 ARI:1 GEHIENBAT:1 ZUZENDU:1 EMAN:1 TERMINOLOGIA:2 LAN:1 ASTEROKO:2 SARRERA:2 ESKER:1 AHAL:1 IZANGO:1 DUGU:1 GIRO:1 EGUZKI:1 KOROA:1 IKUSI:1 PROGRAMA:1 GUZTIAK:1 IRA:1 MAR:1 ABE:1 HONETATIK:1 BALIABIDE:1 ARGAZKI:1 BAITA:1 DAUDE:1 COPYRIGHT:1
https://zientzia.eus/multimedia/zientzialarien-ohartarazpena-gizateriari/	ZIENTZIA:3 BIZITZA:3 BIOLOGIA:1 JOAN:5 KLIMA:1 LURRA:1 URA:2 ENERGIA:1 TEKNOLOGIA:3 INGENIARITZA:1 ZIENTZIAK:1 HEZKUNTZA:3 FISIKA:1 KIMIKA:1 MATEMATIKA:1 ASTRONOMIA:1 GAI:2 JARRAITU:2 ZURE:5 ETXEAN:1 JASO:3 NAHI:1 DUZU:1 GURI:1 BURUZ:1 NOR:3 GARA:2 POLITIKA:2 VOUS:1 CONTENT:1 YOU:1 WANT:1 CONTINUE:1 YES:1 ITZULPEN:1 FRANCAIS:1 BAINO:1 DOKUMENTU:1 BAT:2 HELBURU:1 ARGI:1 GURE:1 ARI:2 ENTZUN:2 ETA:5 ASTEROKO:2 SARRERA:2 GOI:1 MENDIKO:1 DIRA:2 MENDIETAN:1 ARGAZKIA:1 EGUZKI:1 KOROA:1 IKUSI:1 PROGRAMA:1 GUZTIAK:1 IRA:1 MAR:1 ABE:1 HONETATIK:1 BALIABIDE:1 ARGAZKI:1 BAITA:1 ERE:1 DAUDE:1 COPYRIGHT:1
https://zientzia.eus/multimedia/piramidearen-misterioak-detektagailuan/	ZIENTZIA:2 BIZITZA:3 BIOLOGIA:1 JOAN:5 KLIMA:1 LURRA:1 URA:1 ENERGIA:1 TEKNOLOGIA:4 INGENIARITZA:2 ZIENTZIAK:4 HEZKUNTZA:3 FISIKA:1 KIMIKA:1 MATEMATIKA:1 ASTRONOMIA:2 GAI:2 JARRAITU:2 ZURE:5 ETXEAN:1 JASO:3 NAHI:1 DUZU:1 GURI:1 BURUZ:1 NOR:3 GARA:2 POLITIKA:2 VOUS:1 CONTENT:1 YOU:1 WANT:1 CONTINUE:1 YES:1 ITZULPEN:2 FRANCAIS:1 BAT:4 AURKITU:1 DUTE:3 METRO:1 LUZE:1 ZULO:1 IZAN:1 ARI:2 ZUZEN:1 BAINA:1 DAGOEN:1 DIRA:2 HAIEN:1 IKUSI:2 ENTZUN:2 ZIENTZIAREN:1 IKASI:1 ONDOREN:1 HASI:1 ZEN:1 URTE:2 ETA:11 DIHARDU:1 ERE:3 EGIN:4 DITU:1 GEHIENBAT:1 ZUZENDU:1 EMAN:1 TERMINOLOGIA:2 LAN:1 ASTEROKO:2 SARRERA:2 EGUZKI:2 JOTA:1 BAINO:1 ZIREN:1 NIRE:1 GAIXOTASUN:1 KOROA:1 PROGRAMA:1 GUZTIAK:1 IRA:1 MAR:1 ABE:1 HONETATIK:1 BALIABIDE:1 ARGAZKI:1 BAITA:1 DAUDE:1 COPYRIGHT:1
https://zientzia.eus/multimedia/zientzialarien-bigarren-ohartarazpena-gizateriari/	BIGARREN:2 ZIENTZIA:2 BIZITZA:3 BIOLOGIA:1 JOAN:5 KLIMA:1 LURRA:1 URA:1 ENERGIA:1 TEKNOLOGIA:4 INGENIARITZA:2 ZIENTZIAK:6 HEZKUNTZA:3 FISIKA:1 KIMIKA:1 MATEMATIKA:1 ASTRONOMIA:2 GAI:2 JARRAITU:2 ZURE:5 ETXEAN:1 JASO:3 NAHI:1 DUZU:1 GURI:1 BURUZ:1 NOR:3 GARA:2 POLITIKA:2 VOUS:1 CONTENT:1 YOU:1 WANT:1 CONTINUE:1 YES:1 ITZULPEN:2 FRANCAIS:1 DUTE:1 GURE:1 ARI:2 ANA:1 EMAN:2 HORREN:1 BERRI:1 ENTZUN:2 IKASI:1 ONDOREN:1 HASI:1 ZEN:1 URTE:2 ETA:11 DIHARDU:1 ERE:3 EGIN:4 DITU:1 GEHIENBAT:1 ZUZENDU:1 TERMINOLOGIA:2 LAN:1 ASTEROKO:2 SARRERA:2 EGUZKI:2 JOTA:1 BAINO:1 ZIREN:1 NIRE:1 GAIXOTASUN:1 BAT:1 KOROA:1 IKUSI:1 PROGRAMA:1 GUZTIAK:1 IRA:1 MAR:1 ABE:1 HONETATIK:1 DIRA:1 BALIABIDE:1 ARGAZKI:1 BAITA:1 DAUDE:1 COPYRIGHT:1
https://zientzia.eus/multimedia/abian-dira-caf-elhuyar-sariak2/	ABIAN:2 DIRA:3 ZIENTZIA:3 BIZITZA:3 BIOLOGIA:1 JOAN:5 KLIMA:1 LURRA:1 URA:1 ENERGIA:1 TEKNOLOGIA:3 INGENIARITZA:1 ZIENTZIAK:1 HEZKUNTZA:3 FISIKA:1 KIMIKA:1 MATEMATIKA:1 ASTRONOMIA:1 GAI:2 JARRAITU:2 ZURE:5 ETXEAN:1 JASO:3 NAHI:2 DUZU:1 GURI:1 BURUZ:1 NOR:3 GARA:2 POLITIKA:2 VOUS:1 CONTENT:1 YOU:1 WANT:1 CONTINUE:1 YES:1 ITZULPEN:1 FRANCAIS:1 HARRI:1 BAT:2 BEZALA:1 FROGA:1 EDO:4 BATEK:1 ERAGIN:1 BERA:1 HURA:1 ALDATU:1 EGITEN:1 ETA:5 HALA:1 AURTEN:1 JAUZI:1 GONBIDATU:1 ZAITUZTEGU:1 BOTA:1 ZUEN:1 ALDATUKO:1 ENTZUN:2 ASTEROKO:2 SARRERA:2 AIRE:1 BURMUIN:1 NAZIOARTEKO:1 EGUNA:1 SCIENCE:1 REN:1 EGUZKI:1 KOROA:1 IKUSI:1 PROGRAMA:1 GUZTIAK:1 IRA:1 MAR:1 ABE:1 HONETATIK:1 BALIABIDE:1 ARGAZKI:1 BAITA:1 ERE:1 DAUDE:1 COPYRIGHT:1
https://zientzia.eus/multimedia/pirineotako-glaziarrak-gainbeheran/	ZIENTZIA:2 BIZITZA:3 BIOLOGIA:1 JOAN:5 KLIMA:1 LURRA:1 URA:1 ENERGIA:1 TEKNOLOGIA:4 INGENIARITZA:2 ZIENTZIAK:6 HEZKUNTZA:3 FISIKA:1 KIMIKA:1 MATEMATIKA:1 ASTRONOMIA:2 GAI:2 JARRAITU:2 ZURE:5 ETXEAN:1 JASO:3 NAHI:1 DUZU:1 GURI:1 BURUZ:1 NOR:3 GARA:2 POLITIKA:2 VOUS:1 CONTENT:1 YOU:1 WANT:1 CONTINUE:1 YES:1 ITZULPEN:2 FRANCAIS:1 BATEK:1 ERAKUTSI:1 DUTE:1 GAUR:1 EGUN:1 BAINO:2 HORREN:1 EMAITZAK:1 AZALDU:1 DITU:2 ANA:1 ENTZUN:2 IKASI:1 ONDOREN:1 HASI:1 ZEN:1 URTE:2 ETA:11 DIHARDU:1 ERE:3 EGIN:4 ARI:1 GEHIENBAT:1 ZUZENDU:1 EMAN:1 TERMINOLOGIA:2 LAN:1 ASTEROKO:2 SARRERA:2 EGUZKI:2 JOTA:1 ZIREN:1 NIRE:1 GAIXOTASUN:1 BAT:1 KOROA:1 IKUSI:1 PROGRAMA:1 GUZTIAK:1 IRA:1 MAR:1 ABE:1 HONETATIK:1 DIRA:1 BALIABIDE:1 ARGAZKI:1 BAITA:1 DAUDE:1 COPYRIGHT:1
https://zientzia.eus/multimedia/parabiosiaren-itxaropena/	ZIENTZIA:3 BIZITZA:4 BIOLOGIA:1 JOAN:5 KLIMA:1 LURRA:1 URA:1 ENERGIA:1 TEKNOLOGIA:3 INGENIARITZA:1 ZIENTZIAK:2 HEZKUNTZA:3 FISIKA:1 KIMIKA:1 MATEMATIKA:1 ASTRONOMIA:1 GAI:2 JARRAITU:2 ZURE:5 ETXEAN:1 JASO:3 NAHI:1 DUZU:1 GURI:1 BURUZ:1 NOR:3 GARA:2 POLITIKA:2 VOUS:1 CONTENT:1 YOU:1 WANT:1 CONTINUE:1 YES:1 ITZULPEN:1 FRANCAIS:1 LEHEN:1 SAIO:2 EGIN:2 DUTE:3 PERTSONA:2 ETA:6 EMAN:1 DITU:1 BAINA:1 SORTU:1 HONEK:1 ENTZUN:2 ASTEROKO:2 SARRERA:2 EUSKAL:1 HORRELA:1 KOROA:2 AZKEN:1 BAT:1 EGUZKI:1 IKUSI:1 PROGRAMA:1 GUZTIAK:1 IRA:1 MAR:1 ABE:1 HONETATIK:1 DIRA:1 BALIABIDE:1 ARGAZKI:1 BAITA:1 ERE:1 DAUDE:1 COPYRIGHT:1
https://zientzia.eus/multimedia/neutroi-izarren-talka/	TALKA:2 ZIENTZIA:2 BIZITZA:3 BIOLOGIA:1 JOAN:5 KLIMA:1 LURRA:1 URA:1 ENERGIA:1 TEKNOLOGIA:4 INGENIARITZA:2 ZIENTZIAK:4 HEZKUNTZA:3 FISIKA:1 KIMIKA:1 MATEMATIKA:1 ASTRONOMIA:5 GAI:2 JARRAITU:2 ZURE:5 ETXEAN:1 JASO:5 NAHI:1 DUZU:1 GURI:1 BURUZ:1 NOR:3 GARA:2 POLITIKA:2 VOUS:1 CONTENT:1 YOU:1 WANT:1 CONTINUE:1 YES:1 ITZULPEN:2 FRANCAIS:1 ETA:12 ORAIN:1 ARTE:1 ZEN:2 BAT:3 ZUTEN:2 IZAN:2 ERE:5 BATERA:1 ERRADIAZIO:1 AZKENEAN:1 TOPAKETA:1 ONDORIOZTATU:1 DUTE:3 LEHEN:1 ALDIA:1 BATEN:2 ENTZUN:2 IKASI:1 ONDOREN:1 HASI:1 URTE:2 DIHARDU:1 EGIN:4 DITU:1 ARI:1 GEHIENBAT:1 ZUZENDU:1 EMAN:1 TERMINOLOGIA:2 LAN:1 ASTEROKO:2 SARRERA:2 EGUZKI:2 LORTU:1 DITUZTE:1 AURKITU:2 IZAR:1 OSO:1 GALAXIA:1 BATEAN:1 KOROA:1 IKUSI:1 PROGRAMA:1 GUZTIAK:1 IRA:1 MAR:1 ABE:1 HONETATIK:1 DIRA:1 BALIABIDE:1 ARGAZKI:1 BAITA:1 DAUDE:1 COPYRIGHT:1
https://zientzia.eus/multimedia/ig-nobel-sariak-2017/	NOBEL:3 ZIENTZIA:3 BIZITZA:4 BIOLOGIA:1 JOAN:5 KLIMA:1 LURRA:1 URA:1 ENERGIA:1 TEKNOLOGIA:3 INGENIARITZA:1 ZIENTZIAK:2 HEZKUNTZA:3 FISIKA:1 KIMIKA:1 MATEMATIKA:1 ASTRONOMIA:1 GAI:3 JARRAITU:2 ZURE:5 ETXEAN:1 JASO:3 NAHI:1 DUZU:1 GURI:1 BURUZ:1 NOR:3 GARA:2 POLITIKA:2 VOUS:1 CONTENT:1 YOU:1 WANT:1 CONTINUE:1 YES:1 ITZULPEN:1 FRANCAIS:1 SARI:1 BAT:2 BALDINTZA:2 BETE:1 BEHAR:3 DITUZTE:1 DUTE:3 ETA:6 EGIN:1 BIGARREN:1 BERAZ:1 DAGO:1 KOSKA:1 ENTZUN:2 ASTEROKO:2 SARRERA:2 EUSKAL:1 HORRELA:1 KOROA:2 AZKEN:1 EGUZKI:1 IKUSI:1 PROGRAMA:1 GUZTIAK:1 IRA:1 MAR:1 ABE:1 HONETATIK:1 DIRA:1 BALIABIDE:1 ARGAZKI:1 BAITA:1 ERE:1 DAUDE:1 COPYRIGHT:1
https://zientzia.eus/multimedia/bideo-faltsu-detektaezinak/	FALTSU:3 ZIENTZIA:2 BIZITZA:3 BIOLOGIA:7 JOAN:5 KLIMA:1 LURRA:1 URA:1 ENERGIA:1 TEKNOLOGIA:4 INGENIARITZA:2 ZIENTZIAK:3 HEZKUNTZA:3 FISIKA:1 KIMIKA:1 MATEMATIKA:1 ASTRONOMIA:1 GAI:2 JARRAITU:2 ZURE:5 ETXEAN:1 JASO:3 NAHI:1 DUZU:1 GURI:1 BURUZ:1 NOR:3 GARA:2 POLITIKA:2 VOUS:1 CONTENT:1 YOU:1 WANT:1 CONTINUE:1 YES:1 ITZULPEN:2 FRANCAIS:1 DUTE:1 ADITUA:1 GAIN:1 BAT:2 ADIMEN:1 SOR:1 ENTZUN:2 ZIENTZIAREN:1 IKASI:1 ONDOREN:1 HASI:1 ZEN:1 URTE:2 ETA:11 DIHARDU:1 ERE:3 EGIN:4 DITU:1 ARI:1 GEHIENBAT:1 ZUZENDU:1 EMAN:1 TERMINOLOGIA:2 LAN:1 ASTEROKO:2 SARRERA:2 ESKER:1 AHAL:1 IZANGO:1 DUGU:1 GIRO:1 EGUZKI:1 KOROA:1 IKUSI:1 PROGRAMA:1 GUZTIAK:1 IRA:1 MAR:1 ABE:1 HONETATIK:1 DIRA:1 BALIABIDE:1 ARGAZKI:1 BAITA:1 DAUDE:1 COPYRIGHT:1
https://zientzia.eus/multimedia/2017ko-nobel-sarien-berri/	NOBEL:3 BERRI:2 ZIENTZIA:3 BIZITZA:3 BIOLOGIA:1 JOAN:5 KLIMA:1 LURRA:1 URA:1 ENERGIA:1 TEKNOLOGIA:3 INGENIARITZA:9 ZIENTZIAK:1 HEZKUNTZA:3 FISIKA:2 KIMIKA:2 MATEMATIKA:1 ASTRONOMIA:1 GAI:2 JARRAITU:2 ZURE:5 ETXEAN:1 JASO:3 NAHI:1 DUZU:1 GURI:1 BURUZ:1 NOR:3 GARA:2 POLITIKA:2 VOUS:1 CONTENT:1 YOU:1 WANT:1 CONTINUE:1 YES:1 ITZULPEN:1 FRANCAIS:1 DAGOENEKO:1 DIRA:3 GUK:1 BEGIRATZEN:1 DIEGU:1 EDO:1 ETA:6 AURTEN:1 IZAN:1 ENTZUN:2 ASTEROKO:2 SARRERA:2 TREN:1 BIDAIA:1 ARE:1 EHUN:1 BAT:1 EGUZKI:1 KOROA:1 IKUSI:1 PROGRAMA:1 GUZTIAK:1 IRA:1 MAR:1 ABE:1 HONETATIK:1 BALIABIDE:1 ARGAZKI:1 BAITA:1 ERE:1 DAUDE:1 COPYRIGHT:1
https://zientzia.eus/multimedia/2017ko-medikuntzako-nobel-saria/	NOBEL:3 ZIENTZIA:3 BIZITZA:3 BIOLOGIA:1 JOAN:5 KLIMA:1 LURRA:8 URA:1 ENERGIA:1 TEKNOLOGIA:3 INGENIARITZA:1 ZIENTZIAK:1 HEZKUNTZA:3 FISIKA:1 KIMIKA:1 MATEMATIKA:1 ASTRONOMIA:1 GAI:2 JARRAITU:2 ZURE:5 ETXEAN:1 JASO:3 NAHI:1 DUZU:1 GURI:1 BURUZ:1 NOR:3 GARA:2 POLITIKA:2 VOUS:1 CONTENT:1 YOU:1 WANT:1 CONTINUE:1 YES:1 ITZULPEN:1 FRANCAIS:1 HALL:1 ETA:5 YOUNG:1 DUTE:1 EDO:1 ANA:1 EMAN:1 DITU:2 BIDE:1 BATEZ:1 ERE:2 ENTZUN:2 ASTEROKO:2 SARRERA:2 EUSKO:1 BAINO:1 ALTXATU:1 ARGAZKIA:2 ASTEROIDE:1 TALKA:1 DATA:1 ZUZENEAN:1 BAT:1 EGUZKI:1 KOROA:1 IKUSI:1 PROGRAMA:1 GUZTIAK:1 IRA:1 MAR:1 ABE:1 HONETATIK:1 DIRA:1 BALIABIDE:1 ARGAZKI:1 BAITA:1 DAUDE:1 COPYRIGHT:1
https://zientzia.eus/multimedia/kolesterol-maila-jaisten-duen-txertoa/	KOLESTEROL:3 MAILA:3 ZIENTZIA:3 BIZITZA:3 BIOLOGIA:1 JOAN:5 KLIMA:1 LURRA:1 URA:1 ENERGIA:1 TEKNOLOGIA:3 INGENIARITZA:1 ZIENTZIAK:1 HEZKUNTZA:3 FISIKA:1 KIMIKA:1 MATEMATIKA:1 ASTRONOMIA:1 GAI:2 JARRAITU:2 ZURE:5 ETXEAN:1 JASO:3 NAHI:1 DUZU:1 GURI:1 BURUZ:1 NOR:3 GARA:2 POLITIKA:2 VOUS:1 CONTENT:1 YOU:1 WANT:1 CONTINUE:1 YES:1 ITZULPEN:1 FRANCAIS:1 JAITSI:1 ETA:7 GAIXOTASUN:1 TXERTO:1 BAT:2 FROGATU:1 DUTE:1 ORAIN:1 LEHEN:2 DIRA:3 ENTZUN:2 ASTEROKO:2 SARRERA:2 DAGO:1 ESKER:1 DESAGERTU:1 LEPOKO:1 OSASUN:1 ZEIN:1 ADIN:1 EGUZKI:1 KOROA:1 IKUSI:1 PROGRAMA:1 GUZTIAK:1 IRA:1 MAR:1 ABE:1 HONETATIK:1 BALIABIDE:1 ARGAZKI:1 BAITA:1 ERE:1 DAUDE:1 COPYRIGHT:1
https://zientzia.eus/multimedia/kolesterola-jaisteko-txertoa/	ZIENTZIA:3 BIZITZA:3 BIOLOGIA:1 JOAN:5 KLIMA:1 LURRA:1 URA:1 ENERGIA:1 TEKNOLOGIA:3 INGENIARITZA:9 ZIENTZIAK:1 HEZKUNTZA:3 FISIKA:1 KIMIKA:1 MATEMATIKA:1 ASTRONOMIA:1 GAI:2 JARRAITU:2 ZURE:5 ETXEAN:1 JASO:3 NAHI:1 DUZU:1 GURI:1 BURUZ:1 NOR:3 GARA:2 POLITIKA:2 VOUS:1 CONTENT:1 YOU:1 WANT:1 CONTINUE:1 YES:1 ITZULPEN:1 FRANCAIS:1 KOLESTEROL:1 MAILA:1 JAITSI:1 ETA:5 GAIXOTASUN:1 TXERTO:1 BAT:2 DUTE:1 HORRI:1 EMAN:1 DITU:1 ANA:1 ENTZUN:2 ASTEROKO:2 SARRERA:2 TREN:1 BIDAIA:1 ARE:1 EHUN:1 EGUZKI:1 KOROA:1 IKUSI:1 PROGRAMA:1 GUZTIAK:1 IRA:1 MAR:1 ABE:1 HONETATIK:1 DIRA:1 BALIABIDE:1 ARGAZKI:1 BAITA:1 ERE:1 DAUDE:1 COPYRIGHT:1
https://zientzia.eus/multimedia/neurona-sare-bat-txip-batean/	SARE:3 BAT:4 BATEAN:2 ZIENTZIA:3 BIZITZA:3 BIOLOGIA:1 JOAN:5 KLIMA:1 LURRA:1 URA:1 ENERGIA:1 TEKNOLOGIA:3 INGENIARITZA:1 ZIENTZIAK:1 HEZKUNTZA:3 FISIKA:2 KIMIKA:1 MATEMATIKA:2 ASTRONOMIA:1 GAI:2 JARRAITU:2 ZURE:5 ETXEAN:1 JASO:3 NAHI:1 DUZU:1 GURI:1 BURUZ:1 NOR:3 GARA:2 POLITIKA:2 VOUS:1 CONTENT:1 YOU:1 WANT:1 CONTINUE:1 YES:1 ITZULPEN:1 FRANCAIS:1 MIT:1 EGIN:1 DUTE:2 BATEN:3 AHOTS:1 DIRA:2 BAINA:1 HONETAN:1 ARGI:1 SORTU:1 OSO:1 ETA:6 ERE:2 IZAN:1 ENTZUN:2 ASTEROKO:2 SARRERA:2 ADIMEN:3 DORRE:1 EGUZKI:1 KOROA:1 IKUSI:1 PROGRAMA:1 GUZTIAK:1 IRA:1 MAR:1 ABE:1 HONETATIK:1 BALIABIDE:1 ARGAZKI:1 BAITA:1 DAUDE:1 COPYRIGHT:1
https://zientzia.eus/multimedia/ihomo-sapiensi-zaharrenak-marokon/	HOMO:3 ZIENTZIA:3 BIZITZA:3 BIOLOGIA:1 JOAN:5 KLIMA:1 LURRA:1 URA:1 ENERGIA:1 TEKNOLOGIA:3 INGENIARITZA:1 ZIENTZIAK:1 HEZKUNTZA:3 FISIKA:2 KIMIKA:1 MATEMATIKA:1 ASTRONOMIA:2 GAI:2 JARRAITU:2 ZURE:5 ETXEAN:1 JASO:3 NAHI:1 DUZU:1 GURI:1 BURUZ:1 NOR:3 GARA:2 POLITIKA:2 VOUS:1 CONTENT:1 YOU:1 WANT:1 CONTINUE:1 YES:1 ITZULPEN:1 FRANCAIS:1 AURKITU:1 DITUZTE:1 GURE:1 ETA:8 DUTE:1 FOSIL:1 ENTZUN:2 ASTEROKO:2 SARRERA:2 ARGAZKIA:1 BESTE:1 KONTU:1 ZITUZTEN:1 EHIZTARI:1 ZIREN:1 BAT:1 EGUZKI:1 KOROA:1 IKUSI:1 PROGRAMA:1 GUZTIAK:1 IRA:1 MAR:1 ABE:1 HONETATIK:1 DIRA:1 BALIABIDE:1 ARGAZKI:1 BAITA:1 ERE:1 DAUDE:1 COPYRIGHT:1
https://zientzia.eus/multimedia/gizakien-lehen-arbasoak-europan-sortu-ziren/	LEHEN:2 SORTU:2 ZIREN:3 ZIENTZIA:3 BIZITZA:3 BIOLOGIA:1 JOAN:5 KLIMA:1 LURRA:1 URA:1 ENERGIA:1 TEKNOLOGIA:3 INGENIARITZA:1 ZIENTZIAK:1 HEZKUNTZA:3 FISIKA:2 KIMIKA:1 MATEMATIKA:1 ASTRONOMIA:2 GAI:2 JARRAITU:2 ZURE:5 ETXEAN:1 JASO:3 NAHI:1 DUZU:1 GURI:1 BURUZ:1 NOR:3 GARA:2 POLITIKA:2 VOUS:1 CONTENT:1 YOU:1 WANT:1 CONTINUE:1 YES:1 ITZULPEN:1 FRANCAIS:1 DUELA:1 URTE:1 BIZI:1 ZEN:1 BATEN:1 ONDORIOZTATU:1 DUTE:1 BAINO:1 LEHENAGO:1 BANATU:1 ADARRA:1 ETA:8 BANAKETA:1 HORI:1 GERTATU:1 ENTZUN:2 ASTEROKO:2 SARRERA:2 ARGAZKIA:1 BESTE:1 KONTU:1 ZITUZTEN:1 EHIZTARI:1 BAT:1 EGUZKI:1 KOROA:1 IKUSI:1 PROGRAMA:1 GUZTIAK:1 IRA:1 MAR:1 ABE:1 HONETATIK:1 DIRA:1 BALIABIDE:1 ARGAZKI:1 BAITA:1 ERE:1 DAUDE:1 COPYRIGHT:1
https://zientzia.eus/multimedia/erlatibitate-orokorra-izar-urrun-batean/	IZAR:3 BATEAN:2 ZIENTZIA:3 BIZITZA:4 BIOLOGIA:1 JOAN:5 KLIMA:1 LURRA:1 URA:1 ENERGIA:1 TEKNOLOGIA:3 INGENIARITZA:1 ZIENTZIAK:2 HEZKUNTZA:3 FISIKA:1 KIMIKA:1 MATEMATIKA:1 ASTRONOMIA:1 GAI:2 JARRAITU:2 ZURE:5 ETXEAN:1 JASO:3 NAHI:1 DUZU:1 GURI:1 BURUZ:1 NOR:3 GARA:2 POLITIKA:2 VOUS:1 CONTENT:1 YOU:1 WANT:1 CONTINUE:1 YES:1 ITZULPEN:1 FRANCAIS:1 ERAKUTSI:1 DUTE:2 BATEN:1 STEIN:1 NANO:1 HORI:1 MASA:1 AHAL:1 IZAN:1 ENTZUN:2 ETA:5 ASTEROKO:2 SARRERA:2 EUSKAL:1 HORRELA:1 KOROA:2 AZKEN:1 BAT:1 EGUZKI:1 IKUSI:1 PROGRAMA:1 GUZTIAK:1 IRA:1 MAR:1 ABE:1 HONETATIK:1 DIRA:1 BALIABIDE:1 ARGAZKI:1 BAITA:1 ERE:1 DAUDE:1 COPYRIGHT:1
https://zientzia.eus/multimedia/beldarrak-eta-behiak/	ETA:8 ZIENTZIA:3 BIZITZA:3 BIOLOGIA:1 JOAN:5 KLIMA:1 LURRA:1 URA:1 ENERGIA:1 TEKNOLOGIA:3 INGENIARITZA:1 ZIENTZIAK:1 HEZKUNTZA:3 FISIKA:1 KIMIKA:1 MATEMATIKA:1 ASTRONOMIA:1 GAI:2 JARRAITU:2 ZURE:5 ETXEAN:1 JASO:3 NAHI:1 DUZU:1 GURI:1 BURUZ:1 NOR:3 GARA:2 POLITIKA:2 VOUS:1 CONTENT:1 YOU:1 WANT:1 CONTINUE:1 YES:1 ITZULPEN:1 FRANCAIS:1 DIRA:2 ESAN:1 ZUEN:1 HAMMER:1 DUTE:1 ANIMALIA:1 BAT:2 BEHAR:1 DEZATEN:1 ENTZUN:2 ASTEROKO:2 SARRERA:2 AIRE:1 BURMUIN:1 NAZIOARTEKO:1 EGUNA:1 SCIENCE:1 REN:1 EGUZKI:1 KOROA:1 IKUSI:1 PROGRAMA:1 GUZTIAK:1 IRA:1 MAR:1 ABE:1 HONETATIK:1 BALIABIDE:1 ARGAZKI:1 BAITA:1 ERE:1 DAUDE:1 COPYRIGHT:1
https://zientzia.eus/multimedia/caf-elhuyar-sariak-ekitaldia/	ZIENTZIA:4 BIZITZA:3 BIOLOGIA:7 JOAN:5 KLIMA:1 LURRA:1 URA:1 ENERGIA:1 TEKNOLOGIA:4 INGENIARITZA:1 ZIENTZIAK:2 HEZKUNTZA:3 FISIKA:1 KIMIKA:1 MATEMATIKA:1 ASTRONOMIA:1 GAI:2 JARRAITU:2 ZURE:5 ETXEAN:1 JASO:3 NAHI:1 DUZU:1 GURI:1 BURUZ:1 NOR:3 GARA:2 POLITIKA:2 VOUS:1 CONTENT:1 YOU:1 WANT:1 CONTINUE:1 YES:1 ITZULPEN:1 FRANCAIS:1 BANATU:1 ZIREN:1 BEZALA:1 ETA:5 EGITEN:1 LANA:1 IZAN:1 DUTE:1 HELBURU:1 ENTZUN:2 ASTEROKO:2 SARRERA:2 ESKER:1 AHAL:1 IZANGO:1 DUGU:1 GIRO:1 BAT:1 EGUZKI:1 KOROA:1 IKUSI:1 PROGRAMA:1 GUZTIAK:1 IRA:1 MAR:1 ABE:1 HONETATIK:1 DIRA:1 BALIABIDE:1 ARGAZKI:1 BAITA:1 ERE:1 DAUDE:1 COPYRIGHT:1
https://zientzia.eus/multimedia/plastikoa-jaten-duten-harrak/	ZIENTZIA:3 BIZITZA:3 BIOLOGIA:1 JOAN:5 KLIMA:1 LURRA:4 URA:2 ENERGIA:1 TEKNOLOGIA:3 INGENIARITZA:1 ZIENTZIAK:1 HEZKUNTZA:3 FISIKA:1 KIMIKA:1 MATEMATIKA:1 ASTRONOMIA:1 GAI:2 JARRAITU:2 ZURE:5 ETXEAN:1 JASO:3 NAHI:1 DUZU:1 GURI:1 BURUZ:1 NOR:3 GARA:2 POLITIKA:2 VOUS:1 CONTENT:1 YOU:1 WANT:1 CONTINUE:1 YES:1 ITZULPEN:1 FRANCAIS:1 ESKER:1 JAKIN:1 DUTE:1 HAR:1 BATEK:1 DUELA:1 ENTZUN:2 ETA:5 ASTEROKO:2 SARRERA:2 GOI:1 MENDIKO:1 ARI:1 DIRA:2 MENDIETAN:1 ARGAZKIA:1 BAT:1 EGUZKI:1 KOROA:1 IKUSI:1 PROGRAMA:1 GUZTIAK:1 IRA:1 MAR:1 ABE:1 HONETATIK:1 BALIABIDE:1 ARGAZKI:1 BAITA:1 ERE:1 DAUDE:1 COPYRIGHT:1
https://zientzia.eus/multimedia/lurpeko-urekin-ekoitzitako-elikagaiak-kontsumitzen/	DITU:3 ZIENTZIA:3 BIZITZA:3 BIOLOGIA:1 JOAN:5 KLIMA:1 LURRA:1 URA:2 ENERGIA:1 TEKNOLOGIA:3 INGENIARITZA:1 ZIENTZIAK:1 HEZKUNTZA:3 FISIKA:1 KIMIKA:1 MATEMATIKA:1 ASTRONOMIA:1 GAI:2 JARRAITU:2 ZURE:5 ETXEAN:1 JASO:3 NAHI:1 DUZU:1 GURI:1 BURUZ:1 NOR:3 GARA:2 POLITIKA:2 VOUS:1 CONTENT:1 YOU:1 WANT:1 CONTINUE:1 YES:1 ITZULPEN:1 FRANCAIS:1 ONDORIO:1 HORI:1 ATERA:1 DUTE:1 NAZIOARTEKO:1 URETAN:1 EGIN:1 AZTERKETA:1 BATEAN:1 ENTZUN:2 ETA:5 ASTEROKO:2 SARRERA:2 GOI:1 MENDIKO:1 ARI:1 DIRA:2 MENDIETAN:1 ARGAZKIA:1 BAT:1 EGUZKI:1 KOROA:1 IKUSI:1 PROGRAMA:1 GUZTIAK:1 IRA:1 MAR:1 ABE:1 HONETATIK:1 BALIABIDE:1 ARGAZKI:1 BAITA:1 ERE:1 DAUDE:1 COPYRIGHT:1
https://zientzia.eus/multimedia/emakumeen-ugalketa-aparatua-kutxa-batean/	BATEAN:2 ZIENTZIA:3 BIZITZA:3 BIOLOGIA:4 JOAN:5 KLIMA:1 LURRA:1 URA:1 ENERGIA:1 TEKNOLOGIA:3 INGENIARITZA:1 ZIENTZIAK:1 HEZKUNTZA:3 FISIKA:1 KIMIKA:1 MATEMATIKA:1 ASTRONOMIA:1 GAI:2 JARRAITU:2 ZURE:5 ETXEAN:1 JASO:3 NAHI:1 DUZU:1 GURI:1 BURUZ:1 NOR:3 GARA:2 POLITIKA:2 VOUS:1 CONTENT:1 YOU:1 WANT:1 CONTINUE:1 YES:1 ITZULPEN:1 FRANCAIS:1 BAT:2 DUTE:3 IZENA:1 JARRI:1 DIOTE:1 ETA:8 GAITZAK:1 ENTZUN:2 ASTEROKO:2 SARRERA:2 ZUTEN:1 ALDAKETA:1 IDENTIFIKATU:1 DITUZTE:1 ARIKETA:1 FROGATU:1 PINPILINPAUXA:1 NOLA:1 GURE:1 EGUZKI:1 KOROA:1 IKUSI:1 PROGRAMA:1 GUZTIAK:1 IRA:1 MAR:1 ABE:1 HONETATIK:1 DIRA:1 BALIABIDE:1 ARGAZKI:1 BAITA:1 ERE:1 DAUDE:1 COPYRIGHT:1
https://zientzia.eus/multimedia/dinosauroen-eboluzioaren-hipotesi-berria/	BERRIA:2 ZIENTZIA:3 BIZITZA:3 BIOLOGIA:1 JOAN:5 KLIMA:1 LURRA:1 URA:2 ENERGIA:1 TEKNOLOGIA:3 INGENIARITZA:1 ZIENTZIAK:1 HEZKUNTZA:3 FISIKA:1 KIMIKA:1 MATEMATIKA:1 ASTRONOMIA:1 GAI:2 JARRAITU:2 ZURE:5 ETXEAN:1 JASO:3 NAHI:1 DUZU:1 GURI:1 BURUZ:1 NOR:3 GARA:2 POLITIKA:2 VOUS:1 CONTENT:1 YOU:1 WANT:1 CONTINUE:1 YES:1 ITZULPEN:1 FRANCAIS:1 ZUHAITZ:1 BEHAR:1 DUTE:1 ETA:6 HISTORIA:1 ENTZUN:2 ASTEROKO:2 SARRERA:2 GOI:1 MENDIKO:1 ARI:1 DIRA:2 MENDIETAN:1 ARGAZKIA:1 BAT:1 EGUZKI:1 KOROA:1 IKUSI:1 PROGRAMA:1 GUZTIAK:1 IRA:1 MAR:1 ABE:1 HONETATIK:1 BALIABIDE:1 ARGAZKI:1 BAITA:1 ERE:1 DAUDE:1 COPYRIGHT:1
https://zientzia.eus/multimedia/tearen-zaporearen-bila/	TEAREN:2 BILA:3 ZIENTZIA:3 BIZITZA:3 BIOLOGIA:2 JOAN:5 KLIMA:1 LURRA:1 URA:2 ENERGIA:1 TEKNOLOGIA:3 INGENIARITZA:1 ZIENTZIAK:1 HEZKUNTZA:3 FISIKA:1 KIMIKA:1 MATEMATIKA:1 ASTRONOMIA:1 GAI:2 JARRAITU:2 ZURE:5 ETXEAN:1 JASO:3 NAHI:1 DUZU:1 GURI:1 BURUZ:1 NOR:3 GARA:2 POLITIKA:2 VOUS:1 CONTENT:1 YOU:1 WANT:1 CONTINUE:1 YES:1 ITZULPEN:1 FRANCAIS:1 ZERK:1 DIO:1 TEARI:2 TEA:1 EGITEN:1 ETA:6 ORAIN:1 IKERTZAILE:1 DUTE:1 BESTE:1 ENTZUN:2 ASTEROKO:2 SARRERA:2 GOI:1 MENDIKO:1 ARI:1 DIRA:2 MENDIETAN:1 ARGAZKIA:1 BAT:1 EGUZKI:1 KOROA:1 IKUSI:1 PROGRAMA:1 GUZTIAK:1 IRA:1 MAR:1 ABE:1 HONETATIK:1 BALIABIDE:1 ARGAZKI:1 BAITA:1 ERE:1 DAUDE:1 COPYRIGHT:1
https://zientzia.eus/multimedia/artikoa-ipar-itsasoko-plastikoen-helmuga/	IPAR:2 ZIENTZIA:3 BIZITZA:3 BIOLOGIA:1 JOAN:5 KLIMA:1 LURRA:1 URA:3 ENERGIA:1 TEKNOLOGIA:3 INGENIARITZA:4 ZIENTZIAK:1 HEZKUNTZA:3 FISIKA:1 KIMIKA:1 MATEMATIKA:1 ASTRONOMIA:1 GAI:2 JARRAITU:2 ZURE:5 ETXEAN:1 JASO:3 NAHI:1 DUZU:1 GURI:1 BURUZ:1 NOR:3 GARA:2 POLITIKA:2 VOUS:1 CONTENT:1 YOU:1 WANT:1 CONTINUE:1 YES:1 ITZULPEN:1 FRANCAIS:1 ETA:7 ESTATU:1 ERAKUTSI:1 EGIN:1 BERRI:2 BATEK:1 BEREZIKI:1 ANA:1 EMAN:1 HORREN:1 ENTZUN:2 ASTEROKO:2 SARRERA:2 GOI:1 MENDIKO:1 ARI:1 DIRA:2 MENDIETAN:1 ARGAZKIA:1 BAT:1 EGUZKI:1 KOROA:1 IKUSI:1 PROGRAMA:1 GUZTIAK:1 IRA:1 MAR:1 ABE:1 HONETATIK:1 BALIABIDE:1 ARGAZKI:1 BAITA:1 ERE:1 DAUDE:1 COPYRIGHT:1
https://zientzia.eus/multimedia/masa-negatiboa/	MASA:4 ZIENTZIA:3 BIZITZA:3 BIOLOGIA:1 JOAN:5 KLIMA:1 LURRA:1 URA:1 ENERGIA:1 TEKNOLOGIA:3 INGENIARITZA:9 ZIENTZIAK:1 HEZKUNTZA:3 FISIKA:1 KIMIKA:1 MATEMATIKA:1 ASTRONOMIA:1 GAI:2 JARRAITU:2 ZURE:5 ETXEAN:1 JASO:3 NAHI:1 DUZU:1 GURI:1 BURUZ:1 NOR:3 GARA:2 POLITIKA:2 VOUS:1 CONTENT:1 YOU:1 WANT:1 CONTINUE:1 YES:1 ITZULPEN:1 FRANCAIS:1 ESTATU:1 FISIKARI:1 SORTU:2 DUTE:1 OSO:2 ETA:6 LASER:1 ATOMO:1 EINSTEIN:1 BAT:2 EMAN:1 DIETE:1 ENTZUN:2 ASTEROKO:2 SARRERA:2 TREN:1 BIDAIA:1 ARE:1 EHUN:1 EGUZKI:1 KOROA:1 IKUSI:1 PROGRAMA:1 GUZTIAK:1 IRA:1 MAR:1 ABE:1 HONETATIK:1 DIRA:1 BALIABIDE:1 ARGAZKI:1 BAITA:1 ERE:1 DAUDE:1 COPYRIGHT:1
https://zientzia.eus/multimedia/crispr-teknikaren-patentea/	ZIENTZIA:3 BIZITZA:3 BIOLOGIA:1 JOAN:5 KLIMA:1 LURRA:1 URA:2 ENERGIA:1 TEKNOLOGIA:3 INGENIARITZA:1 ZIENTZIAK:1 HEZKUNTZA:3 FISIKA:1 KIMIKA:1 MATEMATIKA:1 ASTRONOMIA:1 GAI:2 JARRAITU:2 ZURE:5 ETXEAN:1 JASO:3 NAHI:2 DUZU:1 GURI:1 BURUZ:1 NOR:3 GARA:2 POLITIKA:2 VOUS:1 CONTENT:1 YOU:1 WANT:1 CONTINUE:1 YES:1 ITZULPEN:1 FRANCAIS:1 IZAN:1 DAITEKE:1 ETA:7 BAINA:1 GARATU:1 DAUDE:3 HORREK:1 ESAN:1 HAIEK:1 BAKARRIK:1 ERABAKI:1 ENTZUN:2 ASTEROKO:2 SARRERA:2 GOI:1 MENDIKO:1 ARI:1 DIRA:2 MENDIETAN:1 ARGAZKIA:1 BAT:1 EGUZKI:1 KOROA:1 IKUSI:1 PROGRAMA:1 GUZTIAK:1 IRA:1 MAR:1 ABE:1 HONETATIK:1 BALIABIDE:1 ARGAZKI:1 BAITA:1 ERE:1 COPYRIGHT:1
https://zientzia.eus/multimedia/alga-gorrien-fosilak/	ALGA:4 ZIENTZIA:3 BIZITZA:3 BIOLOGIA:1 JOAN:5 KLIMA:1 LURRA:1 URA:1 ENERGIA:1 TEKNOLOGIA:3 INGENIARITZA:1 ZIENTZIAK:1 HEZKUNTZA:3 FISIKA:1 KIMIKA:1 MATEMATIKA:1 ASTRONOMIA:1 GAI:2 JARRAITU:2 ZURE:5 ETXEAN:1 JASO:3 NAHI:1 DUZU:1 GURI:1 BURUZ:1 NOR:3 GARA:2 POLITIKA:2 VOUS:1 CONTENT:1 YOU:1 WANT:1 CONTINUE:1 YES:1 ITZULPEN:1 FRANCAIS:1 AURKITU:1 DITUZTE:1 DUELA:1 DIRUDITE:1 HALA:1 EGITEN:1 ZUTEN:1 LEHEN:1 IZAN:1 LITEZKE:1 BAINA:1 DAUDE:2 ZIREN:1 ENTZUN:2 ETA:4 ASTEROKO:2 SARRERA:2 AIRE:1 BURMUIN:1 NAZIOARTEKO:1 EGUNA:1 SCIENCE:1 REN:1 BAT:1 EGUZKI:1 KOROA:1 IKUSI:1 PROGRAMA:1 GUZTIAK:1 IRA:1 MAR:1 ABE:1 HONETATIK:1 DIRA:1 BALIABIDE:1 ARGAZKI:1 BAITA:1 ERE:1 COPYRIGHT:1
https://zientzia.eus/multimedia/film-bat-dna-bihurtuta/	FILM:3 BAT:5 ZIENTZIA:1 BIZITZA:3 BIOLOGIA:2 JOAN:5 KLIMA:1 LURRA:1 URA:1 ENERGIA:1 TEKNOLOGIA:3 INGENIARITZA:1 ZIENTZIAK:1 HEZKUNTZA:3 FISIKA:1 KIMIKA:1 MATEMATIKA:1 ASTRONOMIA:1 GAI:2 JARRAITU:2 ZURE:5 ETXEAN:1 JASO:3 NAHI:1 DUZU:1 GURI:1 BURUZ:2 NOR:3 GARA:2 POLITIKA:2 VOUS:1 CONTENT:1 YOU:1 WANT:1 CONTINUE:1 YES:1 ITZULPEN:1 FRANCAIS:1 FROGATU:1 DUTE:2 ANAIEN:1 HORRI:1 HITZ:1 EGIN:1 ANA:1 ENTZUN:2 ETA:4 ASTEROKO:2 SARRERA:2 LEHEN:1 ZELULA:1 SORTU:1 ERLOJU:1 NOLA:1 ARI:1 BIZKAR:1 EGUZKI:1 KOROA:1 IKUSI:1 PROGRAMA:1 GUZTIAK:1 IRA:1 MAR:1 ABE:1 HONETATIK:1 DIRA:1 BALIABIDE:1 ARGAZKI:1 BAITA:1 ERE:1 DAUDE:1 COPYRIGHT:1
https://zientzia.eus/multimedia/biziaren-arrasto-zaharrenetakoak-aurkitu-dituzte-i/	AURKITU:3 DITUZTE:3 ITURRI:3 ZIENTZIA:1 BIZITZA:3 BIOLOGIA:5 JOAN:5 KLIMA:1 LURRA:1 URA:1 ENERGIA:1 TEKNOLOGIA:3 INGENIARITZA:1 ZIENTZIAK:2 HEZKUNTZA:3 FISIKA:1 KIMIKA:1 MATEMATIKA:1 ASTRONOMIA:1 GAI:2 JARRAITU:2 ZURE:5 ETXEAN:1 JASO:3 NAHI:1 DUZU:1 GURI:1 BURUZ:1 NOR:3 GARA:2 POLITIKA:2 VOUS:1 CONTENT:1 YOU:1 WANT:1 CONTINUE:1 YES:1 ITZULPEN:1 FRANCAIS:1 EZAGUTZEN:1 LIRATEKE:1 ENTZUN:2 ARANTZA:2 ETA:4 ASTEROKO:2 SARRERA:2 ESKER:1 AHAL:1 IZANGO:1 DUGU:1 GIRO:1 BAT:1 EGUZKI:1 KOROA:1 IKUSI:1 PROGRAMA:1 GUZTIAK:1 IRA:1 MAR:1 ABE:1 HONETATIK:1 DIRA:1 BALIABIDE:1 ARGAZKI:1 BAITA:1 ERE:1 DAUDE:1 COPYRIGHT:1
https://zientzia.eus/multimedia/fukushimako-hondamendiaren-6-urteurrenean/	ZIENTZIA:1 BIZITZA:3 BIOLOGIA:1 JOAN:5 KLIMA:1 LURRA:1 URA:2 ENERGIA:2 TEKNOLOGIA:3 INGENIARITZA:4 ZIENTZIAK:1 HEZKUNTZA:3 FISIKA:1 KIMIKA:1 MATEMATIKA:1 ASTRONOMIA:1 GAI:2 JARRAITU:2 ZURE:5 ETXEAN:1 JASO:3 NAHI:1 DUZU:1 GURI:1 BURUZ:1 NOR:3 GARA:2 POLITIKA:2 VOUS:1 CONTENT:1 YOU:1 WANT:1 CONTINUE:1 YES:1 ITZULPEN:1 FRANCAIS:1 DIRA:3 URTE:1 GERTATU:1 ANA:1 BESTE:1 ENTZUN:2 ETA:5 ASTEROKO:2 SARRERA:2 GOI:1 MENDIKO:1 ARI:1 MENDIETAN:1 ARGAZKIA:1 BAT:1 EGUZKI:1 KOROA:1 IKUSI:1 PROGRAMA:1 GUZTIAK:1 IRA:1 MAR:1 ABE:1 HONETATIK:1 BALIABIDE:1 ARGAZKI:1 BAITA:1 ERE:1 DAUDE:1 COPYRIGHT:1
